perf_id,supplier_id,evaluation_period,otd_rating_pct,quality_pass_rate_pct,defect_ppm,overall_risk_score
PERF_00001,SUP_022,2027-M01,95.49,95.65,529,4.43
PERF_00002,SUP_005,2026-M11,99.17,95.81,313,2.51
PERF_00003,SUP_011,2027-M09,98.74,97.92,306,1.67
PERF_00004,SUP_017,2026-M03,89.03,90.44,746,10.26
PERF_00005,SUP_023,2026-M08,90.23,88.22,355,10.78
PERF_00006,SUP_024,2027-M02,88.11,90.67,742,10.61
PERF_00007,SUP_013,2027-M02,85.28,88.47,1093,13.12
PERF_00008,SUP_003,2027-M06,88.82,93.17,415,9.0
PERF_00009,SUP_018,2026-M02,92.07,96.08,189,5.93
PERF_00010,SUP_002,2027-M08,94.53,94.1,381,5.69
PERF_00011,SUP_021,2027-M10,91.29,99.9,457,4.41
PERF_00012,SUP_015,2026-M05,87.53,95.86,375,8.31
PERF_00013,SUP_009,2026-M12,93.73,90.5,194,7.88
PERF_00014,SUP_020,2026-M12,88.29,93.65,854,9.03
PERF_00015,SUP_011,2026-M05,93.65,95.25,104,5.55
PERF_00016,SUP_004,2026-M05,87.94,92.25,871,9.91
PERF_00017,SUP_005,2026-M04,95.63,91.99,424,6.19
PERF_00018,SUP_011,2026-M12,92.84,94.31,522,6.42
PERF_00019,SUP_013,2027-M10,91.09,94.33,632,7.29
PERF_00020,SUP_007,2026-M04,88.27,93.63,915,9.05
PERF_00021,SUP_022,2026-M09,92.56,95.54,178,5.95
PERF_00022,SUP_022,2026-M09,90.41,98.03,671,5.78
PERF_00023,SUP_022,2026-M01,93.78,98.51,472,3.85
PERF_00024,SUP_009,2026-M11,91.16,96.3,767,6.27
PERF_00025,SUP_022,2027-M02,93.89,99.9,50,3.1
PERF_00026,SUP_017,2026-M09,89.87,91.82,780,9.16
PERF_00027,SUP_016,2027-M03,90.68,88.63,596,10.34
PERF_00028,SUP_011,2027-M02,95.07,99.69,296,2.62
PERF_00029,SUP_006,2027-M01,87.67,92.15,843,10.09
PERF_00030,SUP_020,2026-M04,88.69,90.48,922,10.41
PERF_00031,SUP_010,2026-M06,89.49,95.22,579,7.65
PERF_00032,SUP_024,2026-M06,88.82,92.22,387,9.48
PERF_00033,SUP_021,2027-M07,93.99,96.05,461,4.98
PERF_00034,SUP_005,2027-M03,93.9,92.86,275,6.62
PERF_00035,SUP_004,2026-M01,89.07,91.39,627,9.77
PERF_00036,SUP_013,2027-M07,89.21,96.72,834,7.03
PERF_00037,SUP_016,2027-M01,91.17,93.41,256,7.71
PERF_00038,SUP_015,2026-M11,90.62,93.95,1112,7.72
PERF_00039,SUP_024,2026-M11,89.22,93.95,673,8.41
PERF_00040,SUP_021,2027-M05,89.59,98.26,610,6.07
PERF_00041,SUP_008,2026-M04,93.97,92.13,840,6.95
PERF_00042,SUP_003,2026-M02,85.29,94.47,1138,10.12
PERF_00043,SUP_018,2026-M04,90.73,94.38,439,7.44
PERF_00044,SUP_006,2026-M07,88.59,89.52,673,10.94
PERF_00045,SUP_009,2027-M06,89.91,96.58,276,6.75
PERF_00046,SUP_020,2026-M08,92.35,89.84,755,8.91
PERF_00047,SUP_006,2026-M07,92.54,90.32,705,8.57
PERF_00048,SUP_013,2026-M10,91.92,87.98,836,10.05
PERF_00049,SUP_021,2026-M11,93.88,97.35,212,4.39
PERF_00050,SUP_003,2027-M10,85.54,94.3,759,10.08
PERF_00051,SUP_004,2027-M06,90.85,94.27,523,7.44
PERF_00052,SUP_014,2026-M11,89.0,92.93,637,9.03
PERF_00053,SUP_020,2027-M05,93.3,92.98,581,6.86
PERF_00054,SUP_021,2026-M03,95.07,92.96,617,5.99
PERF_00055,SUP_015,2027-M12,94.18,91.75,812,7.03
PERF_00056,SUP_025,2027-M02,95.24,98.06,779,3.35
PERF_00057,SUP_001,2027-M06,94.46,94.92,142,5.31
PERF_00058,SUP_024,2027-M10,87.35,93.01,748,9.82
PERF_00059,SUP_002,2027-M04,94.23,97.67,442,4.05
PERF_00060,SUP_020,2026-M10,92.06,91.14,1364,8.4
PERF_00061,SUP_013,2027-M02,89.88,89.86,585,10.13
PERF_00062,SUP_023,2026-M04,90.95,92.44,842,8.31
PERF_00063,SUP_008,2026-M02,93.02,94.22,390,6.38
PERF_00064,SUP_007,2026-M01,84.66,91.68,891,11.83
PERF_00065,SUP_024,2026-M08,90.44,90.09,714,9.74
PERF_00066,SUP_012,2027-M01,95.76,94.19,390,5.03
PERF_00067,SUP_005,2027-M09,94.77,93.54,431,5.84
PERF_00068,SUP_006,2026-M03,91.78,96.11,870,6.06
PERF_00069,SUP_007,2026-M11,85.07,90.46,823,12.24
PERF_00070,SUP_001,2027-M01,96.74,98.09,1090,2.59
PERF_00071,SUP_009,2027-M04,94.81,98.24,650,3.47
PERF_00072,SUP_005,2027-M10,96.55,95.61,511,3.92
PERF_00073,SUP_001,2027-M10,92.88,96.21,222,5.46
PERF_00074,SUP_021,2027-M07,93.35,99.9,86,3.38
PERF_00075,SUP_012,2027-M06,96.66,92.37,265,5.48
PERF_00076,SUP_016,2027-M01,93.67,93.76,424,6.28
PERF_00077,SUP_001,2027-M10,93.05,98.5,173,4.22
PERF_00078,SUP_003,2027-M11,90.15,93.11,569,8.37
PERF_00079,SUP_021,2026-M06,99.5,96.98,54,1.76
PERF_00080,SUP_024,2027-M12,90.36,91.55,850,9.05
PERF_00081,SUP_003,2026-M08,87.12,92.71,800,10.09
PERF_00082,SUP_023,2026-M08,92.1,90.0,633,8.95
PERF_00083,SUP_002,2027-M12,91.98,93.97,793,7.03
PERF_00084,SUP_011,2027-M03,95.21,92.85,583,5.97
PERF_00085,SUP_022,2026-M03,99.5,98.58,96,0.96
PERF_00086,SUP_012,2026-M04,93.15,99.57,218,3.64
PERF_00087,SUP_020,2026-M12,89.03,93.74,634,8.62
PERF_00088,SUP_020,2026-M08,87.52,83.7,615,14.39
PERF_00089,SUP_007,2027-M04,88.44,89.68,1046,10.94
PERF_00090,SUP_005,2026-M12,90.31,95.3,386,7.19
PERF_00091,SUP_003,2026-M07,93.82,89.41,932,8.39
PERF_00092,SUP_008,2027-M06,91.63,91.95,652,8.21
PERF_00093,SUP_014,2026-M07,88.9,90.7,793,10.2
PERF_00094,SUP_019,2027-M08,88.34,93.28,832,9.19
PERF_00095,SUP_015,2026-M12,95.46,90.71,1046,6.92
PERF_00096,SUP_010,2027-M02,83.34,92.42,837,12.12
PERF_00097,SUP_018,2026-M05,94.54,94.24,378,5.61
PERF_00098,SUP_023,2026-M07,88.02,91.53,869,10.22
PERF_00099,SUP_017,2026-M11,88.47,89.87,1019,10.83
PERF_00100,SUP_016,2026-M07,91.32,95.63,765,6.53
PERF_00101,SUP_004,2026-M05,87.61,92.0,809,10.19
PERF_00102,SUP_012,2027-M03,96.43,96.35,383,3.61
PERF_00103,SUP_007,2026-M08,93.03,91.32,829,7.83
PERF_00104,SUP_009,2026-M02,92.49,94.86,679,6.33
PERF_00105,SUP_011,2026-M07,96.48,98.03,661,2.75
PERF_00106,SUP_008,2027-M07,91.66,96.1,497,6.12
PERF_00107,SUP_019,2027-M09,90.47,92.67,719,8.43
PERF_00108,SUP_001,2027-M10,96.99,94.75,738,4.13
PERF_00109,SUP_006,2027-M02,87.08,90.36,891,11.28
PERF_00110,SUP_011,2027-M08,96.37,97.56,525,3.03
PERF_00111,SUP_005,2027-M02,94.56,94.16,375,5.64
PERF_00112,SUP_013,2026-M11,85.97,94.44,770,9.8
PERF_00113,SUP_001,2027-M07,92.72,96.0,402,5.64
PERF_00114,SUP_008,2027-M04,89.91,92.34,608,8.88
PERF_00115,SUP_007,2026-M02,89.93,91.53,625,9.27
PERF_00116,SUP_002,2026-M04,94.1,91.98,158,6.96
PERF_00117,SUP_014,2026-M07,86.14,91.67,842,11.1
PERF_00118,SUP_018,2027-M06,98.13,97.94,388,1.97
PERF_00119,SUP_003,2027-M04,89.44,90.49,696,10.03
PERF_00120,SUP_016,2026-M05,89.53,94.41,474,8.03
PERF_00121,SUP_022,2026-M05,95.56,99.83,378,2.31
PERF_00122,SUP_001,2026-M03,96.41,98.53,239,2.53
PERF_00123,SUP_001,2027-M09,95.87,96.83,339,3.65
PERF_00124,SUP_024,2026-M07,87.48,93.26,779,9.63
PERF_00125,SUP_006,2027-M05,94.45,95.8,1090,4.88
PERF_00126,SUP_008,2026-M03,89.3,96.58,596,7.06
PERF_00127,SUP_003,2026-M03,96.07,90.98,532,6.47
PERF_00128,SUP_001,2026-M07,93.4,91.49,214,7.56
PERF_00129,SUP_020,2027-M03,85.42,92.18,888,11.2
PERF_00130,SUP_010,2027-M04,94.83,95.18,604,5.0
PERF_00131,SUP_005,2027-M11,91.9,97.63,95,5.24
PERF_00132,SUP_025,2027-M08,99.49,98.95,306,0.78
PERF_00133,SUP_012,2027-M02,89.46,99.78,337,5.38
PERF_00134,SUP_023,2026-M10,93.21,89.01,580,8.89
PERF_00135,SUP_014,2027-M09,88.32,92.32,689,9.68
PERF_00136,SUP_019,2027-M09,91.37,90.33,671,9.15
PERF_00137,SUP_010,2027-M04,89.56,94.09,862,8.17
PERF_00138,SUP_023,2026-M03,86.13,89.16,955,12.36
PERF_00139,SUP_008,2027-M11,92.6,92.53,870,7.44
PERF_00140,SUP_002,2027-M03,93.75,98.55,453,3.85
PERF_00141,SUP_005,2026-M01,99.5,99.9,310,0.3
PERF_00142,SUP_014,2026-M04,91.21,93.81,1053,7.49
PERF_00143,SUP_001,2026-M06,92.31,98.52,531,4.59
PERF_00144,SUP_017,2026-M08,82.12,88.64,432,14.62
PERF_00145,SUP_009,2027-M07,92.29,97.19,760,5.26
PERF_00146,SUP_014,2027-M09,88.52,96.27,503,7.61
PERF_00147,SUP_001,2027-M01,90.09,96.66,396,6.62
PERF_00148,SUP_021,2027-M10,93.0,90.23,442,8.38
PERF_00149,SUP_004,2027-M01,86.19,95.07,733,9.37
PERF_00150,SUP_024,2026-M09,86.98,91.92,468,10.55
PERF_00151,SUP_023,2027-M06,89.31,95.39,502,7.65
PERF_00152,SUP_007,2026-M04,90.71,91.47,561,8.91
PERF_00153,SUP_006,2026-M07,89.78,90.81,549,9.7
PERF_00154,SUP_002,2027-M01,89.81,99.9,447,5.14
PERF_00155,SUP_017,2026-M03,85.3,92.13,817,11.28
PERF_00156,SUP_006,2026-M11,89.44,94.94,811,7.81
PERF_00157,SUP_024,2027-M05,88.21,91.76,624,10.02
PERF_00158,SUP_016,2027-M05,83.49,89.81,913,13.35
PERF_00159,SUP_004,2027-M09,95.03,92.78,775,6.09
PERF_00160,SUP_021,2026-M03,94.03,99.9,683,3.03
PERF_00161,SUP_022,2026-M02,93.62,93.61,78,6.38
PERF_00162,SUP_005,2026-M11,95.21,94.51,75,5.14
PERF_00163,SUP_006,2027-M04,88.16,90.7,997,10.57
PERF_00164,SUP_002,2027-M02,96.04,95.58,735,4.19
PERF_00165,SUP_021,2026-M04,93.33,93.25,764,6.71
PERF_00166,SUP_005,2026-M05,96.22,93.81,321,4.98
PERF_00167,SUP_013,2026-M02,85.37,88.54,985,13.04
PERF_00168,SUP_022,2027-M02,99.5,92.5,512,4.0
PERF_00169,SUP_023,2026-M04,87.55,91.78,581,10.34
PERF_00170,SUP_010,2027-M12,86.61,92.92,553,10.24
PERF_00171,SUP_006,2026-M09,90.91,93.27,612,7.91
PERF_00172,SUP_011,2027-M06,91.28,94.56,551,7.08
PERF_00173,SUP_014,2026-M09,89.8,89.76,799,10.22
PERF_00174,SUP_003,2026-M10,91.75,88.83,808,9.71
PERF_00175,SUP_011,2027-M12,92.01,97.43,247,5.28
PERF_00176,SUP_017,2026-M06,81.99,87.53,849,15.24
PERF_00177,SUP_008,2026-M03,92.38,92.14,687,7.74
PERF_00178,SUP_007,2027-M11,84.22,92.63,477,11.58
PERF_00179,SUP_018,2026-M10,91.74,95.92,247,6.17
PERF_00180,SUP_006,2027-M06,88.95,95.92,544,7.56
PERF_00181,SUP_015,2026-M07,93.21,90.98,725,7.91
PERF_00182,SUP_008,2026-M07,95.92,88.22,400,7.93
PERF_00183,SUP_001,2027-M03,96.93,96.29,394,3.39
PERF_00184,SUP_015,2026-M07,88.89,94.02,588,8.55
PERF_00185,SUP_015,2026-M12,94.2,94.44,687,5.68
PERF_00186,SUP_007,2026-M10,87.96,91.58,633,10.23
PERF_00187,SUP_016,2026-M09,91.58,92.55,697,7.94
PERF_00188,SUP_015,2026-M09,96.93,95.98,554,3.54
PERF_00189,SUP_013,2026-M10,91.6,90.98,392,8.71
PERF_00190,SUP_001,2026-M05,92.18,92.12,249,7.85
PERF_00191,SUP_007,2026-M01,89.26,96.99,785,6.88
PERF_00192,SUP_012,2026-M12,93.94,98.47,50,3.8
PERF_00193,SUP_021,2026-M10,93.81,97.33,164,4.43
PERF_00194,SUP_023,2026-M03,92.93,93.85,616,6.61
PERF_00195,SUP_005,2026-M04,96.5,99.9,396,1.8
PERF_00196,SUP_006,2026-M10,90.84,92.25,490,8.45
PERF_00197,SUP_005,2027-M05,97.09,94.26,374,4.32
PERF_00198,SUP_007,2026-M11,87.77,94.0,786,9.12
PERF_00199,SUP_025,2027-M09,97.11,94.72,346,4.09
PERF_00200,SUP_020,2027-M09,84.76,90.69,895,12.28
PERF_00201,SUP_009,2027-M01,95.37,93.09,633,5.77
PERF_00202,SUP_003,2026-M02,93.57,94.03,1075,6.2
PERF_00203,SUP_022,2027-M02,91.68,92.89,50,7.72
PERF_00204,SUP_001,2027-M09,99.5,98.44,308,1.03
PERF_00205,SUP_004,2026-M09,90.94,90.59,1149,9.24
PERF_00206,SUP_002,2026-M08,93.79,95.87,585,5.17
PERF_00207,SUP_008,2027-M01,93.04,94.96,401,6.0
PERF_00208,SUP_016,2027-M02,91.81,98.31,909,4.94
PERF_00209,SUP_019,2027-M11,94.28,91.72,502,7.0
PERF_00210,SUP_004,2026-M05,89.72,93.54,878,8.37
PERF_00211,SUP_008,2026-M12,86.52,98.22,528,7.63
PERF_00212,SUP_022,2027-M03,92.72,93.47,69,6.91
PERF_00213,SUP_019,2026-M04,91.97,93.18,442,7.42
PERF_00214,SUP_001,2026-M01,91.31,95.96,653,6.37
PERF_00215,SUP_021,2026-M07,92.32,91.64,410,8.02
PERF_00216,SUP_007,2026-M04,88.38,86.06,709,12.78
PERF_00217,SUP_013,2027-M03,87.31,93.74,1169,9.47
PERF_00218,SUP_023,2026-M12,92.88,92.33,478,7.4
PERF_00219,SUP_023,2027-M12,97.22,93.15,702,4.81
PERF_00220,SUP_020,2026-M01,87.63,92.3,791,10.03
PERF_00221,SUP_013,2026-M06,86.28,90.63,793,11.55
PERF_00222,SUP_002,2027-M04,91.77,93.82,461,7.21
PERF_00223,SUP_001,2027-M07,94.44,99.9,50,2.83
PERF_00224,SUP_024,2027-M05,93.07,96.32,265,5.31
PERF_00225,SUP_013,2027-M03,86.97,91.07,518,10.98
PERF_00226,SUP_022,2027-M07,91.67,93.22,750,7.56
PERF_00227,SUP_011,2026-M03,96.81,99.18,544,2.0
PERF_00228,SUP_010,2026-M07,85.81,91.49,817,11.35
PERF_00229,SUP_023,2026-M03,85.83,94.78,651,9.69
PERF_00230,SUP_013,2026-M12,86.88,93.78,888,9.67
PERF_00231,SUP_023,2027-M05,88.42,95.9,483,7.84
PERF_00232,SUP_012,2026-M11,96.45,97.88,298,2.84
PERF_00233,SUP_024,2027-M04,90.78,90.07,864,9.58
PERF_00234,SUP_022,2027-M03,93.45,94.69,609,5.93
PERF_00235,SUP_012,2026-M10,92.49,92.88,50,7.31
PERF_00236,SUP_009,2027-M06,94.92,92.2,810,6.44
PERF_00237,SUP_004,2027-M09,83.85,97.64,702,9.25
PERF_00238,SUP_024,2027-M01,89.51,91.84,759,9.32
PERF_00239,SUP_002,2027-M10,93.29,98.36,462,4.17
PERF_00240,SUP_015,2026-M03,91.15,92.89,608,7.98
PERF_00241,SUP_016,2026-M06,91.32,89.32,370,9.68
PERF_00242,SUP_024,2026-M03,92.03,93.63,643,7.17
PERF_00243,SUP_012,2027-M02,94.66,97.27,252,4.03
PERF_00244,SUP_014,2026-M07,85.97,92.69,584,10.67
PERF_00245,SUP_019,2027-M02,90.72,88.74,905,10.27
PERF_00246,SUP_006,2027-M03,91.52,94.04,856,7.22
PERF_00247,SUP_020,2026-M12,92.7,94.34,451,6.48
PERF_00248,SUP_009,2027-M09,89.26,93.84,465,8.45
PERF_00249,SUP_020,2026-M07,89.25,89.99,857,10.38
PERF_00250,SUP_002,2026-M10,91.13,94.07,158,7.4
PERF_00251,SUP_002,2027-M10,90.63,92.22,244,8.58
PERF_00252,SUP_014,2027-M12,91.46,89.83,1306,9.36
PERF_00253,SUP_010,2027-M06,90.68,93.26,548,8.03
PERF_00254,SUP_015,2026-M03,92.8,92.36,644,7.42
PERF_00255,SUP_001,2026-M05,99.5,96.56,549,1.97
PERF_00256,SUP_016,2027-M12,88.29,93.51,994,9.1
PERF_00257,SUP_001,2026-M09,93.32,99.9,461,3.39
PERF_00258,SUP_020,2026-M07,86.01,93.38,1014,10.31
PERF_00259,SUP_022,2027-M12,95.87,92.07,254,6.03
PERF_00260,SUP_019,2027-M01,88.76,92.81,824,9.22
PERF_00261,SUP_022,2026-M09,94.53,92.66,476,6.41
PERF_00262,SUP_004,2026-M04,91.93,94.8,876,6.63
PERF_00263,SUP_016,2027-M04,92.9,94.75,625,6.17
PERF_00264,SUP_021,2026-M09,88.12,96.47,501,7.7
PERF_00265,SUP_010,2027-M08,90.01,89.61,503,10.19
PERF_00266,SUP_009,2026-M02,96.26,95.3,596,4.22
PERF_00267,SUP_004,2026-M08,90.18,93.47,847,8.17
PERF_00268,SUP_013,2026-M03,86.45,92.24,707,10.66
PERF_00269,SUP_014,2026-M02,87.0,91.43,824,10.78
PERF_00270,SUP_015,2026-M11,89.26,96.94,441,6.9
PERF_00271,SUP_019,2027-M08,88.94,91.9,989,9.58
PERF_00272,SUP_004,2026-M04,90.69,95.98,362,6.66
PERF_00273,SUP_001,2026-M02,96.0,99.02,336,2.49
PERF_00274,SUP_023,2027-M11,92.7,91.71,981,7.8
PERF_00275,SUP_001,2026-M03,99.5,95.89,230,2.31
PERF_00276,SUP_005,2027-M12,98.96,99.9,255,0.57
PERF_00277,SUP_018,2026-M07,92.44,95.1,151,6.23
PERF_00278,SUP_021,2027-M03,90.34,92.89,306,8.38
PERF_00279,SUP_002,2026-M05,93.3,96.19,750,5.25
PERF_00280,SUP_012,2027-M12,91.6,98.86,317,4.77
PERF_00281,SUP_014,2026-M06,88.15,93.89,555,8.98
PERF_00282,SUP_002,2026-M05,94.55,96.02,538,4.72
PERF_00283,SUP_023,2027-M06,90.37,99.14,572,5.25
PERF_00284,SUP_008,2026-M12,90.01,92.84,448,8.57
PERF_00285,SUP_013,2026-M05,86.09,94.97,1084,9.47
PERF_00286,SUP_021,2026-M02,91.39,93.32,554,7.65
PERF_00287,SUP_010,2026-M08,87.54,94.38,760,9.04
PERF_00288,SUP_023,2027-M05,84.95,96.87,1059,9.09
PERF_00289,SUP_019,2027-M09,87.66,92.03,757,10.16
PERF_00290,SUP_012,2026-M02,95.6,98.05,762,3.18
PERF_00291,SUP_002,2026-M11,92.87,93.6,164,6.76
PERF_00292,SUP_009,2026-M03,90.91,95.32,818,6.89
PERF_00293,SUP_008,2026-M03,90.05,94.96,556,7.5
PERF_00294,SUP_013,2026-M11,91.57,98.32,693,5.06
PERF_00295,SUP_017,2027-M11,85.93,94.21,976,9.93
PERF_00296,SUP_015,2026-M04,96.24,95.26,548,4.25
PERF_00297,SUP_005,2026-M02,96.37,99.17,524,2.23
PERF_00298,SUP_012,2026-M02,96.12,99.07,593,2.41
PERF_00299,SUP_004,2026-M05,94.25,95.02,626,5.37
PERF_00300,SUP_005,2027-M10,95.04,99.42,196,2.77
PERF_00301,SUP_007,2026-M05,90.31,91.82,725,8.94
PERF_00302,SUP_016,2026-M03,94.24,94.08,649,5.84
PERF_00303,SUP_024,2026-M08,85.72,95.07,809,9.61
PERF_00304,SUP_005,2026-M01,99.5,95.63,403,2.44
PERF_00305,SUP_020,2026-M02,88.45,95.74,800,7.91
PERF_00306,SUP_025,2026-M10,94.84,97.52,437,3.82
PERF_00307,SUP_013,2027-M01,86.66,92.49,1014,10.43
PERF_00308,SUP_023,2026-M04,86.42,93.33,559,10.12
PERF_00309,SUP_005,2027-M08,98.19,92.59,248,4.61
PERF_00310,SUP_013,2026-M08,89.13,95.91,786,7.48
PERF_00311,SUP_003,2026-M03,87.83,97.7,410,7.24
PERF_00312,SUP_012,2027-M01,88.0,97.5,259,7.25
PERF_00313,SUP_019,2027-M04,86.44,94.77,748,9.4
PERF_00314,SUP_004,2027-M11,88.41,90.2,834,10.69
PERF_00315,SUP_016,2027-M11,92.35,93.35,1009,7.15
PERF_00316,SUP_003,2027-M02,86.29,89.19,561,12.26
PERF_00317,SUP_005,2027-M02,94.46,97.01,311,4.27
PERF_00318,SUP_016,2027-M06,91.46,90.47,928,9.03
PERF_00319,SUP_005,2026-M03,94.35,99.19,428,3.23
PERF_00320,SUP_009,2026-M12,94.47,96.82,549,4.36
PERF_00321,SUP_021,2027-M01,95.03,98.72,499,3.12
PERF_00322,SUP_015,2027-M12,92.83,93.58,908,6.8
PERF_00323,SUP_010,2027-M11,87.17,97.3,711,7.76
PERF_00324,SUP_015,2026-M11,86.41,94.12,483,9.74
PERF_00325,SUP_002,2026-M06,95.92,93.97,350,5.06
PERF_00326,SUP_013,2026-M04,82.33,90.87,315,13.4
PERF_00327,SUP_022,2026-M12,89.25,97.9,557,6.42
PERF_00328,SUP_017,2027-M02,88.68,89.18,830,11.07
PERF_00329,SUP_004,2027-M06,90.09,90.5,960,9.7
PERF_00330,SUP_021,2027-M01,95.73,94.85,465,4.71
PERF_00331,SUP_003,2027-M12,90.13,87.9,650,10.98
PERF_00332,SUP_008,2026-M10,89.55,91.9,503,9.28
PERF_00333,SUP_015,2026-M03,96.09,95.4,505,4.25
PERF_00334,SUP_016,2027-M01,92.12,97.1,824,5.39
PERF_00335,SUP_021,2026-M03,93.28,93.78,599,6.47
PERF_00336,SUP_022,2026-M07,95.18,98.24,527,3.29
PERF_00337,SUP_015,2027-M07,93.85,92.46,883,6.84
PERF_00338,SUP_018,2027-M06,94.29,99.9,282,2.91
PERF_00339,SUP_025,2027-M12,99.21,96.49,269,2.15
PERF_00340,SUP_014,2027-M03,86.85,91.4,864,10.88
PERF_00341,SUP_010,2026-M09,90.77,91.37,715,8.93
PERF_00342,SUP_019,2026-M12,95.93,97.32,787,3.38
PERF_00343,SUP_020,2027-M04,87.81,92.1,942,10.05
PERF_00344,SUP_007,2027-M03,86.13,92.16,386,10.86
PERF_00345,SUP_018,2027-M02,94.9,97.42,323,3.84
PERF_00346,SUP_022,2026-M06,98.72,92.94,107,4.17
PERF_00347,SUP_013,2026-M12,88.67,94.62,1136,8.35
PERF_00348,SUP_023,2027-M07,88.12,95.7,692,8.09
PERF_00349,SUP_004,2026-M04,89.58,95.61,790,7.41
PERF_00350,SUP_016,2027-M08,85.67,97.29,916,8.52
PERF_00351,SUP_020,2027-M01,85.82,92.79,918,10.69
PERF_00352,SUP_007,2027-M07,89.98,91.42,585,9.3
PERF_00353,SUP_003,2026-M03,89.42,95.93,808,7.32
PERF_00354,SUP_016,2027-M08,89.29,95.53,70,7.59
PERF_00355,SUP_006,2027-M09,93.55,89.05,587,8.7
PERF_00356,SUP_007,2027-M11,85.84,89.56,952,12.3
PERF_00357,SUP_018,2027-M05,92.3,96.67,410,5.52
PERF_00358,SUP_017,2026-M08,88.83,91.79,583,9.69
PERF_00359,SUP_009,2026-M01,96.09,94.17,148,4.87
PERF_00360,SUP_022,2026-M06,92.72,99.75,570,3.77
PERF_00361,SUP_022,2027-M09,92.95,95.13,335,5.96
PERF_00362,SUP_012,2027-M05,99.5,97.35,446,1.58
PERF_00363,SUP_013,2026-M06,91.09,92.6,748,8.16
PERF_00364,SUP_014,2026-M07,87.71,92.02,772,10.14
PERF_00365,SUP_018,2026-M01,95.88,95.93,566,4.09
PERF_00366,SUP_017,2027-M01,87.16,91.8,440,10.52
PERF_00367,SUP_020,2026-M06,90.45,92.67,1019,8.44
PERF_00368,SUP_015,2026-M08,82.01,99.02,592,9.48
PERF_00369,SUP_005,2026-M04,97.92,93.8,482,4.14
PERF_00370,SUP_001,2027-M10,92.04,95.24,702,6.36
PERF_00371,SUP_025,2027-M05,93.43,96.54,574,5.01
PERF_00372,SUP_015,2026-M08,92.19,94.18,692,6.81
PERF_00373,SUP_016,2027-M03,97.61,93.46,680,4.47
PERF_00374,SUP_010,2026-M06,92.35,95.56,957,6.05
PERF_00375,SUP_021,2026-M10,95.02,92.54,786,6.22
PERF_00376,SUP_010,2026-M08,85.76,93.56,569,10.34
PERF_00377,SUP_011,2027-M02,93.81,96.82,464,4.69
PERF_00378,SUP_010,2027-M05,90.47,96.83,810,6.35
PERF_00379,SUP_001,2027-M04,94.47,99.21,557,3.16
PERF_00380,SUP_017,2027-M07,83.72,93.09,980,11.6
PERF_00381,SUP_009,2026-M02,92.21,98.84,429,4.47
PERF_00382,SUP_013,2026-M05,88.38,91.57,803,10.03
PERF_00383,SUP_015,2027-M07,87.41,90.2,938,11.19
PERF_00384,SUP_008,2026-M02,89.06,91.92,129,9.51
PERF_00385,SUP_011,2027-M03,92.08,92.69,728,7.62
PERF_00386,SUP_020,2027-M01,90.73,90.08,1270,9.59
PERF_00387,SUP_010,2026-M08,92.15,91.99,220,7.93
PERF_00388,SUP_018,2027-M06,99.5,92.33,90,4.09
PERF_00389,SUP_015,2026-M07,93.77,99.9,896,3.16
PERF_00390,SUP_007,2026-M10,90.89,94.29,890,7.41
PERF_00391,SUP_023,2027-M01,91.78,93.7,720,7.26
PERF_00392,SUP_006,2026-M06,89.91,91.52,603,9.28
PERF_00393,SUP_010,2027-M11,84.12,92.55,522,11.66
PERF_00394,SUP_013,2026-M09,84.69,92.45,1078,11.43
PERF_00395,SUP_009,2026-M05,95.85,91.47,262,6.34
PERF_00396,SUP_018,2027-M03,96.52,93.34,375,5.07
PERF_00397,SUP_025,2026-M06,95.65,93.58,421,5.38
PERF_00398,SUP_006,2026-M08,86.1,91.9,723,11.0
PERF_00399,SUP_004,2027-M12,85.32,94.5,656,10.09
PERF_00400,SUP_021,2026-M07,94.76,95.96,732,4.64
PERF_00401,SUP_001,2026-M09,95.58,95.73,344,4.34
PERF_00402,SUP_001,2026-M01,96.83,96.92,328,3.12
PERF_00403,SUP_021,2026-M11,90.99,93.74,179,7.64
PERF_00404,SUP_003,2026-M06,94.75,89.89,561,7.68
PERF_00405,SUP_024,2027-M08,87.64,95.44,621,8.46
PERF_00406,SUP_009,2027-M05,96.84,93.72,515,4.72
PERF_00407,SUP_014,2027-M08,85.79,97.56,542,8.32
PERF_00408,SUP_007,2026-M11,90.13,94.38,802,7.75
PERF_00409,SUP_001,2026-M10,94.64,96.48,328,4.44
PERF_00410,SUP_020,2026-M12,87.26,94.21,1262,9.26
PERF_00411,SUP_007,2027-M02,87.53,89.38,702,11.55
PERF_00412,SUP_021,2026-M10,99.5,93.39,787,3.56
PERF_00413,SUP_002,2026-M08,98.43,94.22,553,3.67
PERF_00414,SUP_025,2026-M12,98.89,95.05,359,3.03
PERF_00415,SUP_006,2027-M03,88.35,90.86,530,10.4
PERF_00416,SUP_002,2026-M07,89.73,95.69,286,7.29
PERF_00417,SUP_022,2027-M09,94.7,92.11,466,6.59
PERF_00418,SUP_006,2026-M01,92.6,88.42,734,9.49
PERF_00419,SUP_007,2027-M02,92.88,89.78,1054,8.67
PERF_00420,SUP_021,2027-M12,94.36,93.64,448,6.0
PERF_00421,SUP_003,2026-M08,91.17,93.19,807,7.82
PERF_00422,SUP_013,2026-M05,85.24,92.42,517,11.17
PERF_00423,SUP_013,2026-M08,87.67,89.74,652,11.3
PERF_00424,SUP_019,2027-M06,93.21,95.73,821,5.53
PERF_00425,SUP_008,2027-M05,88.32,93.61,802,9.03
PERF_00426,SUP_009,2027-M11,93.53,99.9,538,3.28
PERF_00427,SUP_006,2026-M10,90.68,92.63,686,8.34
PERF_00428,SUP_018,2026-M03,93.24,97.57,611,4.59
PERF_00429,SUP_005,2026-M02,92.24,93.07,50,7.34
PERF_00430,SUP_001,2027-M06,96.72,94.04,50,4.62
PERF_00431,SUP_020,2026-M12,88.87,98.03,818,6.55
PERF_00432,SUP_009,2026-M03,95.62,95.6,440,4.39
PERF_00433,SUP_008,2026-M12,94.36,93.67,613,5.98
PERF_00434,SUP_005,2027-M02,95.57,94.73,558,4.85
PERF_00435,SUP_005,2026-M06,94.08,94.51,467,5.7
PERF_00436,SUP_017,2027-M07,84.7,91.67,838,11.81
PERF_00437,SUP_023,2027-M05,92.76,94.19,694,6.53
PERF_00438,SUP_003,2026-M01,91.95,96.48,811,5.78
PERF_00439,SUP_018,2026-M12,93.73,92.52,206,6.88
PERF_00440,SUP_002,2026-M02,92.48,94.08,402,6.72
PERF_00441,SUP_002,2027-M12,93.57,96.92,425,4.75
PERF_00442,SUP_020,2026-M04,89.16,91.96,424,9.44
PERF_00443,SUP_024,2027-M08,86.98,92.84,438,10.09
PERF_00444,SUP_016,2027-M01,92.2,97.43,883,5.19
PERF_00445,SUP_011,2027-M03,93.36,99.73,429,3.45
PERF_00446,SUP_020,2026-M10,86.69,90.27,759,11.52
PERF_00447,SUP_004,2026-M02,88.94,93.83,692,8.62
PERF_00448,SUP_012,2026-M02,94.61,97.49,598,3.95
PERF_00449,SUP_007,2026-M04,92.05,89.09,209,9.43
PERF_00450,SUP_019,2027-M04,92.3,89.58,655,9.06
PERF_00451,SUP_024,2026-M03,86.29,88.7,788,12.5
PERF_00452,SUP_025,2026-M03,96.28,94.56,50,4.58
PERF_00453,SUP_004,2027-M12,88.46,94.38,364,8.58
PERF_00454,SUP_015,2027-M09,91.25,93.76,735,7.5
PERF_00455,SUP_001,2027-M06,95.56,94.37,559,5.03
PERF_00456,SUP_016,2027-M06,89.92,93.53,453,8.28
PERF_00457,SUP_024,2026-M05,88.47,90.99,645,10.27
PERF_00458,SUP_005,2026-M08,99.5,92.97,50,3.77
PERF_00459,SUP_017,2026-M11,91.81,91.08,706,8.56
PERF_00460,SUP_011,2026-M10,97.12,94.49,765,4.19
PERF_00461,SUP_016,2027-M02,92.43,92.38,1071,7.59
PERF_00462,SUP_021,2027-M05,91.28,97.26,519,5.73
PERF_00463,SUP_009,2027-M03,97.01,99.3,466,1.84
PERF_00464,SUP_013,2027-M04,85.74,93.15,664,10.56
PERF_00465,SUP_011,2026-M02,99.5,96.34,326,2.08
PERF_00466,SUP_023,2027-M09,90.05,89.63,505,10.16
PERF_00467,SUP_013,2026-M07,91.6,90.36,590,9.02
PERF_00468,SUP_009,2026-M09,94.71,98.36,603,3.47
PERF_00469,SUP_015,2026-M01,93.69,91.91,335,7.2
PERF_00470,SUP_019,2026-M09,94.0,92.19,649,6.91
PERF_00471,SUP_010,2026-M10,93.18,94.19,811,6.31
PERF_00472,SUP_006,2027-M04,96.6,91.79,845,5.81
PERF_00473,SUP_009,2026-M02,93.27,96.07,765,5.33
PERF_00474,SUP_016,2027-M01,91.92,94.95,854,6.56
PERF_00475,SUP_014,2026-M09,87.21,90.1,571,11.34
PERF_00476,SUP_010,2026-M10,83.3,97.94,499,9.38
PERF_00477,SUP_004,2026-M02,89.44,92.71,721,8.93
PERF_00478,SUP_013,2026-M04,90.45,94.15,683,7.7
PERF_00479,SUP_019,2026-M06,89.0,93.71,650,8.65
PERF_00480,SUP_002,2027-M05,98.22,96.83,586,2.47
PERF_00481,SUP_021,2026-M10,95.09,98.33,496,3.29
PERF_00482,SUP_025,2026-M03,90.11,97.0,269,6.44
PERF_00483,SUP_023,2026-M05,87.91,94.47,947,8.81
PERF_00484,SUP_005,2026-M05,94.66,97.17,700,4.09
PERF_00485,SUP_002,2027-M11,94.12,99.9,553,2.99
PERF_00486,SUP_008,2027-M12,86.32,96.28,636,8.7
PERF_00487,SUP_018,2027-M04,97.57,97.48,392,2.47
PERF_00488,SUP_022,2027-M02,90.33,95.48,229,7.09
PERF_00489,SUP_015,2026-M07,88.96,95.27,953,7.89
PERF_00490,SUP_022,2027-M06,95.18,93.01,488,5.91
PERF_00491,SUP_024,2026-M10,93.39,91.68,653,7.47
PERF_00492,SUP_005,2027-M07,94.64,94.44,489,5.46
PERF_00493,SUP_024,2026-M03,89.44,94.25,502,8.16
PERF_00494,SUP_017,2026-M10,86.09,93.41,765,10.25
PERF_00495,SUP_013,2026-M04,93.18,91.0,844,7.91
PERF_00496,SUP_005,2026-M05,97.4,92.85,50,4.88
PERF_00497,SUP_008,2027-M07,87.02,97.56,449,7.71
PERF_00498,SUP_004,2027-M05,97.77,91.99,696,5.12
PERF_00499,SUP_005,2026-M10,99.23,99.9,772,0.44
PERF_00500,SUP_024,2026-M12,93.43,95.76,798,5.41
PERF_00501,SUP_022,2027-M12,96.34,94.62,236,4.52
PERF_00502,SUP_004,2027-M12,90.09,92.97,569,8.47
PERF_00503,SUP_010,2027-M12,91.29,95.19,737,6.76
PERF_00504,SUP_002,2027-M12,97.83,92.75,401,4.71
PERF_00505,SUP_014,2026-M12,86.15,87.53,763,13.16
PERF_00506,SUP_008,2026-M10,91.23,98.18,686,5.29
PERF_00507,SUP_002,2026-M06,90.33,99.9,684,4.88
PERF_00508,SUP_020,2026-M06,89.45,91.23,628,9.66
PERF_00509,SUP_013,2027-M01,86.88,94.72,1176,9.2
PERF_00510,SUP_016,2027-M10,95.03,92.38,416,6.3
PERF_00511,SUP_007,2026-M04,89.62,88.38,784,11.0
PERF_00512,SUP_014,2027-M03,87.86,91.03,461,10.56
PERF_00513,SUP_018,2027-M09,95.24,94.47,186,5.15
PERF_00514,SUP_012,2026-M01,85.98,96.33,714,8.84
PERF_00515,SUP_010,2026-M07,94.18,91.66,599,7.08
PERF_00516,SUP_016,2026-M09,91.81,91.1,700,8.55
PERF_00517,SUP_010,2026-M08,91.5,95.87,699,6.31
PERF_00518,SUP_003,2027-M12,88.89,90.81,534,10.15
PERF_00519,SUP_020,2027-M03,87.02,92.72,1002,10.13
PERF_00520,SUP_023,2026-M12,87.09,96.73,645,8.09
PERF_00521,SUP_009,2026-M05,93.04,93.53,50,6.72
PERF_00522,SUP_008,2027-M07,94.25,96.24,503,4.75
PERF_00523,SUP_015,2026-M05,90.9,95.09,307,7.0
PERF_00524,SUP_017,2026-M01,85.81,93.59,589,10.3
PERF_00525,SUP_004,2027-M11,90.98,90.01,753,9.5
PERF_00526,SUP_024,2027-M06,89.69,89.16,912,10.58
PERF_00527,SUP_016,2026-M01,88.2,91.57,680,10.12
PERF_00528,SUP_011,2027-M12,97.45,93.46,412,4.55
PERF_00529,SUP_006,2027-M05,91.39,95.13,695,6.74
PERF_00530,SUP_009,2026-M12,92.0,93.33,477,7.34
PERF_00531,SUP_008,2027-M10,88.38,87.1,647,12.26
PERF_00532,SUP_003,2026-M04,92.21,87.09,498,10.35
PERF_00533,SUP_012,2027-M05,96.46,99.9,364,1.82
PERF_00534,SUP_015,2026-M02,88.52,93.34,894,9.07
PERF_00535,SUP_015,2027-M08,88.76,91.8,523,9.72
PERF_00536,SUP_003,2027-M10,86.64,93.31,1024,10.03
PERF_00537,SUP_022,2026-M09,94.97,95.37,341,4.83
PERF_00538,SUP_018,2027-M11,89.01,98.01,404,6.49
PERF_00539,SUP_004,2027-M11,89.56,99.9,719,5.27
PERF_00540,SUP_022,2026-M07,91.74,94.93,629,6.66
PERF_00541,SUP_020,2027-M05,88.04,88.2,1003,11.88
PERF_00542,SUP_006,2027-M07,88.1,98.08,876,6.91
PERF_00543,SUP_017,2026-M03,86.06,94.8,853,9.57
PERF_00544,SUP_021,2026-M01,95.66,96.61,290,3.87
PERF_00545,SUP_024,2027-M05,87.87,95.77,613,8.18
PERF_00546,SUP_013,2026-M02,86.79,89.61,884,11.8
PERF_00547,SUP_010,2026-M09,95.39,90.13,724,7.24
PERF_00548,SUP_021,2026-M04,97.34,95.2,550,3.73
PERF_00549,SUP_012,2027-M07,91.41,97.47,322,5.56
PERF_00550,SUP_008,2027-M05,94.56,97.37,1077,4.03
PERF_00551,SUP_011,2026-M02,95.74,96.81,438,3.72
PERF_00552,SUP_019,2027-M06,88.44,93.85,640,8.86
PERF_00553,SUP_003,2027-M05,90.01,96.29,498,6.85
PERF_00554,SUP_003,2026-M09,92.92,96.29,676,5.39
PERF_00555,SUP_019,2027-M01,83.13,91.48,959,12.69
PERF_00556,SUP_023,2027-M07,89.43,90.5,599,10.03
PERF_00557,SUP_014,2026-M09,90.82,93.57,732,7.81
PERF_00558,SUP_021,2026-M12,92.0,94.42,275,6.79
PERF_00559,SUP_007,2026-M08,94.05,91.99,963,6.98
PERF_00560,SUP_024,2027-M03,94.36,95.7,593,4.97
PERF_00561,SUP_004,2027-M12,91.31,93.34,479,7.67
PERF_00562,SUP_011,2027-M07,94.97,93.05,637,5.99
PERF_00563,SUP_016,2027-M12,89.01,94.1,696,8.44
PERF_00564,SUP_009,2026-M08,92.32,96.87,365,5.41
PERF_00565,SUP_008,2026-M07,94.21,91.04,585,7.38
PERF_00566,SUP_010,2026-M07,95.02,90.3,584,7.34
PERF_00567,SUP_009,2026-M03,94.64,95.85,530,4.75
PERF_00568,SUP_004,2027-M09,91.57,94.99,881,6.72
PERF_00569,SUP_017,2026-M06,88.63,91.0,974,10.19
PERF_00570,SUP_021,2027-M12,98.8,95.07,265,3.06
PERF_00571,SUP_012,2027-M09,97.92,96.1,50,2.99
PERF_00572,SUP_004,2026-M09,92.64,92.06,641,7.65
PERF_00573,SUP_018,2027-M01,94.7,96.28,561,4.51
PERF_00574,SUP_024,2027-M11,88.49,94.48,628,8.52
PERF_00575,SUP_009,2026-M01,95.32,96.94,272,3.87
PERF_00576,SUP_005,2026-M06,97.86,95.06,521,3.54
PERF_00577,SUP_019,2026-M09,90.6,97.6,655,5.9
PERF_00578,SUP_021,2027-M05,92.05,95.35,399,6.3
PERF_00579,SUP_008,2026-M02,94.0,90.36,349,7.82
PERF_00580,SUP_023,2026-M05,86.3,95.38,1042,9.16
PERF_00581,SUP_021,2026-M05,92.79,94.98,474,6.11
PERF_00582,SUP_001,2027-M12,98.69,94.48,367,3.41
PERF_00583,SUP_010,2027-M05,92.13,94.05,757,6.91
PERF_00584,SUP_015,2026-M06,93.7,87.04,755,9.63
PERF_00585,SUP_017,2027-M03,85.44,87.02,942,13.77
PERF_00586,SUP_010,2027-M10,93.32,92.46,910,7.11
PERF_00587,SUP_008,2027-M09,96.44,97.69,887,2.94
PERF_00588,SUP_020,2026-M10,89.93,91.99,499,9.04
PERF_00589,SUP_007,2027-M11,88.46,90.69,1154,10.43
PERF_00590,SUP_012,2027-M06,94.07,96.71,470,4.61
PERF_00591,SUP_013,2026-M05,88.13,96.24,675,7.81
PERF_00592,SUP_004,2026-M08,90.68,91.54,395,8.89
PERF_00593,SUP_021,2026-M04,91.26,95.31,374,6.72
PERF_00594,SUP_018,2027-M09,91.62,92.28,403,8.05
PERF_00595,SUP_009,2026-M03,88.59,97.3,476,7.06
PERF_00596,SUP_023,2027-M06,85.13,92.23,549,11.32
PERF_00597,SUP_002,2027-M12,94.36,98.95,64,3.34
PERF_00598,SUP_016,2026-M04,90.75,93.2,774,8.03
PERF_00599,SUP_021,2027-M03,93.74,93.52,396,6.37
PERF_00600,SUP_018,2026-M02,91.31,98.49,424,5.1
PERF_00601,SUP_019,2027-M06,95.2,92.85,558,5.97
PERF_00602,SUP_018,2027-M01,89.16,91.29,103,9.78
PERF_00603,SUP_012,2027-M07,95.4,97.67,50,3.47
PERF_00604,SUP_017,2026-M12,90.09,90.39,869,9.76
PERF_00605,SUP_010,2026-M03,94.04,95.04,666,5.46
PERF_00606,SUP_016,2026-M07,87.73,88.22,496,12.03
PERF_00607,SUP_006,2026-M07,89.47,90.93,633,9.8
PERF_00608,SUP_010,2027-M09,89.43,92.24,589,9.16
PERF_00609,SUP_006,2026-M11,90.61,94.5,441,7.44
PERF_00610,SUP_004,2026-M07,94.33,93.15,663,6.26
PERF_00611,SUP_017,2027-M02,89.52,92.18,1030,9.15
PERF_00612,SUP_004,2027-M03,90.96,91.87,732,8.59
PERF_00613,SUP_011,2027-M09,90.57,96.27,393,6.58
PERF_00614,SUP_011,2027-M02,93.38,95.68,50,5.47
PERF_00615,SUP_011,2026-M03,92.35,96.23,431,5.71
PERF_00616,SUP_015,2026-M07,87.62,96.96,446,7.71
PERF_00617,SUP_021,2027-M10,96.01,96.47,330,3.76
PERF_00618,SUP_020,2026-M09,93.03,88.82,1003,9.08
PERF_00619,SUP_006,2027-M01,93.1,91.72,938,7.59
PERF_00620,SUP_005,2027-M12,93.85,97.12,412,4.52
PERF_00621,SUP_002,2027-M09,93.0,97.63,598,4.69
PERF_00622,SUP_021,2027-M09,87.85,98.66,127,6.75
PERF_00623,SUP_014,2026-M04,91.4,95.02,561,6.79
PERF_00624,SUP_019,2026-M10,88.27,90.24,657,10.75
PERF_00625,SUP_024,2026-M08,88.88,95.15,942,7.98
PERF_00626,SUP_009,2027-M05,97.29,93.99,418,4.36
PERF_00627,SUP_012,2026-M06,89.55,94.39,552,8.03
PERF_00628,SUP_001,2026-M12,99.5,93.71,201,3.4
PERF_00629,SUP_017,2026-M09,87.32,92.3,678,10.19
PERF_00630,SUP_015,2027-M12,91.97,92.62,617,7.7
PERF_00631,SUP_023,2027-M09,91.14,93.02,612,7.92
PERF_00632,SUP_001,2027-M06,94.87,96.58,245,4.28
PERF_00633,SUP_011,2026-M10,93.22,99.9,512,3.44
PERF_00634,SUP_024,2026-M03,88.91,94.94,613,8.08
PERF_00635,SUP_022,2026-M05,97.52,96.92,378,2.78
PERF_00636,SUP_010,2027-M11,90.54,88.87,494,10.29
PERF_00637,SUP_009,2027-M04,89.52,95.76,806,7.36
PERF_00638,SUP_017,2027-M06,94.09,93.2,940,6.35
PERF_00639,SUP_010,2026-M07,83.8,91.44,562,12.38
PERF_00640,SUP_002,2026-M01,91.54,95.18,345,6.64
PERF_00641,SUP_022,2027-M10,88.06,97.87,185,7.03
PERF_00642,SUP_011,2027-M11,94.72,99.9,216,2.69
PERF_00643,SUP_001,2027-M03,87.61,96.08,540,8.16
PERF_00644,SUP_021,2026-M07,98.98,92.33,559,4.34
PERF_00645,SUP_011,2026-M07,92.6,95.74,928,5.83
PERF_00646,SUP_011,2026-M07,89.49,96.63,493,6.94
PERF_00647,SUP_006,2026-M09,93.36,93.64,721,6.5
PERF_00648,SUP_010,2026-M09,88.03,93.47,651,9.25
PERF_00649,SUP_020,2026-M05,89.56,90.88,895,9.78
PERF_00650,SUP_019,2027-M10,89.41,95.82,689,7.39
PERF_00651,SUP_024,2026-M11,84.48,96.35,498,9.59
PERF_00652,SUP_022,2027-M04,92.04,94.51,674,6.72
PERF_00653,SUP_020,2027-M03,81.29,99.64,1031,9.53
PERF_00654,SUP_018,2027-M01,94.37,95.66,477,4.98
PERF_00655,SUP_021,2026-M04,94.66,97.01,571,4.16
PERF_00656,SUP_005,2027-M06,94.87,95.91,329,4.61
PERF_00657,SUP_025,2027-M01,93.42,98.83,518,3.88
PERF_00658,SUP_001,2026-M02,86.38,98.44,358,7.59
PERF_00659,SUP_007,2026-M09,89.14,91.83,944,9.52
PERF_00660,SUP_005,2027-M12,97.44,94.47,441,4.05
PERF_00661,SUP_006,2027-M09,87.19,89.95,534,11.43
PERF_00662,SUP_006,2026-M12,92.69,95.78,762,5.76
PERF_00663,SUP_013,2026-M05,90.18,93.29,671,8.26
PERF_00664,SUP_009,2027-M01,94.4,97.4,610,4.1
PERF_00665,SUP_023,2027-M12,93.07,94.77,770,6.08
PERF_00666,SUP_016,2027-M04,93.61,93.53,463,6.43
PERF_00667,SUP_011,2026-M03,93.51,94.14,264,6.17
PERF_00668,SUP_013,2027-M01,87.57,90.02,738,11.21
PERF_00669,SUP_023,2027-M02,83.82,93.53,700,11.33
PERF_00670,SUP_008,2026-M01,89.15,96.05,747,7.4
PERF_00671,SUP_008,2026-M03,86.78,92.49,406,10.37
PERF_00672,SUP_016,2027-M10,87.58,95.67,601,8.38
PERF_00673,SUP_005,2026-M04,93.81,91.39,487,7.4
PERF_00674,SUP_004,2027-M02,86.38,93.55,715,10.03
PERF_00675,SUP_006,2027-M11,94.18,90.13,56,7.84
PERF_00676,SUP_010,2027-M12,89.75,97.3,967,6.47
PERF_00677,SUP_024,2026-M09,90.43,91.97,841,8.8
PERF_00678,SUP_006,2026-M03,87.18,94.59,761,9.11
PERF_00679,SUP_014,2027-M12,91.48,99.1,858,4.71
PERF_00680,SUP_022,2027-M07,92.47,95.94,50,5.8
PERF_00681,SUP_013,2026-M03,85.92,90.98,695,11.55
PERF_00682,SUP_022,2027-M03,94.46,93.94,624,5.8
PERF_00683,SUP_014,2026-M02,88.3,92.18,714,9.76
PERF_00684,SUP_001,2026-M01,95.67,98.86,146,2.73
PERF_00685,SUP_021,2026-M10,91.13,94.64,190,7.12
PERF_00686,SUP_002,2027-M11,90.94,94.41,614,7.33
PERF_00687,SUP_018,2027-M12,94.49,96.28,590,4.62
PERF_00688,SUP_007,2027-M07,88.79,93.78,699,8.72
PERF_00689,SUP_007,2027-M02,90.0,91.34,232,9.33
PERF_00690,SUP_022,2027-M01,93.6,99.56,585,3.42
PERF_00691,SUP_022,2027-M02,96.9,99.09,417,2.0
PERF_00692,SUP_013,2027-M01,88.59,90.46,736,10.47
PERF_00693,SUP_025,2026-M05,95.85,99.01,372,2.57
PERF_00694,SUP_013,2026-M02,86.65,92.0,920,10.67
PERF_00695,SUP_017,2027-M08,83.07,85.86,729,15.53
PERF_00696,SUP_011,2027-M11,90.34,94.73,370,7.47
PERF_00697,SUP_011,2027-M06,92.64,99.63,465,3.87
PERF_00698,SUP_017,2027-M11,88.3,93.16,612,9.27
PERF_00699,SUP_007,2027-M09,92.32,92.61,854,7.53
PERF_00700,SUP_016,2026-M04,87.18,89.72,803,11.55
PERF_00701,SUP_002,2026-M07,94.53,93.34,266,6.06
PERF_00702,SUP_011,2027-M09,97.38,93.03,728,4.8
PERF_00703,SUP_011,2027-M06,91.3,97.6,334,5.55
PERF_00704,SUP_009,2026-M12,94.91,94.04,427,5.53
PERF_00705,SUP_007,2027-M04,89.32,90.29,868,10.19
PERF_00706,SUP_016,2027-M09,88.86,93.03,441,9.06
PERF_00707,SUP_019,2027-M04,81.81,92.52,1182,12.84
PERF_00708,SUP_008,2026-M10,93.95,94.35,507,5.85
PERF_00709,SUP_004,2027-M03,90.17,94.77,423,7.53
PERF_00710,SUP_010,2026-M01,92.54,94.59,863,6.44
PERF_00711,SUP_009,2027-M04,94.42,95.45,594,5.06
PERF_00712,SUP_003,2026-M12,91.28,92.11,585,8.31
PERF_00713,SUP_020,2026-M05,88.01,95.67,572,8.16
PERF_00714,SUP_019,2026-M04,85.1,93.41,710,10.75
PERF_00715,SUP_005,2027-M11,95.12,97.01,315,3.94
PERF_00716,SUP_004,2026-M08,94.57,89.4,494,8.02
PERF_00717,SUP_023,2026-M12,89.19,88.89,664,10.96
PERF_00718,SUP_017,2027-M06,92.38,91.65,886,7.98
PERF_00719,SUP_016,2026-M01,86.62,92.06,564,10.66
PERF_00720,SUP_009,2026-M07,92.15,98.6,571,4.62
PERF_00721,SUP_005,2026-M02,91.27,97.02,459,5.86
PERF_00722,SUP_018,2026-M01,97.12,99.75,216,1.56
PERF_00723,SUP_023,2026-M09,87.07,89.86,653,11.53
PERF_00724,SUP_014,2027-M05,89.7,94.67,764,7.81
PERF_00725,SUP_024,2027-M07,88.84,93.58,512,8.79
PERF_00726,SUP_020,2026-M02,93.97,87.78,856,9.12
PERF_00727,SUP_002,2027-M07,99.47,95.62,401,2.45
PERF_00728,SUP_017,2027-M06,86.33,91.15,1114,11.26
PERF_00729,SUP_021,2027-M02,86.46,99.23,175,7.16
PERF_00730,SUP_011,2027-M02,93.2,94.93,517,5.94
PERF_00731,SUP_016,2026-M07,85.61,94.76,1044,9.81
PERF_00732,SUP_007,2027-M12,85.11,93.27,587,10.81
PERF_00733,SUP_009,2027-M09,94.38,95.45,331,5.09
PERF_00734,SUP_012,2027-M07,96.06,99.9,321,2.02
PERF_00735,SUP_017,2027-M10,89.56,88.37,648,11.03
PERF_00736,SUP_009,2026-M02,94.52,99.11,531,3.19
PERF_00737,SUP_024,2027-M11,88.86,93.2,429,8.97
PERF_00738,SUP_016,2026-M04,92.21,95.81,549,5.99
PERF_00739,SUP_025,2027-M11,92.59,96.66,312,5.38
PERF_00740,SUP_015,2026-M11,90.5,99.05,570,5.22
PERF_00741,SUP_023,2026-M06,88.42,91.38,848,10.1
PERF_00742,SUP_010,2027-M03,88.66,91.18,984,10.08
PERF_00743,SUP_024,2027-M02,94.06,91.7,306,7.12
PERF_00744,SUP_020,2026-M08,90.72,90.09,978,9.59
PERF_00745,SUP_018,2027-M08,87.79,98.03,177,7.09
PERF_00746,SUP_011,2026-M01,96.19,96.04,209,3.88
PERF_00747,SUP_005,2026-M01,93.38,98.12,381,4.25
PERF_00748,SUP_001,2026-M11,96.95,99.9,50,1.57
PERF_00749,SUP_006,2027-M07,94.95,93.66,480,5.69
PERF_00750,SUP_011,2027-M01,90.01,95.53,584,7.23
PERF_00751,SUP_009,2026-M06,92.72,99.18,169,4.05
PERF_00752,SUP_013,2027-M09,87.96,88.87,872,11.59
PERF_00753,SUP_006,2026-M10,92.76,92.35,139,7.44
PERF_00754,SUP_022,2026-M11,94.6,97.09,480,4.16
PERF_00755,SUP_018,2027-M02,97.41,93.12,556,4.73
PERF_00756,SUP_004,2026-M07,93.68,88.95,723,8.69
PERF_00757,SUP_009,2027-M03,91.59,95.2,529,6.6
PERF_00758,SUP_013,2026-M03,86.54,90.31,806,11.57
PERF_00759,SUP_011,2026-M10,90.74,93.29,535,7.98
PERF_00760,SUP_001,2026-M01,91.75,98.47,412,4.89
PERF_00761,SUP_004,2026-M06,84.92,91.71,898,11.69
PERF_00762,SUP_017,2027-M05,84.46,90.44,932,12.55
PERF_00763,SUP_001,2026-M03,97.55,96.17,200,3.14
PERF_00764,SUP_010,2026-M08,93.47,97.15,915,4.69
PERF_00765,SUP_010,2026-M04,89.46,90.78,553,9.88
PERF_00766,SUP_018,2027-M10,95.27,96.85,700,3.94
PERF_00767,SUP_006,2026-M10,92.05,89.64,870,9.16
PERF_00768,SUP_012,2026-M07,91.61,95.44,410,6.47
PERF_00769,SUP_018,2027-M05,99.5,99.9,541,0.3
PERF_00770,SUP_001,2027-M01,94.65,98.14,497,3.6
PERF_00771,SUP_015,2027-M04,89.74,98.29,666,5.98
PERF_00772,SUP_005,2026-M06,96.09,98.06,444,2.92
PERF_00773,SUP_010,2026-M07,91.72,91.26,608,8.51
PERF_00774,SUP_008,2027-M07,88.3,95.5,715,8.1
PERF_00775,SUP_001,2027-M01,96.57,99.9,318,1.77
PERF_00776,SUP_019,2026-M11,91.51,90.27,622,9.11
PERF_00777,SUP_024,2026-M10,91.89,95.32,621,6.4
PERF_00778,SUP_021,2026-M06,92.89,91.61,388,7.75
PERF_00779,SUP_006,2026-M08,92.77,94.84,760,6.19
PERF_00780,SUP_004,2026-M01,90.25,93.42,527,8.16
PERF_00781,SUP_003,2026-M06,91.6,94.05,798,7.18
PERF_00782,SUP_024,2026-M11,88.22,87.82,899,11.98
PERF_00783,SUP_003,2026-M05,88.06,90.84,838,10.55
PERF_00784,SUP_018,2026-M08,92.52,98.45,543,4.52
PERF_00785,SUP_008,2027-M04,93.65,90.99,802,7.68
PERF_00786,SUP_001,2027-M11,95.98,95.88,348,4.07
PERF_00787,SUP_015,2027-M08,85.37,94.82,414,9.91
PERF_00788,SUP_002,2026-M02,89.34,91.79,662,9.44
PERF_00789,SUP_007,2026-M02,87.31,96.63,612,8.03
PERF_00790,SUP_006,2026-M06,84.98,90.61,907,12.2
PERF_00791,SUP_009,2027-M09,92.63,94.03,492,6.67
PERF_00792,SUP_006,2027-M03,91.61,96.19,949,6.1
PERF_00793,SUP_019,2027-M11,88.42,89.68,617,10.95
PERF_00794,SUP_007,2026-M04,89.98,90.39,528,9.81
PERF_00795,SUP_013,2027-M01,89.03,91.88,806,9.55
PERF_00796,SUP_008,2027-M12,89.32,93.82,375,8.43
PERF_00797,SUP_023,2026-M05,92.17,95.59,330,6.12
PERF_00798,SUP_009,2026-M03,90.31,91.66,329,9.02
PERF_00799,SUP_017,2026-M01,87.15,87.98,655,12.44
PERF_00800,SUP_017,2026-M03,84.39,92.12,853,11.75
PERF_00801,SUP_025,2026-M09,91.83,96.44,290,5.87
PERF_00802,SUP_016,2027-M10,89.59,97.78,908,6.31
PERF_00803,SUP_024,2027-M06,85.9,95.27,842,9.41
PERF_00804,SUP_024,2026-M10,86.36,95.25,987,9.19
PERF_00805,SUP_024,2026-M03,86.43,90.91,883,11.33
PERF_00806,SUP_012,2026-M05,95.41,97.78,428,3.41
PERF_00807,SUP_008,2026-M12,92.77,91.08,769,8.08
PERF_00808,SUP_017,2027-M06,90.91,91.03,831,9.03
PERF_00809,SUP_005,2027-M12,90.01,97.69,474,6.15
PERF_00810,SUP_017,2026-M01,87.21,94.41,773,9.19
PERF_00811,SUP_023,2027-M11,91.19,90.45,695,9.18
PERF_00812,SUP_007,2026-M03,88.68,93.36,646,8.98
PERF_00813,SUP_005,2027-M12,94.21,98.47,272,3.66
PERF_00814,SUP_009,2026-M07,88.28,99.77,736,5.97
PERF_00815,SUP_017,2027-M04,83.52,93.32,739,11.58
PERF_00816,SUP_002,2026-M03,94.19,96.34,393,4.73
PERF_00817,SUP_015,2027-M01,88.35,92.07,436,9.79
PERF_00818,SUP_020,2026-M07,85.2,91.63,676,11.59
PERF_00819,SUP_004,2026-M10,92.15,97.12,543,5.36
PERF_00820,SUP_001,2026-M05,95.92,98.05,414,3.02
PERF_00821,SUP_015,2027-M06,90.93,95.66,716,6.7
PERF_00822,SUP_009,2027-M08,89.39,97.57,637,6.52
PERF_00823,SUP_024,2026-M03,87.51,93.29,816,9.6
PERF_00824,SUP_020,2026-M05,87.07,94.48,1292,9.22
PERF_00825,SUP_019,2026-M07,87.14,89.55,760,11.66
PERF_00826,SUP_007,2027-M04,91.36,92.22,1010,8.21
PERF_00827,SUP_006,2027-M07,86.08,95.13,538,9.4
PERF_00828,SUP_015,2026-M10,95.86,98.78,466,2.68
PERF_00829,SUP_012,2027-M10,92.95,98.55,282,4.25
PERF_00830,SUP_020,2026-M08,87.56,91.86,436,10.29
PERF_00831,SUP_012,2026-M12,94.56,94.68,261,5.38
PERF_00832,SUP_001,2027-M11,99.5,93.66,482,3.42
PERF_00833,SUP_021,2027-M02,92.26,94.7,618,6.52
PERF_00834,SUP_005,2027-M07,95.62,97.83,553,3.28
PERF_00835,SUP_010,2026-M05,88.21,91.27,502,10.26
PERF_00836,SUP_024,2026-M02,87.32,99.9,928,6.39
PERF_00837,SUP_009,2027-M09,89.05,92.09,556,9.43
PERF_00838,SUP_016,2027-M02,92.04,94.97,589,6.5
PERF_00839,SUP_007,2026-M08,88.82,93.62,737,8.78
PERF_00840,SUP_001,2026-M03,88.54,96.23,149,7.61
PERF_00841,SUP_003,2026-M06,90.03,99.9,773,5.03
PERF_00842,SUP_001,2026-M11,94.26,99.1,416,3.32
PERF_00843,SUP_004,2026-M09,91.36,94.92,1071,6.86
PERF_00844,SUP_009,2027-M11,89.71,96.58,274,6.86
PERF_00845,SUP_022,2027-M09,95.67,93.7,316,5.31
PERF_00846,SUP_023,2027-M07,88.61,95.44,883,7.97
PERF_00847,SUP_017,2026-M09,83.66,91.74,698,12.3
PERF_00848,SUP_005,2027-M03,90.82,95.86,298,6.66
PERF_00849,SUP_016,2027-M06,97.68,94.68,364,3.82
PERF_00850,SUP_018,2026-M12,92.01,98.35,837,4.82
PERF_00851,SUP_015,2026-M03,85.94,89.1,994,12.48
PERF_00852,SUP_001,2026-M04,96.37,94.63,426,4.5
PERF_00853,SUP_005,2027-M03,86.69,96.41,425,8.45
PERF_00854,SUP_025,2026-M07,96.77,93.47,417,4.88
PERF_00855,SUP_019,2027-M04,86.72,93.64,520,9.82
PERF_00856,SUP_018,2027-M02,92.48,93.31,550,7.1
PERF_00857,SUP_009,2026-M11,95.68,94.81,467,4.75
PERF_00858,SUP_004,2027-M01,85.75,92.65,649,10.8
PERF_00859,SUP_016,2027-M06,98.26,90.82,932,5.46
PERF_00860,SUP_017,2026-M12,90.39,92.3,1191,8.66
PERF_00861,SUP_024,2026-M01,90.92,94.17,669,7.45
PERF_00862,SUP_012,2027-M10,98.27,99.14,234,1.3
PERF_00863,SUP_004,2027-M05,86.14,92.89,499,10.48
PERF_00864,SUP_001,2027-M08,95.01,99.89,228,2.55
PERF_00865,SUP_015,2026-M02,90.57,93.95,789,7.74
PERF_00866,SUP_003,2026-M08,82.76,91.48,742,12.88
PERF_00867,SUP_021,2026-M03,96.7,94.17,84,4.56
PERF_00868,SUP_012,2026-M01,96.46,94.81,122,4.37
PERF_00869,SUP_022,2027-M06,92.13,95.54,279,6.16
PERF_00870,SUP_025,2027-M12,87.38,98.24,654,7.19
PERF_00871,SUP_002,2027-M02,95.35,92.76,399,5.94
PERF_00872,SUP_006,2027-M12,90.08,94.9,793,7.51
PERF_00873,SUP_015,2026-M06,88.5,94.0,711,8.75
PERF_00874,SUP_019,2027-M04,93.87,94.76,857,5.69
PERF_00875,SUP_010,2026-M03,89.45,96.33,801,7.11
PERF_00876,SUP_006,2027-M04,87.52,96.91,799,7.78
PERF_00877,SUP_025,2027-M11,92.67,94.8,459,6.26
PERF_00878,SUP_017,2026-M05,88.79,92.09,902,9.56
PERF_00879,SUP_006,2026-M06,95.2,96.08,698,4.36
PERF_00880,SUP_007,2026-M10,92.02,90.22,799,8.88
PERF_00881,SUP_006,2026-M08,95.53,92.85,490,5.81
PERF_00882,SUP_006,2026-M05,88.14,90.68,503,10.59
PERF_00883,SUP_023,2026-M07,88.39,89.49,703,11.06
PERF_00884,SUP_002,2027-M07,96.11,93.33,743,5.28
PERF_00885,SUP_021,2027-M03,94.63,97.98,328,3.69
PERF_00886,SUP_021,2026-M02,95.66,92.67,638,5.84
PERF_00887,SUP_023,2026-M03,90.02,94.38,464,7.8
PERF_00888,SUP_023,2026-M06,86.81,94.49,510,9.35
PERF_00889,SUP_013,2027-M06,89.39,88.58,969,11.02
PERF_00890,SUP_025,2026-M05,90.3,97.38,525,6.16
PERF_00891,SUP_025,2026-M04,91.91,97.46,452,5.31
PERF_00892,SUP_008,2026-M07,89.98,91.88,167,9.07
PERF_00893,SUP_009,2026-M05,94.15,91.49,479,7.18
PERF_00894,SUP_007,2027-M03,88.41,94.5,659,8.55
PERF_00895,SUP_009,2027-M11,92.11,97.23,527,5.33
PERF_00896,SUP_008,2027-M02,92.55,95.57,252,5.94
PERF_00897,SUP_024,2026-M05,92.07,94.73,476,6.6
PERF_00898,SUP_025,2026-M05,93.27,95.9,373,5.41
PERF_00899,SUP_007,2027-M07,90.2,96.38,936,6.71
PERF_00900,SUP_017,2026-M06,83.46,93.16,1105,11.69
PERF_00901,SUP_016,2026-M02,91.56,96.33,1042,6.06
PERF_00902,SUP_001,2027-M01,98.27,97.42,529,2.16
PERF_00903,SUP_014,2026-M05,88.73,92.26,709,9.5
PERF_00904,SUP_020,2026-M09,92.39,89.75,1126,8.93
PERF_00905,SUP_007,2027-M07,90.7,89.3,793,10.0
PERF_00906,SUP_016,2027-M09,84.1,95.16,817,10.37
PERF_00907,SUP_006,2026-M09,88.32,93.71,1050,8.99
PERF_00908,SUP_005,2026-M06,93.08,93.75,656,6.59
PERF_00909,SUP_015,2027-M07,96.59,93.81,822,4.8
PERF_00910,SUP_007,2026-M10,93.22,90.94,622,7.92
PERF_00911,SUP_024,2027-M02,93.49,97.41,792,4.55
PERF_00912,SUP_006,2027-M10,87.46,98.37,553,7.09
PERF_00913,SUP_020,2026-M02,86.69,92.66,1130,10.33
PERF_00914,SUP_016,2026-M11,92.96,94.64,732,6.2
PERF_00915,SUP_005,2026-M06,94.73,97.8,50,3.73
PERF_00916,SUP_015,2027-M04,89.81,94.4,389,7.89
PERF_00917,SUP_011,2027-M05,95.16,95.49,751,4.68
PERF_00918,SUP_017,2027-M05,92.12,90.44,809,8.72
PERF_00919,SUP_015,2026-M04,90.48,92.67,659,8.42
PERF_00920,SUP_010,2026-M08,86.93,89.97,844,11.55
PERF_00921,SUP_023,2027-M01,91.39,90.99,879,8.81
PERF_00922,SUP_011,2026-M08,92.11,96.63,564,5.63
PERF_00923,SUP_022,2027-M07,93.9,97.14,296,4.48
PERF_00924,SUP_007,2026-M09,88.61,92.29,570,9.55
PERF_00925,SUP_015,2027-M08,90.17,89.93,521,9.95
PERF_00926,SUP_016,2026-M02,89.55,92.96,591,8.75
PERF_00927,SUP_007,2026-M05,89.01,94.0,894,8.5
PERF_00928,SUP_017,2027-M06,85.45,88.59,631,12.98
PERF_00929,SUP_010,2027-M12,87.74,91.92,566,10.17
PERF_00930,SUP_002,2026-M09,89.51,94.46,476,8.02
PERF_00931,SUP_025,2026-M10,95.79,94.61,317,4.8
PERF_00932,SUP_014,2026-M12,85.52,92.12,610,11.18
PERF_00933,SUP_014,2026-M11,90.02,87.74,708,11.12
PERF_00934,SUP_019,2027-M11,90.4,93.46,1238,8.07
PERF_00935,SUP_010,2027-M06,90.25,90.29,700,9.73
PERF_00936,SUP_021,2026-M08,87.77,95.2,293,8.52
PERF_00937,SUP_013,2027-M12,90.75,90.63,776,9.31
PERF_00938,SUP_016,2027-M07,88.49,97.95,575,6.78
PERF_00939,SUP_005,2026-M02,99.5,98.44,456,1.03
PERF_00940,SUP_018,2027-M08,94.81,96.78,50,4.2
PERF_00941,SUP_024,2026-M10,88.96,95.31,670,7.87
PERF_00942,SUP_012,2027-M01,90.38,96.27,700,6.68
PERF_00943,SUP_004,2027-M11,93.84,93.24,850,6.46
PERF_00944,SUP_005,2027-M11,93.5,92.14,175,7.18
PERF_00945,SUP_004,2026-M01,94.79,92.72,611,6.25
PERF_00946,SUP_016,2026-M11,89.5,98.36,965,6.07
PERF_00947,SUP_016,2027-M07,97.06,93.2,699,4.87
PERF_00948,SUP_003,2027-M09,84.95,96.69,466,9.18
PERF_00949,SUP_018,2027-M06,94.35,93.06,302,6.3
PERF_00950,SUP_005,2027-M02,92.09,94.88,252,6.52
PERF_00951,SUP_014,2027-M10,86.66,94.28,559,9.53
PERF_00952,SUP_004,2027-M04,90.76,96.44,557,6.4
PERF_00953,SUP_002,2026-M03,91.25,95.02,675,6.87
PERF_00954,SUP_021,2026-M08,93.68,94.07,556,6.12
PERF_00955,SUP_025,2027-M02,90.69,97.7,481,5.81
PERF_00956,SUP_008,2026-M12,90.68,92.3,382,8.51
PERF_00957,SUP_008,2026-M01,93.2,97.47,432,4.66
PERF_00958,SUP_001,2026-M09,96.58,91.58,203,5.92
PERF_00959,SUP_021,2027-M02,93.01,93.13,272,6.93
PERF_00960,SUP_012,2027-M10,92.6,97.13,322,5.14
PERF_00961,SUP_006,2026-M06,83.39,88.1,538,14.25
PERF_00962,SUP_025,2027-M08,95.37,89.13,300,7.75
PERF_00963,SUP_015,2027-M05,89.12,97.27,542,6.81
PERF_00964,SUP_006,2027-M06,91.25,93.75,233,7.5
PERF_00965,SUP_001,2027-M03,97.5,97.34,421,2.58
PERF_00966,SUP_011,2026-M08,99.5,90.79,744,4.85
PERF_00967,SUP_012,2027-M10,93.74,97.12,350,4.57
PERF_00968,SUP_020,2026-M09,86.43,90.38,885,11.6
PERF_00969,SUP_017,2026-M06,82.85,93.48,756,11.84
PERF_00970,SUP_016,2026-M03,87.01,92.47,891,10.26
PERF_00971,SUP_025,2027-M09,92.39,96.9,253,5.35
PERF_00972,SUP_013,2027-M06,90.27,93.71,1169,8.01
PERF_00973,SUP_005,2026-M03,94.07,98.07,379,3.93
PERF_00974,SUP_008,2026-M08,95.49,92.6,709,5.96
PERF_00975,SUP_018,2026-M12,93.12,95.64,438,5.62
PERF_00976,SUP_004,2027-M01,90.86,93.11,702,8.02
PERF_00977,SUP_014,2026-M07,93.03,94.66,953,6.16
PERF_00978,SUP_004,2027-M05,88.73,91.18,851,10.04
PERF_00979,SUP_009,2027-M07,95.73,99.08,339,2.59
PERF_00980,SUP_018,2026-M08,93.01,91.7,341,7.64
PERF_00981,SUP_010,2026-M04,92.19,91.63,848,8.09
PERF_00982,SUP_007,2026-M10,88.63,93.61,490,8.88
PERF_00983,SUP_012,2027-M04,94.86,88.92,322,8.11
PERF_00984,SUP_002,2027-M06,88.51,98.61,595,6.44
PERF_00985,SUP_004,2027-M04,91.5,97.2,470,5.65
PERF_00986,SUP_016,2026-M11,95.64,95.93,592,4.22
PERF_00987,SUP_022,2027-M11,97.41,93.23,235,4.68
PERF_00988,SUP_007,2026-M10,87.37,91.48,508,10.57
PERF_00989,SUP_007,2026-M08,92.87,92.15,790,7.49
PERF_00990,SUP_016,2026-M10,88.69,89.05,694,11.13
PERF_00991,SUP_016,2027-M08,84.66,93.43,366,10.95
PERF_00992,SUP_022,2027-M09,99.5,98.28,421,1.11
PERF_00993,SUP_024,2027-M07,93.59,91.08,788,7.66
PERF_00994,SUP_024,2026-M09,90.4,93.86,934,7.87
PERF_00995,SUP_025,2026-M11,96.2,96.72,69,3.54
PERF_00996,SUP_012,2026-M08,91.72,96.09,378,6.09
PERF_00997,SUP_001,2027-M07,91.81,99.9,623,4.14
PERF_00998,SUP_012,2026-M05,96.41,96.58,317,3.5
PERF_00999,SUP_021,2027-M04,90.24,95.59,511,7.09
PERF_01000,SUP_014,2026-M04,84.57,93.04,748,11.19
PERF_01001,SUP_022,2026-M08,88.28,93.85,317,8.94
PERF_01002,SUP_018,2026-M01,99.36,97.19,152,1.72
PERF_01003,SUP_002,2027-M11,94.86,91.73,656,6.7
PERF_01004,SUP_012,2027-M02,93.19,96.17,625,5.32
PERF_01005,SUP_008,2026-M09,87.74,90.91,443,10.68
PERF_01006,SUP_015,2026-M09,93.82,90.0,53,8.09
PERF_01007,SUP_023,2027-M11,88.15,94.38,940,8.74
PERF_01008,SUP_008,2027-M06,90.21,93.37,790,8.21
PERF_01009,SUP_005,2027-M06,88.99,95.43,398,7.79
PERF_01010,SUP_024,2027-M05,91.15,91.93,686,8.46
PERF_01011,SUP_005,2026-M11,87.14,94.75,450,9.06
PERF_01012,SUP_019,2027-M08,86.55,93.15,789,10.15
PERF_01013,SUP_016,2027-M06,89.37,94.03,447,8.3
PERF_01014,SUP_012,2026-M10,93.98,97.93,391,4.04
PERF_01015,SUP_012,2026-M12,92.84,96.96,502,5.1
PERF_01016,SUP_011,2026-M01,87.85,98.9,332,6.62
PERF_01017,SUP_010,2026-M04,90.48,95.79,445,6.86
PERF_01018,SUP_025,2026-M11,91.87,95.28,243,6.42
PERF_01019,SUP_018,2027-M04,98.9,93.66,308,3.72
PERF_01020,SUP_021,2027-M08,93.71,92.39,380,6.95
PERF_01021,SUP_001,2026-M09,96.15,95.97,301,3.94
PERF_01022,SUP_017,2026-M02,85.81,87.81,904,13.19
PERF_01023,SUP_013,2026-M02,93.26,92.05,845,7.34
PERF_01024,SUP_025,2027-M01,96.08,92.83,740,5.55
PERF_01025,SUP_015,2027-M10,91.31,97.88,473,5.41
PERF_01026,SUP_020,2027-M12,93.15,93.74,930,6.56
PERF_01027,SUP_006,2026-M09,90.8,92.78,900,8.21
PERF_01028,SUP_023,2026-M09,89.92,88.08,476,11.0
PERF_01029,SUP_020,2027-M11,87.14,92.57,808,10.15
PERF_01030,SUP_008,2027-M08,95.26,89.52,588,7.61
PERF_01031,SUP_005,2026-M07,89.15,98.3,341,6.28
PERF_01032,SUP_003,2027-M06,90.76,90.84,955,9.2
PERF_01033,SUP_005,2026-M01,97.73,97.86,334,2.2
PERF_01034,SUP_011,2027-M08,95.74,94.23,571,5.02
PERF_01035,SUP_002,2026-M10,98.35,98.28,294,1.69
PERF_01036,SUP_013,2027-M06,89.08,88.77,914,11.08
PERF_01037,SUP_024,2026-M10,91.15,88.53,447,10.16
PERF_01038,SUP_002,2027-M05,92.55,94.85,198,6.3
PERF_01039,SUP_023,2027-M07,90.67,93.63,661,7.85
PERF_01040,SUP_010,2026-M01,86.93,95.42,1051,8.82
PERF_01041,SUP_020,2026-M09,86.25,90.27,918,11.74
PERF_01042,SUP_007,2026-M09,88.13,92.45,867,9.71
PERF_01043,SUP_016,2026-M09,84.67,96.9,654,9.22
PERF_01044,SUP_016,2027-M08,89.17,93.38,632,8.72
PERF_01045,SUP_025,2027-M12,88.81,99.74,408,5.72
PERF_01046,SUP_016,2027-M07,91.73,95.98,435,6.14
PERF_01047,SUP_016,2027-M05,91.82,92.93,809,7.62
PERF_01048,SUP_005,2027-M02,88.22,96.15,239,7.81
PERF_01049,SUP_017,2027-M02,88.7,92.78,698,9.26
PERF_01050,SUP_005,2026-M10,92.46,96.12,180,5.71
PERF_01051,SUP_011,2027-M05,96.53,95.08,50,4.19
PERF_01052,SUP_007,2026-M03,88.08,90.2,393,10.86
PERF_01053,SUP_022,2026-M10,90.29,96.27,665,6.72
PERF_01054,SUP_002,2027-M07,94.34,94.08,531,5.79
PERF_01055,SUP_004,2027-M10,88.72,91.66,429,9.81
PERF_01056,SUP_021,2027-M03,87.84,94.43,491,8.86
PERF_01057,SUP_004,2026-M09,89.81,92.36,470,8.91
PERF_01058,SUP_016,2026-M06,92.22,90.31,795,8.74
PERF_01059,SUP_015,2026-M02,87.69,91.92,326,10.19
PERF_01060,SUP_008,2027-M08,90.1,96.84,663,6.53
PERF_01061,SUP_007,2027-M07,92.14,94.11,499,6.88
PERF_01062,SUP_012,2026-M09,93.61,94.45,626,5.97
PERF_01063,SUP_021,2027-M07,89.51,97.63,638,6.43
PERF_01064,SUP_024,2027-M06,95.29,92.18,822,6.26
PERF_01065,SUP_021,2026-M08,99.5,93.86,152,3.32
PERF_01066,SUP_011,2026-M07,88.36,97.78,50,6.93
PERF_01067,SUP_008,2027-M02,90.48,95.49,597,7.02
PERF_01068,SUP_005,2026-M05,95.88,96.96,615,3.58
PERF_01069,SUP_020,2027-M02,84.84,90.11,665,12.53
PERF_01070,SUP_016,2027-M03,92.89,95.85,730,5.63
PERF_01071,SUP_011,2026-M02,97.55,93.05,733,4.7
PERF_01072,SUP_014,2026-M07,92.87,94.04,1136,6.54
PERF_01073,SUP_024,2027-M12,84.83,91.89,532,11.64
PERF_01074,SUP_016,2027-M09,92.56,90.97,791,8.24
PERF_01075,SUP_023,2027-M08,93.61,94.74,756,5.83
PERF_01076,SUP_007,2026-M06,86.24,90.68,969,11.54
PERF_01077,SUP_023,2027-M09,91.84,92.9,616,7.63
PERF_01078,SUP_011,2026-M12,87.92,93.32,782,9.38
PERF_01079,SUP_009,2027-M07,89.26,95.87,661,7.44
PERF_01080,SUP_002,2026-M09,89.64,96.06,627,7.15
PERF_01081,SUP_004,2027-M11,90.14,99.9,326,4.98
PERF_01082,SUP_024,2027-M06,92.98,92.77,834,7.12
PERF_01083,SUP_010,2026-M12,90.52,90.97,765,9.25
PERF_01084,SUP_017,2027-M12,81.83,93.11,899,12.53
PERF_01085,SUP_024,2027-M01,91.72,95.85,753,6.22
PERF_01086,SUP_006,2026-M07,90.54,91.2,517,9.13
PERF_01087,SUP_019,2026-M03,93.06,96.59,652,5.17
PERF_01088,SUP_007,2027-M08,89.34,90.54,954,10.06
PERF_01089,SUP_013,2027-M04,90.0,96.85,624,6.58
PERF_01090,SUP_015,2026-M10,89.57,94.38,749,8.03
PERF_01091,SUP_008,2026-M09,90.95,92.22,736,8.41
PERF_01092,SUP_022,2027-M09,96.16,93.71,671,5.06
PERF_01093,SUP_004,2027-M09,93.61,93.74,675,6.33
PERF_01094,SUP_009,2027-M01,94.76,93.25,466,6.0
PERF_01095,SUP_015,2026-M03,84.24,95.99,307,9.89
PERF_01096,SUP_016,2027-M09,94.91,92.77,597,6.16
PERF_01097,SUP_001,2026-M03,93.32,96.08,603,5.3
PERF_01098,SUP_014,2026-M10,80.84,95.39,847,11.88
PERF_01099,SUP_011,2026-M06,90.38,93.31,735,8.16
PERF_01100,SUP_024,2027-M04,86.96,90.32,907,11.36
PERF_01101,SUP_007,2026-M12,90.22,90.46,763,9.66
PERF_01102,SUP_005,2027-M09,91.52,99.15,572,4.66
PERF_01103,SUP_025,2027-M08,95.6,96.9,752,3.75
PERF_01104,SUP_001,2026-M03,95.2,93.85,409,5.47
PERF_01105,SUP_008,2026-M07,97.86,91.86,487,5.14
PERF_01106,SUP_010,2027-M11,90.45,92.67,523,8.44
PERF_01107,SUP_024,2026-M08,93.17,99.0,719,3.91
PERF_01108,SUP_024,2027-M01,87.09,89.33,731,11.79
PERF_01109,SUP_019,2026-M10,92.81,94.19,699,6.5
PERF_01110,SUP_013,2026-M10,86.23,89.27,966,12.25
PERF_01111,SUP_012,2027-M07,97.34,92.54,677,5.06
PERF_01112,SUP_010,2026-M09,90.92,96.3,451,6.39
PERF_01113,SUP_012,2026-M02,90.5,96.03,460,6.74
PERF_01114,SUP_001,2026-M10,99.5,98.57,271,0.97
PERF_01115,SUP_001,2026-M04,92.12,99.88,127,4.0
PERF_01116,SUP_015,2027-M03,95.59,93.09,938,5.66
PERF_01117,SUP_023,2027-M02,91.54,92.66,596,7.9
PERF_01118,SUP_015,2026-M12,89.68,94.87,635,7.72
PERF_01119,SUP_005,2026-M02,92.82,95.99,375,5.59
PERF_01120,SUP_001,2026-M08,88.81,97.95,124,6.62
PERF_01121,SUP_010,2027-M07,85.74,88.58,361,12.84
PERF_01122,SUP_020,2027-M12,83.63,90.03,1210,13.17
PERF_01123,SUP_009,2027-M10,91.52,95.84,540,6.32
PERF_01124,SUP_003,2026-M04,89.89,92.81,460,8.65
PERF_01125,SUP_011,2026-M05,98.35,99.9,63,0.88
PERF_01126,SUP_020,2027-M07,84.63,91.1,627,12.14
PERF_01127,SUP_006,2027-M01,91.62,91.58,1093,8.4
PERF_01128,SUP_010,2026-M10,92.77,93.33,925,6.95
PERF_01129,SUP_002,2027-M06,96.72,94.19,276,4.55
PERF_01130,SUP_021,2026-M09,93.33,97.55,487,4.56
PERF_01131,SUP_004,2026-M01,85.37,91.39,645,11.62
PERF_01132,SUP_024,2027-M06,89.57,98.13,402,6.15
PERF_01133,SUP_013,2027-M04,89.52,95.72,1254,7.38
PERF_01134,SUP_005,2026-M10,93.39,97.63,473,4.49
PERF_01135,SUP_001,2027-M10,95.79,96.55,407,3.83
PERF_01136,SUP_007,2026-M01,81.6,94.51,745,11.94
PERF_01137,SUP_011,2027-M11,93.33,99.9,265,3.38
PERF_01138,SUP_022,2027-M09,92.79,99.9,233,3.66
PERF_01139,SUP_009,2027-M02,91.45,95.03,628,6.76
PERF_01140,SUP_012,2027-M06,95.22,93.17,253,5.81
PERF_01141,SUP_022,2027-M04,92.18,95.81,485,6.0
PERF_01142,SUP_017,2027-M03,88.65,87.16,1052,12.1
PERF_01143,SUP_010,2027-M09,89.96,96.26,808,6.89
PERF_01144,SUP_024,2027-M03,93.1,94.37,949,6.26
PERF_01145,SUP_014,2027-M05,89.87,91.96,1234,9.09
PERF_01146,SUP_011,2026-M03,96.67,97.43,144,2.95
PERF_01147,SUP_019,2026-M08,85.64,93.73,729,10.31
PERF_01148,SUP_024,2026-M05,87.96,93.55,997,9.25
PERF_01149,SUP_019,2027-M06,91.59,90.15,677,9.13
PERF_01150,SUP_014,2026-M07,85.89,91.23,697,11.44
PERF_01151,SUP_006,2027-M03,88.67,90.26,634,10.53
PERF_01152,SUP_007,2026-M03,87.52,85.48,1130,13.5
PERF_01153,SUP_004,2027-M09,93.37,92.46,663,7.09
PERF_01154,SUP_006,2027-M08,86.59,97.64,1039,7.88
PERF_01155,SUP_018,2026-M06,94.17,98.36,455,3.73
PERF_01156,SUP_021,2027-M07,89.09,94.37,486,8.27
PERF_01157,SUP_025,2027-M06,92.64,95.45,381,5.95
PERF_01158,SUP_017,2026-M08,87.16,91.73,627,10.56
PERF_01159,SUP_017,2026-M01,85.25,88.39,1035,13.18
PERF_01160,SUP_025,2027-M11,87.68,98.88,677,6.72
PERF_01161,SUP_009,2026-M04,92.19,88.89,387,9.46
PERF_01162,SUP_014,2027-M08,88.11,89.67,676,11.11
PERF_01163,SUP_020,2026-M07,92.29,93.46,635,7.12
PERF_01164,SUP_015,2027-M02,85.91,92.98,577,10.56
PERF_01165,SUP_024,2027-M08,91.29,91.86,782,8.42
PERF_01166,SUP_015,2026-M01,96.51,95.84,610,3.82
PERF_01167,SUP_017,2027-M02,86.85,90.71,1076,11.22
PERF_01168,SUP_008,2026-M06,89.72,94.51,570,7.88
PERF_01169,SUP_019,2026-M12,87.99,89.57,764,11.22
PERF_01170,SUP_013,2027-M12,87.82,93.25,693,9.47
PERF_01171,SUP_016,2026-M11,94.06,91.41,982,7.26
PERF_01172,SUP_018,2026-M09,88.46,96.89,515,7.33
PERF_01173,SUP_019,2026-M08,87.11,94.06,955,9.41
PERF_01174,SUP_004,2027-M07,83.45,94.66,161,10.94
PERF_01175,SUP_016,2027-M11,87.5,97.67,523,7.41
PERF_01176,SUP_010,2026-M08,85.68,92.31,1133,11.0
PERF_01177,SUP_013,2026-M05,82.5,89.37,1099,14.06
PERF_01178,SUP_016,2026-M04,95.97,93.34,392,5.34
PERF_01179,SUP_009,2026-M04,99.39,99.39,595,0.61
PERF_01180,SUP_021,2027-M09,90.66,95.28,427,7.03
PERF_01181,SUP_016,2026-M06,91.39,97.23,815,5.69
PERF_01182,SUP_005,2026-M05,91.37,99.84,422,4.39
PERF_01183,SUP_018,2026-M08,95.76,99.47,197,2.38
PERF_01184,SUP_001,2026-M10,95.09,95.47,50,4.72
PERF_01185,SUP_017,2027-M02,88.44,97.88,471,6.84
PERF_01186,SUP_015,2027-M05,90.6,95.4,644,7.0
PERF_01187,SUP_005,2027-M05,94.26,93.15,406,6.29
PERF_01188,SUP_017,2026-M11,85.13,86.13,1078,14.37
PERF_01189,SUP_007,2027-M04,92.08,92.93,765,7.5
PERF_01190,SUP_021,2027-M06,96.32,95.96,640,3.86
PERF_01191,SUP_008,2027-M05,90.71,97.68,624,5.81
PERF_01192,SUP_021,2026-M04,93.68,92.22,517,7.05
PERF_01193,SUP_025,2026-M10,91.5,94.4,236,7.05
PERF_01194,SUP_019,2027-M11,86.3,98.31,966,7.69
PERF_01195,SUP_013,2026-M06,93.76,88.94,814,8.65
PERF_01196,SUP_008,2027-M09,87.72,92.66,376,9.81
PERF_01197,SUP_010,2027-M09,92.92,91.81,933,7.63
PERF_01198,SUP_001,2027-M09,97.01,99.9,50,1.54
PERF_01199,SUP_024,2026-M06,93.58,96.07,485,5.18
PERF_01200,SUP_003,2027-M01,92.52,93.84,654,6.82
PERF_01201,SUP_009,2027-M11,90.63,93.6,869,7.89
PERF_01202,SUP_014,2027-M02,88.3,94.16,621,8.77
PERF_01203,SUP_021,2027-M03,90.76,98.1,190,5.57
PERF_01204,SUP_004,2027-M08,88.85,93.49,682,8.83
PERF_01205,SUP_008,2026-M09,91.06,95.39,698,6.78
PERF_01206,SUP_022,2026-M05,96.2,93.54,343,5.13
PERF_01207,SUP_020,2027-M06,91.28,94.04,545,7.34
PERF_01208,SUP_014,2026-M05,89.35,87.25,789,11.7
PERF_01209,SUP_010,2027-M06,94.89,90.43,553,7.34
PERF_01210,SUP_005,2027-M08,96.89,92.54,233,5.28
PERF_01211,SUP_022,2026-M06,95.79,94.41,352,4.9
PERF_01212,SUP_006,2027-M07,92.33,94.45,713,6.61
PERF_01213,SUP_009,2026-M08,92.08,96.33,435,5.8
PERF_01214,SUP_005,2026-M06,95.97,95.16,323,4.44
PERF_01215,SUP_023,2027-M03,86.53,92.91,537,10.28
PERF_01216,SUP_025,2026-M04,90.66,96.65,442,6.34
PERF_01217,SUP_003,2026-M11,91.85,91.92,781,8.12
PERF_01218,SUP_005,2026-M07,96.25,97.51,194,3.12
PERF_01219,SUP_024,2026-M12,90.25,94.11,681,7.82
PERF_01220,SUP_024,2027-M04,83.54,93.6,1122,11.43
PERF_01221,SUP_017,2026-M03,86.32,89.78,914,11.95
PERF_01222,SUP_010,2027-M06,90.14,95.78,468,7.04
PERF_01223,SUP_004,2027-M06,92.29,94.88,631,6.41
PERF_01224,SUP_002,2026-M06,94.42,98.17,614,3.7
PERF_01225,SUP_002,2026-M12,89.97,97.65,427,6.19
PERF_01226,SUP_023,2026-M10,89.72,93.18,669,8.55
PERF_01227,SUP_025,2026-M01,97.58,95.79,176,3.31
PERF_01228,SUP_011,2027-M05,92.82,96.45,645,5.37
PERF_01229,SUP_005,2027-M04,96.41,94.27,857,4.66
PERF_01230,SUP_022,2027-M08,94.79,99.19,369,3.01
PERF_01231,SUP_020,2026-M03,89.3,93.9,1063,8.4
PERF_01232,SUP_009,2026-M01,96.27,97.58,396,3.08
PERF_01233,SUP_009,2026-M04,91.38,96.23,646,6.19
PERF_01234,SUP_024,2027-M06,89.13,95.86,970,7.5
PERF_01235,SUP_022,2027-M02,91.25,93.91,371,7.42
PERF_01236,SUP_023,2027-M07,90.42,91.69,970,8.94
PERF_01237,SUP_002,2026-M12,94.67,95.7,152,4.81
PERF_01238,SUP_013,2026-M08,84.05,92.7,373,11.62
PERF_01239,SUP_017,2026-M01,90.44,91.2,1488,9.18
PERF_01240,SUP_010,2026-M01,96.12,92.35,698,5.76
PERF_01241,SUP_001,2026-M10,98.19,99.9,50,0.95
PERF_01242,SUP_012,2026-M12,89.24,94.84,476,7.96
PERF_01243,SUP_006,2026-M12,91.59,96.07,420,6.17
PERF_01244,SUP_005,2027-M02,87.65,98.55,194,6.9
PERF_01245,SUP_011,2026-M09,87.94,96.36,558,7.85
PERF_01246,SUP_013,2026-M02,87.63,90.86,768,10.75
PERF_01247,SUP_013,2027-M04,86.89,88.63,657,12.24
PERF_01248,SUP_020,2026-M06,89.26,92.6,853,9.07
PERF_01249,SUP_014,2027-M05,85.31,91.75,344,11.47
PERF_01250,SUP_018,2027-M05,94.24,99.37,125,3.19
PERF_01251,SUP_008,2026-M08,89.84,95.22,810,7.47
PERF_01252,SUP_010,2027-M11,87.86,91.07,326,10.53
PERF_01253,SUP_012,2027-M05,94.91,99.9,415,2.59
PERF_01254,SUP_001,2027-M07,95.13,97.61,317,3.63
PERF_01255,SUP_014,2027-M11,85.86,94.26,825,9.94
PERF_01256,SUP_020,2027-M02,87.75,89.36,1080,11.44
PERF_01257,SUP_008,2026-M01,93.59,93.02,760,6.69
PERF_01258,SUP_019,2026-M11,88.01,91.04,548,10.47
PERF_01259,SUP_024,2027-M01,84.49,94.38,313,10.56
PERF_01260,SUP_016,2026-M12,86.71,88.41,622,12.44
PERF_01261,SUP_011,2026-M02,93.55,95.18,191,5.63
PERF_01262,SUP_021,2026-M07,89.58,96.56,349,6.93
PERF_01263,SUP_015,2027-M01,91.65,91.59,656,8.38
PERF_01264,SUP_022,2026-M10,97.91,97.47,317,2.31
PERF_01265,SUP_024,2027-M04,90.57,92.6,681,8.42
PERF_01266,SUP_017,2027-M07,86.42,91.19,882,11.19
PERF_01267,SUP_004,2026-M08,87.12,90.86,382,11.01
PERF_01268,SUP_008,2027-M08,86.8,91.36,591,10.92
PERF_01269,SUP_001,2026-M01,92.52,98.08,326,4.7
PERF_01270,SUP_016,2026-M10,84.49,95.24,802,10.14
PERF_01271,SUP_014,2026-M06,85.32,93.25,608,10.72
PERF_01272,SUP_017,2027-M01,87.69,88.44,481,11.94
PERF_01273,SUP_019,2026-M04,88.35,92.69,620,9.48
PERF_01274,SUP_004,2026-M02,86.55,92.4,713,10.53
PERF_01275,SUP_011,2026-M01,93.87,96.46,265,4.84
PERF_01276,SUP_014,2027-M09,91.82,89.26,877,9.46
PERF_01277,SUP_024,2027-M06,93.35,94.4,639,6.12
PERF_01278,SUP_007,2026-M12,87.62,95.39,435,8.5
PERF_01279,SUP_017,2027-M11,84.49,90.61,1087,12.45
PERF_01280,SUP_016,2027-M04,91.54,91.18,577,8.64
PERF_01281,SUP_013,2027-M01,86.16,90.23,995,11.81
PERF_01282,SUP_007,2026-M04,85.08,96.82,885,9.05
PERF_01283,SUP_014,2026-M03,91.57,91.04,750,8.69
PERF_01284,SUP_022,2027-M08,89.7,94.69,498,7.81
PERF_01285,SUP_018,2027-M11,97.59,93.03,346,4.69
PERF_01286,SUP_014,2026-M09,87.85,88.71,898,11.72
PERF_01287,SUP_021,2026-M02,90.93,94.91,369,7.08
PERF_01288,SUP_012,2026-M08,92.23,96.38,316,5.69
PERF_01289,SUP_016,2027-M02,89.28,91.78,703,9.47
PERF_01290,SUP_015,2026-M02,95.66,94.15,819,5.09
PERF_01291,SUP_023,2026-M09,85.33,93.39,480,10.64
PERF_01292,SUP_003,2026-M11,85.07,91.15,938,11.89
PERF_01293,SUP_004,2026-M01,92.95,94.01,353,6.52
PERF_01294,SUP_013,2026-M03,87.41,92.75,835,9.92
PERF_01295,SUP_006,2027-M09,84.57,91.17,647,12.13
PERF_01296,SUP_022,2026-M11,95.61,90.51,367,6.94
PERF_01297,SUP_005,2026-M02,95.03,98.52,498,3.22
PERF_01298,SUP_013,2026-M02,89.75,90.0,418,10.12
PERF_01299,SUP_011,2027-M03,92.82,98.5,678,4.34
PERF_01300,SUP_020,2027-M08,89.83,92.87,895,8.65
PERF_01301,SUP_008,2026-M09,89.93,94.07,893,8.0
PERF_01302,SUP_023,2026-M04,86.67,97.04,635,8.14
PERF_01303,SUP_023,2026-M06,93.48,89.48,817,8.52
PERF_01304,SUP_003,2027-M11,87.29,89.46,743,11.62
PERF_01305,SUP_010,2027-M05,92.23,90.69,420,8.54
PERF_01306,SUP_024,2027-M06,89.52,92.98,789,8.75
PERF_01307,SUP_011,2026-M03,96.85,95.85,771,3.65
PERF_01308,SUP_009,2026-M11,93.77,94.53,137,5.85
PERF_01309,SUP_016,2027-M11,89.61,92.76,832,8.81
PERF_01310,SUP_019,2026-M11,90.89,90.05,734,9.53
PERF_01311,SUP_013,2026-M02,90.01,95.82,977,7.09
PERF_01312,SUP_012,2027-M02,96.88,96.55,437,3.28
PERF_01313,SUP_025,2026-M02,97.75,92.67,330,4.79
PERF_01314,SUP_016,2026-M08,88.08,94.55,886,8.69
PERF_01315,SUP_015,2027-M03,88.91,87.82,537,11.64
PERF_01316,SUP_003,2026-M04,92.24,94.34,785,6.71
PERF_01317,SUP_017,2027-M06,86.56,88.4,943,12.52
PERF_01318,SUP_006,2027-M09,87.6,98.86,774,6.77
PERF_01319,SUP_009,2026-M06,91.36,93.87,441,7.38
PERF_01320,SUP_001,2026-M11,94.48,99.59,357,2.97
PERF_01321,SUP_004,2026-M06,87.91,98.13,669,6.98
PERF_01322,SUP_012,2027-M11,96.91,94.88,432,4.11
PERF_01323,SUP_008,2026-M06,92.53,89.68,963,8.89
PERF_01324,SUP_005,2026-M01,98.47,95.41,139,3.06
PERF_01325,SUP_013,2027-M09,89.04,92.22,871,9.37
PERF_01326,SUP_004,2027-M07,90.67,94.67,949,7.33
PERF_01327,SUP_009,2027-M10,94.8,92.78,732,6.21
PERF_01328,SUP_024,2026-M04,94.72,99.9,455,2.69
PERF_01329,SUP_015,2026-M08,91.43,88.59,730,9.99
PERF_01330,SUP_016,2027-M11,88.76,98.41,485,6.41
PERF_01331,SUP_004,2026-M10,85.03,92.22,264,11.38
PERF_01332,SUP_021,2026-M09,95.35,90.24,465,7.21
PERF_01333,SUP_023,2026-M06,83.27,92.2,1028,12.26
PERF_01334,SUP_004,2026-M10,91.18,91.24,653,8.79
PERF_01335,SUP_001,2026-M06,95.25,97.98,50,3.38
PERF_01336,SUP_002,2027-M08,95.18,88.84,314,7.99
PERF_01337,SUP_006,2026-M03,88.64,94.98,664,8.19
PERF_01338,SUP_023,2026-M02,85.28,90.54,739,12.09
PERF_01339,SUP_024,2026-M05,89.56,91.75,583,9.34
PERF_01340,SUP_021,2027-M12,95.19,94.11,442,5.35
PERF_01341,SUP_017,2026-M08,93.91,88.04,469,9.03
PERF_01342,SUP_023,2026-M09,91.85,91.3,636,8.43
PERF_01343,SUP_017,2027-M02,85.06,90.95,1159,12.0
PERF_01344,SUP_007,2027-M10,91.61,94.96,436,6.72
PERF_01345,SUP_022,2026-M12,90.55,88.9,238,10.28
PERF_01346,SUP_011,2027-M03,96.87,97.29,355,2.92
PERF_01347,SUP_022,2027-M09,93.93,94.28,440,5.89
PERF_01348,SUP_016,2027-M12,92.7,89.56,699,8.87
PERF_01349,SUP_011,2026-M09,96.8,94.96,540,4.12
PERF_01350,SUP_007,2027-M09,97.64,92.54,798,4.91
PERF_01351,SUP_015,2026-M06,88.49,94.25,712,8.63
PERF_01352,SUP_020,2027-M11,88.28,89.25,861,11.24
PERF_01353,SUP_011,2026-M10,98.39,97.12,592,2.25
PERF_01354,SUP_003,2027-M11,88.79,94.87,755,8.17
PERF_01355,SUP_022,2026-M06,91.15,96.8,201,6.03
PERF_01356,SUP_011,2027-M12,92.1,96.47,459,5.72
PERF_01357,SUP_006,2026-M04,86.53,96.03,774,8.72
PERF_01358,SUP_024,2026-M03,87.69,89.36,651,11.47
PERF_01359,SUP_024,2026-M04,88.46,93.48,607,9.03
PERF_01360,SUP_024,2027-M11,83.78,92.23,618,12.0
PERF_01361,SUP_013,2027-M07,89.9,90.25,1135,9.92
PERF_01362,SUP_015,2027-M11,84.97,97.08,575,8.97
PERF_01363,SUP_007,2027-M01,91.78,93.0,947,7.61
PERF_01364,SUP_013,2026-M12,86.84,89.25,1084,11.95
PERF_01365,SUP_009,2026-M01,92.76,95.95,706,5.64
PERF_01366,SUP_024,2027-M12,86.7,94.69,562,9.31
PERF_01367,SUP_021,2027-M05,92.7,95.58,159,5.86
PERF_01368,SUP_002,2026-M02,91.06,98.98,617,4.98
PERF_01369,SUP_009,2026-M07,92.91,96.01,401,5.54
PERF_01370,SUP_017,2027-M01,91.47,91.1,886,8.72
PERF_01371,SUP_025,2026-M11,97.44,94.06,711,4.25
PERF_01372,SUP_006,2027-M02,85.51,97.47,585,8.51
PERF_01373,SUP_017,2026-M10,86.67,86.87,749,13.23
PERF_01374,SUP_003,2027-M06,86.38,91.48,672,11.07
PERF_01375,SUP_024,2027-M12,92.67,93.72,741,6.81
PERF_01376,SUP_014,2027-M12,85.01,90.0,1139,12.5
PERF_01377,SUP_001,2026-M11,92.99,99.9,271,3.56
PERF_01378,SUP_007,2027-M08,89.21,95.48,974,7.66
PERF_01379,SUP_002,2026-M02,93.07,94.63,428,6.15
PERF_01380,SUP_020,2026-M01,88.71,94.03,820,8.63
PERF_01381,SUP_012,2027-M06,96.46,99.9,436,1.82
PERF_01382,SUP_025,2026-M09,94.93,92.2,50,6.44
PERF_01383,SUP_017,2026-M03,88.57,91.36,737,10.03
PERF_01384,SUP_008,2027-M02,92.33,94.25,785,6.71
PERF_01385,SUP_022,2027-M09,94.26,94.13,598,5.81
PERF_01386,SUP_019,2026-M12,88.85,94.32,604,8.42
PERF_01387,SUP_014,2026-M11,86.35,92.41,782,10.62
PERF_01388,SUP_014,2026-M11,89.74,91.53,412,9.37
PERF_01389,SUP_014,2027-M01,87.0,94.18,720,9.41
PERF_01390,SUP_013,2026-M08,87.26,94.47,657,9.13
PERF_01391,SUP_007,2026-M02,84.57,92.4,623,11.52
PERF_01392,SUP_023,2027-M06,86.6,92.56,798,10.42
PERF_01393,SUP_001,2026-M06,95.17,97.57,682,3.63
PERF_01394,SUP_011,2026-M09,92.97,96.7,298,5.16
PERF_01395,SUP_007,2027-M03,86.66,91.34,624,11.0
PERF_01396,SUP_007,2026-M04,90.28,98.67,576,5.53
PERF_01397,SUP_013,2027-M03,86.75,91.84,879,10.7
PERF_01398,SUP_014,2027-M08,89.09,95.41,294,7.75
PERF_01399,SUP_017,2027-M03,80.24,90.36,1059,14.7
PERF_01400,SUP_011,2026-M04,89.3,88.48,514,11.11
PERF_01401,SUP_024,2027-M10,90.53,90.47,482,9.5
PERF_01402,SUP_023,2026-M10,86.59,93.28,574,10.06
PERF_01403,SUP_024,2027-M01,91.28,86.06,508,11.33
PERF_01404,SUP_009,2027-M01,89.72,94.76,352,7.76
PERF_01405,SUP_001,2027-M11,97.59,92.15,329,5.13
PERF_01406,SUP_013,2026-M06,89.68,96.64,703,6.84
PERF_01407,SUP_011,2027-M11,94.97,91.49,50,6.77
PERF_01408,SUP_022,2026-M03,96.53,95.99,635,3.74
PERF_01409,SUP_002,2026-M09,89.28,96.9,813,6.91
PERF_01410,SUP_018,2026-M06,94.96,96.49,421,4.28
PERF_01411,SUP_025,2027-M05,89.29,99.39,277,5.66
PERF_01412,SUP_002,2026-M03,94.91,91.69,204,6.7
PERF_01413,SUP_022,2027-M03,98.31,95.13,690,3.28
PERF_01414,SUP_024,2026-M10,89.57,88.6,858,10.92
PERF_01415,SUP_012,2026-M10,92.83,98.15,365,4.51
PERF_01416,SUP_014,2027-M08,83.67,92.61,1219,11.86
PERF_01417,SUP_013,2027-M01,89.48,91.86,1015,9.33
PERF_01418,SUP_006,2027-M02,90.73,93.92,441,7.67
PERF_01419,SUP_010,2027-M06,89.9,95.39,552,7.35
PERF_01420,SUP_019,2027-M09,93.77,92.77,522,6.73
PERF_01421,SUP_016,2026-M07,93.39,92.88,791,6.87
PERF_01422,SUP_021,2026-M01,92.22,95.25,558,6.26
PERF_01423,SUP_004,2026-M06,90.97,88.41,435,10.31
PERF_01424,SUP_007,2026-M03,91.99,92.47,615,7.77
PERF_01425,SUP_023,2027-M08,85.42,90.3,295,12.14
PERF_01426,SUP_022,2027-M07,93.7,94.5,206,5.9
PERF_01427,SUP_012,2027-M09,94.4,97.31,778,4.14
PERF_01428,SUP_013,2027-M01,83.46,94.9,994,10.82
PERF_01429,SUP_006,2027-M01,87.76,93.91,568,9.16
PERF_01430,SUP_019,2027-M04,90.06,96.77,821,6.59
PERF_01431,SUP_020,2026-M11,89.23,90.72,523,10.03
PERF_01432,SUP_012,2026-M07,93.97,99.42,54,3.31
PERF_01433,SUP_023,2027-M01,86.33,93.32,503,10.18
PERF_01434,SUP_025,2026-M01,91.62,94.94,126,6.72
PERF_01435,SUP_014,2026-M09,85.38,93.96,518,10.33
PERF_01436,SUP_019,2027-M01,84.71,91.42,846,11.94
PERF_01437,SUP_021,2026-M05,92.51,94.24,468,6.62
PERF_01438,SUP_004,2027-M07,84.86,94.64,736,10.25
PERF_01439,SUP_016,2027-M02,89.17,96.11,414,7.36
PERF_01440,SUP_012,2027-M12,97.98,96.79,292,2.61
PERF_01441,SUP_017,2027-M05,87.34,91.33,1084,10.66
PERF_01442,SUP_013,2027-M10,84.77,90.09,1007,12.57
PERF_01443,SUP_001,2027-M11,93.41,99.05,659,3.77
PERF_01444,SUP_018,2026-M04,92.49,97.5,189,5.0
PERF_01445,SUP_024,2026-M06,92.06,93.7,774,7.12
PERF_01446,SUP_012,2026-M04,92.66,92.25,460,7.55
PERF_01447,SUP_021,2027-M11,86.91,94.61,648,9.24
PERF_01448,SUP_003,2026-M07,90.08,97.87,905,6.03
PERF_01449,SUP_008,2027-M08,89.64,94.47,550,7.94
PERF_01450,SUP_017,2027-M07,82.65,89.25,727,14.05
PERF_01451,SUP_016,2027-M04,84.29,93.72,590,11.0
PERF_01452,SUP_006,2027-M04,85.08,94.41,803,10.25
PERF_01453,SUP_002,2027-M07,94.08,94.79,558,5.56
PERF_01454,SUP_009,2026-M03,95.14,96.17,295,4.34
PERF_01455,SUP_013,2027-M06,88.83,94.99,680,8.09
PERF_01456,SUP_010,2026-M02,95.49,91.49,726,6.51
PERF_01457,SUP_013,2027-M10,85.98,92.56,451,10.73
PERF_01458,SUP_003,2026-M12,87.86,90.27,727,10.94
PERF_01459,SUP_016,2027-M10,93.38,95.22,165,5.7
PERF_01460,SUP_007,2027-M02,95.33,93.54,564,5.56
PERF_01461,SUP_008,2026-M12,92.07,94.84,426,6.55
PERF_01462,SUP_014,2026-M03,88.89,90.68,699,10.22
PERF_01463,SUP_020,2027-M10,85.64,88.22,849,13.07
PERF_01464,SUP_002,2027-M02,95.16,96.89,603,3.97
PERF_01465,SUP_005,2027-M09,95.57,95.07,527,4.68
PERF_01466,SUP_018,2026-M07,89.63,93.55,227,8.41
PERF_01467,SUP_025,2027-M01,97.24,98.36,497,2.2
PERF_01468,SUP_001,2026-M02,98.42,94.6,389,3.49
PERF_01469,SUP_013,2026-M11,87.62,94.12,776,9.13
PERF_01470,SUP_004,2026-M04,88.95,94.75,835,8.15
PERF_01471,SUP_014,2027-M05,86.29,92.05,568,10.83
PERF_01472,SUP_025,2026-M01,86.51,96.5,521,8.5
PERF_01473,SUP_024,2026-M08,90.59,88.33,609,10.54
PERF_01474,SUP_004,2026-M09,83.44,96.82,442,9.87
PERF_01475,SUP_003,2026-M08,93.27,95.36,519,5.69
PERF_01476,SUP_021,2027-M03,89.7,96.28,291,7.01
PERF_01477,SUP_012,2027-M09,94.91,95.19,50,4.95
PERF_01478,SUP_019,2026-M05,82.81,93.57,587,11.81
PERF_01479,SUP_014,2026-M04,86.64,93.94,1014,9.71
PERF_01480,SUP_021,2027-M12,92.28,94.55,560,6.59
PERF_01481,SUP_005,2027-M02,90.53,96.96,470,6.25
PERF_01482,SUP_009,2026-M02,95.14,90.56,307,7.15
PERF_01483,SUP_009,2026-M02,90.47,95.65,556,6.94
PERF_01484,SUP_015,2027-M07,95.19,92.56,520,6.12
PERF_01485,SUP_018,2026-M06,97.15,96.54,673,3.16
PERF_01486,SUP_022,2026-M01,94.87,93.11,133,6.01
PERF_01487,SUP_021,2027-M02,88.45,97.06,697,7.25
PERF_01488,SUP_007,2026-M08,94.75,94.91,952,5.17
PERF_01489,SUP_004,2026-M11,88.36,90.51,830,10.56
PERF_01490,SUP_022,2026-M02,95.25,96.27,477,4.24
PERF_01491,SUP_014,2027-M09,89.27,95.41,1038,7.66
PERF_01492,SUP_016,2027-M08,92.03,95.71,742,6.13
PERF_01493,SUP_006,2027-M02,88.72,95.29,381,8.0
PERF_01494,SUP_009,2026-M06,96.26,92.41,517,5.66
PERF_01495,SUP_001,2027-M10,92.66,98.18,313,4.58
PERF_01496,SUP_015,2026-M03,85.92,94.85,504,9.62
PERF_01497,SUP_006,2026-M03,92.74,93.4,739,6.93
PERF_01498,SUP_004,2026-M07,87.23,91.93,568,10.42
PERF_01499,SUP_021,2027-M05,95.67,99.59,298,2.37
PERF_01500,SUP_015,2026-M04,93.93,88.38,381,8.84
PERF_01501,SUP_025,2026-M06,91.12,92.62,83,8.13
PERF_01502,SUP_015,2026-M01,91.94,93.26,695,7.4
PERF_01503,SUP_017,2026-M08,89.47,92.26,971,9.13
PERF_01504,SUP_019,2027-M03,89.29,90.03,911,10.34
PERF_01505,SUP_024,2026-M04,88.03,90.86,644,10.56
PERF_01506,SUP_023,2027-M09,86.76,91.96,768,10.64
PERF_01507,SUP_011,2026-M07,95.05,93.76,302,5.59
PERF_01508,SUP_025,2027-M12,97.22,97.24,815,2.77
PERF_01509,SUP_010,2027-M05,92.74,95.66,442,5.8
PERF_01510,SUP_015,2026-M04,92.99,93.67,509,6.67
PERF_01511,SUP_007,2026-M10,89.7,95.16,820,7.57
PERF_01512,SUP_021,2026-M02,90.46,97.26,332,6.14
PERF_01513,SUP_023,2027-M06,90.15,92.24,656,8.81
PERF_01514,SUP_025,2026-M07,96.3,93.4,789,5.15
PERF_01515,SUP_019,2027-M03,84.04,91.51,774,12.22
PERF_01516,SUP_012,2027-M09,96.35,96.15,348,3.75
PERF_01517,SUP_015,2027-M09,91.93,93.22,898,7.42
PERF_01518,SUP_003,2026-M07,92.02,95.18,506,6.4
PERF_01519,SUP_023,2026-M10,89.26,92.25,498,9.25
PERF_01520,SUP_020,2026-M12,88.78,90.46,951,10.38
PERF_01521,SUP_012,2026-M05,91.39,99.9,180,4.35
PERF_01522,SUP_005,2026-M12,95.26,98.38,245,3.18
PERF_01523,SUP_016,2027-M02,92.96,90.53,930,8.25
PERF_01524,SUP_023,2027-M12,89.54,91.51,640,9.47
PERF_01525,SUP_011,2026-M01,96.43,94.54,250,4.51
PERF_01526,SUP_025,2026-M02,93.34,93.06,764,6.8
PERF_01527,SUP_024,2027-M03,88.1,95.28,721,8.31
PERF_01528,SUP_009,2026-M09,90.15,95.39,616,7.23
PERF_01529,SUP_020,2026-M04,87.14,94.78,1024,9.04
PERF_01530,SUP_010,2026-M06,91.96,91.65,504,8.19
PERF_01531,SUP_006,2026-M08,88.26,93.89,769,8.92
PERF_01532,SUP_021,2026-M09,86.59,95.38,491,9.02
PERF_01533,SUP_015,2026-M03,89.87,97.03,704,6.55
PERF_01534,SUP_019,2027-M11,93.43,92.46,887,7.06
PERF_01535,SUP_002,2026-M11,98.31,98.88,221,1.41
PERF_01536,SUP_015,2026-M09,89.94,92.94,717,8.56
PERF_01537,SUP_004,2027-M03,92.16,91.3,673,8.27
PERF_01538,SUP_020,2026-M07,81.64,95.4,717,11.48
PERF_01539,SUP_022,2026-M06,94.17,95.23,629,5.3
PERF_01540,SUP_003,2027-M09,80.99,92.96,678,13.03
PERF_01541,SUP_012,2026-M10,93.24,99.9,182,3.43
PERF_01542,SUP_010,2026-M02,91.52,93.69,972,7.4
PERF_01543,SUP_019,2027-M06,87.5,91.17,919,10.66
PERF_01544,SUP_016,2026-M09,91.68,89.74,532,9.29
PERF_01545,SUP_025,2026-M04,95.16,98.09,264,3.38
PERF_01546,SUP_017,2026-M05,78.66,92.91,595,14.22
PERF_01547,SUP_014,2026-M04,82.25,85.12,942,16.31
PERF_01548,SUP_020,2027-M08,88.09,91.24,1097,10.34
PERF_01549,SUP_017,2027-M08,89.31,95.64,561,7.53
PERF_01550,SUP_001,2026-M11,95.1,92.76,274,6.07
PERF_01551,SUP_005,2027-M02,93.85,97.97,369,4.09
PERF_01552,SUP_019,2027-M06,91.37,94.76,1130,6.94
PERF_01553,SUP_024,2026-M04,88.85,90.85,729,10.15
PERF_01554,SUP_010,2027-M06,86.79,96.5,663,8.35
PERF_01555,SUP_017,2027-M03,85.7,90.42,983,11.94
PERF_01556,SUP_003,2026-M01,89.03,91.4,1033,9.78
PERF_01557,SUP_014,2027-M07,85.73,92.29,910,10.99
PERF_01558,SUP_011,2027-M11,89.11,97.2,188,6.84
PERF_01559,SUP_013,2026-M06,90.47,89.59,938,9.97
PERF_01560,SUP_011,2026-M03,97.32,98.15,450,2.27
PERF_01561,SUP_010,2027-M01,88.51,91.36,1014,10.06
PERF_01562,SUP_012,2027-M05,92.5,93.81,493,6.84
PERF_01563,SUP_019,2027-M11,87.11,90.62,411,11.13
PERF_01564,SUP_006,2027-M10,88.65,93.19,708,9.08
PERF_01565,SUP_013,2027-M08,90.85,93.32,761,7.92
PERF_01566,SUP_013,2026-M08,87.41,93.28,1054,9.66
PERF_01567,SUP_003,2027-M03,89.88,91.83,501,9.15
PERF_01568,SUP_016,2027-M03,86.06,95.27,755,9.34
PERF_01569,SUP_023,2026-M04,91.23,92.68,981,8.04
PERF_01570,SUP_017,2026-M03,85.95,93.99,832,10.03
PERF_01571,SUP_008,2026-M01,89.77,95.88,641,7.18
PERF_01572,SUP_024,2027-M01,90.87,93.4,672,7.86
PERF_01573,SUP_004,2026-M06,97.27,96.36,804,3.19
PERF_01574,SUP_003,2026-M06,89.84,95.52,803,7.32
PERF_01575,SUP_014,2027-M05,88.38,91.44,763,10.09
PERF_01576,SUP_008,2026-M09,82.09,94.93,462,11.49
PERF_01577,SUP_006,2026-M07,94.88,93.45,422,5.84
PERF_01578,SUP_023,2026-M04,89.35,90.38,794,10.14
PERF_01579,SUP_019,2027-M02,90.37,95.39,541,7.12
PERF_01580,SUP_014,2027-M10,88.4,88.79,920,11.4
PERF_01581,SUP_002,2026-M02,94.96,96.84,440,4.1
PERF_01582,SUP_012,2027-M10,95.84,99.9,302,2.13
PERF_01583,SUP_017,2027-M04,87.82,88.88,666,11.65
PERF_01584,SUP_025,2027-M10,94.29,98.76,348,3.47
PERF_01585,SUP_010,2027-M12,88.49,91.78,613,9.87
PERF_01586,SUP_019,2027-M09,90.38,89.26,956,10.18
PERF_01587,SUP_020,2027-M09,85.7,93.6,566,10.35
PERF_01588,SUP_010,2026-M12,91.21,94.48,796,7.16
PERF_01589,SUP_008,2026-M04,88.62,95.02,323,8.18
PERF_01590,SUP_004,2026-M01,89.34,95.97,819,7.34
PERF_01591,SUP_005,2027-M07,94.65,93.96,489,5.69
PERF_01592,SUP_001,2026-M07,95.26,91.0,476,6.87
PERF_01593,SUP_013,2027-M01,87.93,95.01,580,8.53
PERF_01594,SUP_017,2026-M09,77.87,92.3,898,14.91
PERF_01595,SUP_001,2027-M04,90.13,94.35,871,7.76
PERF_01596,SUP_010,2026-M04,88.28,94.63,589,8.55
PERF_01597,SUP_020,2027-M12,81.43,91.37,766,13.6
PERF_01598,SUP_022,2027-M12,92.8,95.71,452,5.75
PERF_01599,SUP_018,2026-M08,93.25,92.64,517,7.06
PERF_01600,SUP_017,2027-M03,81.55,86.47,987,15.99
PERF_01601,SUP_015,2026-M08,92.22,93.66,340,7.06
PERF_01602,SUP_004,2027-M05,87.98,92.74,340,9.64
PERF_01603,SUP_016,2027-M07,88.18,95.23,925,8.29
PERF_01604,SUP_018,2027-M03,92.44,97.69,50,4.94
PERF_01605,SUP_018,2026-M03,95.68,93.79,481,5.26
PERF_01606,SUP_003,2026-M04,88.76,96.3,525,7.47
PERF_01607,SUP_007,2026-M06,91.08,92.1,688,8.41
PERF_01608,SUP_015,2027-M06,90.15,91.69,617,9.08
PERF_01609,SUP_022,2026-M12,93.81,96.6,416,4.8
PERF_01610,SUP_021,2027-M06,95.49,97.71,249,3.4
PERF_01611,SUP_022,2026-M06,96.61,93.03,517,5.18
PERF_01612,SUP_003,2026-M02,91.36,88.22,718,10.21
PERF_01613,SUP_014,2026-M06,86.89,90.3,1050,11.4
PERF_01614,SUP_014,2026-M03,86.34,90.18,795,11.74
PERF_01615,SUP_005,2027-M01,96.66,96.05,593,3.65
PERF_01616,SUP_005,2026-M10,96.19,90.95,254,6.43
PERF_01617,SUP_001,2027-M05,93.51,98.0,50,4.25
PERF_01618,SUP_022,2027-M08,99.5,97.33,429,1.59
PERF_01619,SUP_006,2027-M10,93.64,99.26,834,3.55
PERF_01620,SUP_013,2026-M01,90.85,92.33,771,8.41
PERF_01621,SUP_005,2027-M10,93.17,94.33,222,6.25
PERF_01622,SUP_013,2027-M10,83.95,91.81,463,12.12
PERF_01623,SUP_024,2026-M06,90.37,93.11,709,8.26
PERF_01624,SUP_010,2027-M08,87.63,99.9,992,6.24
PERF_01625,SUP_021,2027-M06,89.37,95.98,338,7.32
PERF_01626,SUP_016,2026-M05,87.36,90.25,726,11.19
PERF_01627,SUP_010,2027-M07,87.16,95.22,918,8.81
PERF_01628,SUP_011,2027-M05,98.12,93.87,495,4.0
PERF_01629,SUP_002,2027-M02,95.3,94.41,285,5.15
PERF_01630,SUP_020,2026-M12,92.53,92.37,947,7.55
PERF_01631,SUP_007,2026-M01,86.73,89.75,606,11.76
PERF_01632,SUP_005,2026-M02,94.23,93.74,358,6.02
PERF_01633,SUP_021,2026-M07,88.03,92.6,594,9.69
PERF_01634,SUP_007,2026-M03,91.01,91.82,516,8.59
PERF_01635,SUP_022,2026-M11,90.92,95.07,528,7.0
PERF_01636,SUP_010,2026-M04,91.98,91.56,489,8.23
PERF_01637,SUP_008,2027-M07,92.4,92.34,456,7.63
PERF_01638,SUP_007,2027-M05,93.18,94.87,751,5.97
PERF_01639,SUP_012,2026-M01,90.78,96.93,572,6.14
PERF_01640,SUP_007,2027-M03,88.07,96.18,978,7.88
PERF_01641,SUP_019,2027-M04,94.49,93.76,817,5.88
PERF_01642,SUP_025,2026-M01,98.24,97.12,299,2.32
PERF_01643,SUP_007,2026-M11,87.85,93.4,461,9.38
PERF_01644,SUP_010,2027-M07,88.77,95.54,281,7.84
PERF_01645,SUP_004,2026-M12,94.7,96.21,568,4.55
PERF_01646,SUP_023,2027-M04,91.13,93.01,945,7.93
PERF_01647,SUP_011,2026-M04,96.95,92.5,517,5.28
PERF_01648,SUP_009,2027-M11,92.48,95.61,314,5.95
PERF_01649,SUP_001,2026-M09,99.5,99.4,172,0.55
PERF_01650,SUP_009,2026-M10,89.1,94.44,546,8.23
PERF_01651,SUP_025,2026-M11,94.72,99.13,557,3.08
PERF_01652,SUP_021,2026-M07,96.01,96.22,182,3.88
PERF_01653,SUP_016,2027-M01,89.81,96.25,629,6.97
PERF_01654,SUP_002,2027-M10,94.91,94.8,234,5.15
PERF_01655,SUP_002,2027-M02,93.03,96.37,308,5.3
PERF_01656,SUP_016,2027-M03,89.69,91.25,863,9.53
PERF_01657,SUP_008,2026-M07,90.72,98.03,865,5.62
PERF_01658,SUP_001,2027-M01,94.96,94.28,50,5.38
PERF_01659,SUP_013,2026-M12,83.58,88.57,1075,13.93
PERF_01660,SUP_012,2027-M02,94.95,97.37,50,3.84
PERF_01661,SUP_006,2026-M03,86.51,95.62,717,8.94
PERF_01662,SUP_005,2027-M01,94.16,97.81,687,4.02
PERF_01663,SUP_004,2026-M07,89.44,93.57,698,8.5
PERF_01664,SUP_015,2026-M03,97.88,88.55,756,6.78
PERF_01665,SUP_013,2026-M10,87.66,93.42,668,9.46
PERF_01666,SUP_001,2026-M08,95.05,98.58,942,3.19
PERF_01667,SUP_005,2026-M09,97.02,94.28,275,4.35
PERF_01668,SUP_018,2027-M03,92.34,91.31,353,8.17
PERF_01669,SUP_021,2027-M12,95.3,92.21,669,6.25
PERF_01670,SUP_023,2026-M07,90.96,91.16,671,8.94
PERF_01671,SUP_012,2027-M03,99.39,98.23,361,1.19
PERF_01672,SUP_001,2026-M02,94.49,96.99,217,4.26
PERF_01673,SUP_002,2027-M03,87.09,99.9,471,6.5
PERF_01674,SUP_003,2026-M04,90.69,92.86,552,8.22
PERF_01675,SUP_014,2027-M12,87.74,88.2,1235,12.03
PERF_01676,SUP_019,2026-M03,85.8,90.42,611,11.89
PERF_01677,SUP_015,2026-M09,94.56,93.84,372,5.8
PERF_01678,SUP_004,2027-M06,93.86,95.23,767,5.45
PERF_01679,SUP_015,2027-M05,92.85,99.79,1057,3.68
PERF_01680,SUP_014,2026-M03,86.24,96.26,856,8.75
PERF_01681,SUP_021,2027-M11,94.6,91.17,425,7.12
PERF_01682,SUP_009,2027-M06,90.66,97.47,674,5.94
PERF_01683,SUP_015,2027-M12,84.48,93.74,844,10.89
PERF_01684,SUP_007,2026-M03,88.64,94.62,790,8.37
PERF_01685,SUP_010,2027-M10,90.22,92.12,476,8.83
PERF_01686,SUP_014,2026-M01,84.94,93.97,783,10.55
PERF_01687,SUP_004,2026-M02,89.68,92.34,598,8.99
PERF_01688,SUP_009,2027-M03,96.24,94.56,191,4.6
PERF_01689,SUP_012,2027-M04,96.83,95.89,366,3.64
PERF_01690,SUP_012,2026-M07,99.42,96.35,417,2.12
PERF_01691,SUP_003,2026-M10,85.96,92.45,821,10.8
PERF_01692,SUP_021,2026-M08,88.43,95.9,480,7.83
PERF_01693,SUP_001,2027-M10,95.32,99.39,386,2.65
PERF_01694,SUP_003,2027-M04,93.93,90.52,727,7.78
PERF_01695,SUP_025,2026-M03,94.25,93.33,591,6.21
PERF_01696,SUP_004,2026-M02,97.07,93.36,761,4.78
PERF_01697,SUP_013,2026-M11,88.25,90.22,435,10.76
PERF_01698,SUP_017,2026-M07,85.28,88.12,1180,13.3
PERF_01699,SUP_017,2026-M12,87.05,90.74,1017,11.11
PERF_01700,SUP_005,2027-M03,91.23,94.48,373,7.14
PERF_01701,SUP_015,2027-M10,93.79,95.05,669,5.58
PERF_01702,SUP_005,2027-M06,94.83,97.4,400,3.88
PERF_01703,SUP_006,2027-M05,87.01,93.52,445,9.74
PERF_01704,SUP_019,2027-M04,89.74,91.8,1207,9.23
PERF_01705,SUP_025,2026-M11,93.88,92.49,373,6.81
PERF_01706,SUP_017,2027-M09,88.96,95.78,722,7.63
PERF_01707,SUP_012,2026-M11,89.85,98.44,83,5.86
PERF_01708,SUP_004,2027-M12,88.79,92.76,646,9.22
PERF_01709,SUP_005,2027-M12,96.67,94.69,305,4.32
PERF_01710,SUP_024,2026-M06,89.76,93.57,699,8.34
PERF_01711,SUP_024,2026-M09,91.11,95.31,758,6.79
PERF_01712,SUP_010,2027-M08,90.56,88.84,730,10.3
PERF_01713,SUP_009,2027-M05,94.54,97.22,321,4.12
PERF_01714,SUP_023,2027-M05,87.52,91.56,807,10.46
PERF_01715,SUP_016,2026-M02,93.5,92.58,821,6.96
PERF_01716,SUP_024,2027-M11,90.17,92.89,637,8.47
PERF_01717,SUP_019,2026-M07,91.74,93.81,1155,7.22
PERF_01718,SUP_009,2027-M01,90.54,96.7,354,6.38
PERF_01719,SUP_015,2026-M10,88.09,93.77,647,9.07
PERF_01720,SUP_021,2027-M12,99.5,94.94,233,2.78
PERF_01721,SUP_009,2027-M05,93.92,90.21,441,7.94
PERF_01722,SUP_010,2027-M11,89.25,94.79,914,7.98
PERF_01723,SUP_023,2027-M02,87.99,92.62,546,9.69
PERF_01724,SUP_020,2026-M01,84.32,92.57,565,11.56
PERF_01725,SUP_020,2026-M07,86.46,89.31,929,12.12
PERF_01726,SUP_021,2027-M01,98.5,92.15,89,4.67
PERF_01727,SUP_022,2026-M08,93.63,96.04,443,5.16
PERF_01728,SUP_013,2027-M01,86.66,91.5,873,10.92
PERF_01729,SUP_006,2026-M02,93.22,88.51,586,9.13
PERF_01730,SUP_012,2027-M03,95.24,94.11,706,5.33
PERF_01731,SUP_024,2027-M11,87.89,93.1,791,9.5
PERF_01732,SUP_001,2026-M09,93.43,92.18,234,7.19
PERF_01733,SUP_006,2027-M03,93.19,92.56,490,7.12
PERF_01734,SUP_018,2027-M03,96.48,94.97,317,4.28
PERF_01735,SUP_015,2026-M04,91.15,95.73,1096,6.56
PERF_01736,SUP_024,2026-M03,92.28,96.1,578,5.81
PERF_01737,SUP_006,2027-M03,87.02,93.56,681,9.71
PERF_01738,SUP_017,2026-M03,84.16,91.16,919,12.34
PERF_01739,SUP_013,2026-M04,89.08,93.26,858,8.83
PERF_01740,SUP_007,2026-M04,87.68,91.52,480,10.4
PERF_01741,SUP_013,2027-M05,93.35,92.03,755,7.31
PERF_01742,SUP_018,2027-M09,90.91,99.9,205,4.59
PERF_01743,SUP_018,2026-M04,92.41,96.84,540,5.38
PERF_01744,SUP_007,2027-M08,92.07,97.32,821,5.31
PERF_01745,SUP_019,2026-M02,86.33,92.36,761,10.66
PERF_01746,SUP_004,2027-M10,96.3,89.91,900,6.9
PERF_01747,SUP_015,2027-M05,91.24,95.89,599,6.44
PERF_01748,SUP_012,2026-M11,92.07,98.28,490,4.83
PERF_01749,SUP_014,2027-M01,91.22,92.17,660,8.31
PERF_01750,SUP_011,2027-M03,89.32,98.05,484,6.31
PERF_01751,SUP_006,2026-M02,87.2,92.05,566,10.38
PERF_01752,SUP_001,2027-M03,90.75,94.76,93,7.25
PERF_01753,SUP_023,2026-M03,88.26,91.15,374,10.29
PERF_01754,SUP_021,2026-M06,99.17,98.53,304,1.15
PERF_01755,SUP_025,2026-M02,94.82,97.04,638,4.07
PERF_01756,SUP_017,2026-M03,84.94,94.33,730,10.37
PERF_01757,SUP_008,2026-M08,87.59,96.21,818,8.1
PERF_01758,SUP_022,2026-M06,99.5,93.0,539,3.75
PERF_01759,SUP_010,2026-M04,87.97,94.76,425,8.63
PERF_01760,SUP_005,2026-M11,90.81,94.46,375,7.37
PERF_01761,SUP_010,2027-M07,87.28,94.45,925,9.13
PERF_01762,SUP_014,2026-M01,90.1,96.25,863,6.83
PERF_01763,SUP_004,2027-M12,86.45,96.81,538,8.37
PERF_01764,SUP_007,2026-M08,91.93,96.73,811,5.67
PERF_01765,SUP_010,2027-M06,84.71,90.5,984,12.4
PERF_01766,SUP_025,2026-M12,93.49,96.2,551,5.16
PERF_01767,SUP_025,2027-M10,96.09,96.7,358,3.6
PERF_01768,SUP_007,2027-M01,88.26,94.94,830,8.4
PERF_01769,SUP_017,2026-M04,86.63,94.31,814,9.53
PERF_01770,SUP_019,2026-M02,86.95,91.1,504,10.97
PERF_01771,SUP_019,2027-M06,88.68,96.08,538,7.62
PERF_01772,SUP_016,2027-M03,90.97,91.96,587,8.53
PERF_01773,SUP_014,2027-M04,83.77,91.65,741,12.29
PERF_01774,SUP_010,2027-M07,90.82,93.36,480,7.91
PERF_01775,SUP_014,2027-M03,91.55,92.73,819,7.86
PERF_01776,SUP_003,2027-M07,89.47,91.71,743,9.41
PERF_01777,SUP_023,2027-M11,90.93,88.63,592,10.22
PERF_01778,SUP_009,2027-M04,92.34,96.04,698,5.81
PERF_01779,SUP_003,2026-M05,87.18,91.76,597,10.53
PERF_01780,SUP_012,2026-M02,92.2,95.53,514,6.13
PERF_01781,SUP_023,2027-M07,86.34,94.07,359,9.8
PERF_01782,SUP_008,2027-M04,89.92,93.58,894,8.25
PERF_01783,SUP_002,2026-M02,92.58,90.1,50,8.66
PERF_01784,SUP_020,2026-M04,87.8,93.33,895,9.44
PERF_01785,SUP_003,2026-M04,90.0,95.91,592,7.05
PERF_01786,SUP_014,2027-M12,90.98,88.12,599,10.45
PERF_01787,SUP_011,2026-M07,88.58,95.31,390,8.06
PERF_01788,SUP_016,2027-M04,90.74,93.75,454,7.75
PERF_01789,SUP_011,2026-M10,93.43,92.26,672,7.16
PERF_01790,SUP_014,2026-M06,87.39,90.98,1097,10.81
PERF_01791,SUP_018,2026-M10,89.97,92.99,200,8.52
PERF_01792,SUP_002,2027-M01,93.2,96.68,587,5.06
PERF_01793,SUP_004,2027-M01,97.82,87.78,781,7.2
PERF_01794,SUP_022,2026-M07,92.33,94.53,276,6.57
PERF_01795,SUP_024,2026-M06,87.07,97.41,848,7.76
PERF_01796,SUP_023,2027-M12,89.57,96.38,397,7.03
PERF_01797,SUP_017,2026-M07,83.41,86.16,700,15.22
PERF_01798,SUP_019,2027-M02,89.99,93.26,729,8.38
PERF_01799,SUP_016,2027-M03,86.17,95.61,687,9.11
PERF_01800,SUP_012,2027-M10,96.8,91.67,422,5.76
PERF_01801,SUP_016,2026-M06,86.84,92.61,746,10.28
PERF_01802,SUP_020,2027-M06,87.97,89.67,821,11.18
PERF_01803,SUP_012,2026-M09,90.01,99.28,318,5.35
PERF_01804,SUP_001,2027-M03,98.56,95.48,215,2.98
PERF_01805,SUP_022,2026-M04,91.71,98.19,258,5.05
PERF_01806,SUP_010,2027-M07,91.13,91.84,324,8.52
PERF_01807,SUP_023,2027-M07,87.79,90.05,706,11.08
PERF_01808,SUP_024,2026-M03,86.23,95.51,661,9.13
PERF_01809,SUP_018,2027-M08,93.17,97.44,612,4.69
PERF_01810,SUP_022,2026-M04,93.94,94.07,50,6.0
PERF_01811,SUP_014,2026-M06,86.24,90.66,801,11.55
PERF_01812,SUP_003,2026-M12,88.46,94.72,577,8.41
PERF_01813,SUP_005,2027-M08,94.43,99.36,428,3.1
PERF_01814,SUP_008,2027-M05,91.42,92.9,433,7.84
PERF_01815,SUP_022,2026-M05,91.45,94.65,551,6.95
PERF_01816,SUP_008,2027-M10,90.93,91.03,913,9.02
PERF_01817,SUP_004,2026-M10,91.06,89.88,571,9.53
PERF_01818,SUP_003,2027-M12,89.83,97.26,478,6.45
PERF_01819,SUP_001,2026-M10,98.13,99.9,194,0.98
PERF_01820,SUP_021,2027-M01,92.27,92.81,419,7.46
PERF_01821,SUP_018,2027-M03,93.59,97.45,638,4.48
PERF_01822,SUP_004,2026-M12,87.86,88.48,655,11.83
PERF_01823,SUP_025,2027-M02,94.88,96.62,334,4.25
PERF_01824,SUP_003,2026-M05,89.87,96.79,776,6.67
PERF_01825,SUP_006,2026-M01,88.98,92.15,626,9.44
PERF_01826,SUP_014,2027-M02,93.21,91.74,776,7.53
PERF_01827,SUP_023,2027-M03,88.05,95.75,1091,8.1
PERF_01828,SUP_003,2026-M11,90.85,93.21,707,7.97
PERF_01829,SUP_012,2027-M10,87.45,98.26,386,7.14
PERF_01830,SUP_012,2027-M01,95.89,94.62,283,4.75
PERF_01831,SUP_011,2026-M01,92.77,98.55,324,4.34
PERF_01832,SUP_009,2027-M10,99.35,96.48,204,2.09
PERF_01833,SUP_013,2027-M03,87.61,90.37,361,11.01
PERF_01834,SUP_013,2026-M12,92.8,93.76,906,6.72
PERF_01835,SUP_011,2026-M02,94.5,92.54,303,6.48
PERF_01836,SUP_012,2027-M02,97.13,93.77,50,4.55
PERF_01837,SUP_002,2026-M11,92.72,95.25,467,6.02
PERF_01838,SUP_023,2027-M03,91.69,94.59,751,6.86
PERF_01839,SUP_005,2026-M07,98.19,92.6,460,4.61
PERF_01840,SUP_013,2027-M09,89.88,88.9,499,10.61
PERF_01841,SUP_010,2027-M04,86.96,91.15,870,10.94
PERF_01842,SUP_010,2027-M06,87.36,90.66,597,10.99
PERF_01843,SUP_008,2026-M01,94.96,94.43,524,5.31
PERF_01844,SUP_020,2026-M05,87.37,95.03,670,8.8
PERF_01845,SUP_019,2026-M01,93.45,93.53,667,6.51
PERF_01846,SUP_016,2027-M02,97.9,90.96,569,5.57
PERF_01847,SUP_016,2026-M03,86.7,95.98,977,8.66
PERF_01848,SUP_023,2026-M10,94.51,96.06,660,4.72
PERF_01849,SUP_023,2027-M11,88.4,88.82,1107,11.39
PERF_01850,SUP_014,2026-M06,89.71,90.97,1045,9.66
PERF_01851,SUP_007,2026-M11,86.28,93.82,685,9.95
PERF_01852,SUP_004,2026-M04,92.02,93.24,369,7.37
PERF_01853,SUP_021,2027-M11,93.33,98.02,454,4.33
PERF_01854,SUP_025,2027-M05,96.33,93.39,394,5.14
PERF_01855,SUP_006,2027-M09,88.23,95.27,666,8.25
PERF_01856,SUP_023,2026-M06,91.57,95.72,838,6.36
PERF_01857,SUP_006,2026-M09,90.92,90.9,659,9.09
PERF_01858,SUP_018,2027-M06,92.1,94.94,345,6.48
PERF_01859,SUP_010,2026-M11,86.26,87.91,586,12.91
PERF_01860,SUP_018,2026-M04,94.28,92.43,423,6.64
PERF_01861,SUP_020,2026-M11,93.4,94.36,1148,6.12
PERF_01862,SUP_022,2026-M06,95.17,98.92,255,2.95
PERF_01863,SUP_015,2027-M03,88.77,86.95,857,12.14
PERF_01864,SUP_004,2026-M03,94.72,92.02,609,6.63
PERF_01865,SUP_008,2026-M03,89.34,95.36,784,7.65
PERF_01866,SUP_012,2026-M04,89.37,97.42,304,6.6
PERF_01867,SUP_024,2027-M03,90.14,94.35,642,7.75
PERF_01868,SUP_014,2027-M04,87.99,91.67,974,10.17
PERF_01869,SUP_017,2027-M06,88.66,92.15,585,9.59
PERF_01870,SUP_005,2026-M08,93.46,98.65,367,3.94
PERF_01871,SUP_025,2026-M12,95.98,99.9,607,2.06
PERF_01872,SUP_012,2026-M03,94.88,95.12,50,5.0
PERF_01873,SUP_008,2026-M12,91.09,93.58,638,7.66
PERF_01874,SUP_007,2026-M06,88.74,92.0,364,9.63
PERF_01875,SUP_015,2026-M12,87.88,94.99,963,8.56
PERF_01876,SUP_019,2026-M05,89.21,93.82,890,8.49
PERF_01877,SUP_008,2026-M12,89.17,95.32,411,7.75
PERF_01878,SUP_003,2027-M10,92.09,93.38,759,7.26
PERF_01879,SUP_020,2027-M07,85.35,93.57,1236,10.54
PERF_01880,SUP_010,2026-M02,86.18,91.95,766,10.94
PERF_01881,SUP_008,2027-M05,93.96,93.0,50,6.52
PERF_01882,SUP_002,2027-M08,97.48,97.5,91,2.51
PERF_01883,SUP_025,2027-M11,92.18,99.9,689,3.96
PERF_01884,SUP_024,2027-M04,92.62,92.76,696,7.31
PERF_01885,SUP_018,2027-M03,93.31,98.62,244,4.03
PERF_01886,SUP_017,2026-M11,84.98,94.13,831,10.44
PERF_01887,SUP_003,2027-M10,93.64,91.32,689,7.52
PERF_01888,SUP_010,2027-M10,86.43,92.82,424,10.38
PERF_01889,SUP_012,2026-M08,93.14,92.81,498,7.03
PERF_01890,SUP_022,2027-M05,96.15,91.67,666,6.09
PERF_01891,SUP_018,2026-M11,99.5,95.92,291,2.29
PERF_01892,SUP_006,2027-M05,98.57,90.1,664,5.67
PERF_01893,SUP_007,2027-M05,89.74,96.16,791,7.05
PERF_01894,SUP_013,2027-M01,86.5,89.62,731,11.94
PERF_01895,SUP_009,2027-M09,90.08,95.52,347,7.2
PERF_01896,SUP_015,2026-M01,86.22,96.94,520,8.42
PERF_01897,SUP_021,2027-M07,89.3,94.98,473,7.86
PERF_01898,SUP_017,2027-M02,82.16,92.43,630,12.7
PERF_01899,SUP_008,2027-M02,96.73,95.71,480,3.78
PERF_01900,SUP_015,2027-M07,88.46,93.54,742,9.0
PERF_01901,SUP_009,2026-M07,93.02,94.86,471,6.06
PERF_01902,SUP_007,2027-M07,87.39,91.94,302,10.34
PERF_01903,SUP_011,2027-M09,96.92,96.75,245,3.16
PERF_01904,SUP_019,2026-M11,95.2,93.22,492,5.79
PERF_01905,SUP_024,2027-M01,92.37,94.2,758,6.72
PERF_01906,SUP_009,2026-M05,91.82,96.53,407,5.83
PERF_01907,SUP_005,2026-M08,96.27,91.64,273,6.05
PERF_01908,SUP_003,2026-M10,94.67,91.08,579,7.12
PERF_01909,SUP_010,2027-M07,87.86,89.76,278,11.19
PERF_01910,SUP_002,2027-M06,92.71,95.94,429,5.68
PERF_01911,SUP_003,2027-M03,89.07,93.11,904,8.91
PERF_01912,SUP_006,2026-M05,89.53,91.96,603,9.25
PERF_01913,SUP_012,2027-M05,96.34,99.9,234,1.88
PERF_01914,SUP_002,2026-M07,93.7,96.45,241,4.92
PERF_01915,SUP_024,2027-M07,89.86,89.54,326,10.3
PERF_01916,SUP_023,2027-M04,90.6,92.04,740,8.68
PERF_01917,SUP_005,2027-M04,94.55,93.96,350,5.75
PERF_01918,SUP_017,2026-M04,83.7,95.08,568,10.61
PERF_01919,SUP_020,2027-M02,87.11,89.19,934,11.85
PERF_01920,SUP_006,2026-M07,89.11,92.1,830,9.4
PERF_01921,SUP_022,2027-M02,94.09,97.29,203,4.31
PERF_01922,SUP_010,2027-M07,84.99,93.07,656,10.97
PERF_01923,SUP_011,2027-M01,95.88,95.8,441,4.16
PERF_01924,SUP_020,2027-M12,82.83,96.52,787,10.33
PERF_01925,SUP_003,2027-M03,91.59,90.91,761,8.75
PERF_01926,SUP_011,2027-M04,90.09,97.13,328,6.39
PERF_01927,SUP_017,2026-M09,87.49,93.34,593,9.59
PERF_01928,SUP_023,2026-M02,87.45,94.14,1119,9.2
PERF_01929,SUP_003,2026-M07,89.09,94.48,678,8.22
PERF_01930,SUP_024,2027-M01,95.63,88.83,698,7.77
PERF_01931,SUP_014,2026-M05,83.42,85.93,839,15.32
PERF_01932,SUP_005,2026-M02,95.02,95.69,338,4.65
PERF_01933,SUP_014,2027-M11,97.59,91.55,882,5.43
PERF_01934,SUP_024,2026-M07,87.85,93.94,632,9.11
PERF_01935,SUP_007,2027-M01,87.97,97.35,955,7.34
PERF_01936,SUP_001,2027-M01,95.61,91.04,247,6.67
PERF_01937,SUP_013,2026-M02,96.11,91.42,1020,6.24
PERF_01938,SUP_006,2027-M04,94.43,93.95,491,5.81
PERF_01939,SUP_011,2027-M08,86.69,97.71,237,7.8
PERF_01940,SUP_009,2027-M12,93.63,92.28,406,7.05
PERF_01941,SUP_012,2026-M09,94.7,97.07,137,4.12
PERF_01942,SUP_005,2026-M12,98.19,94.91,50,3.45
PERF_01943,SUP_008,2027-M12,91.27,94.49,592,7.12
PERF_01944,SUP_008,2027-M09,95.69,93.81,536,5.25
PERF_01945,SUP_024,2027-M04,86.49,95.25,716,9.13
PERF_01946,SUP_019,2027-M06,88.24,88.24,988,11.76
PERF_01947,SUP_001,2026-M11,91.52,95.32,391,6.58
PERF_01948,SUP_008,2026-M02,88.01,90.67,135,10.66
PERF_01949,SUP_021,2027-M06,95.26,94.04,1045,5.35
PERF_01950,SUP_022,2027-M10,91.02,93.7,286,7.64
PERF_01951,SUP_003,2027-M02,90.23,91.82,822,8.97
PERF_01952,SUP_020,2026-M11,84.76,88.35,460,13.44
PERF_01953,SUP_016,2027-M09,83.73,92.3,579,11.98
PERF_01954,SUP_018,2027-M03,91.81,98.91,665,4.64
PERF_01955,SUP_005,2026-M07,93.6,91.92,246,7.24
PERF_01956,SUP_001,2027-M03,93.4,95.16,180,5.72
PERF_01957,SUP_010,2026-M10,87.24,91.83,592,10.47
PERF_01958,SUP_011,2027-M10,94.62,96.9,217,4.24
PERF_01959,SUP_022,2027-M08,97.81,93.55,76,4.32
PERF_01960,SUP_017,2026-M07,88.54,89.56,904,10.95
PERF_01961,SUP_002,2027-M11,86.19,99.08,574,7.37
PERF_01962,SUP_012,2026-M04,90.1,92.7,694,8.6
PERF_01963,SUP_022,2026-M05,91.79,93.91,50,7.15
PERF_01964,SUP_006,2026-M01,89.05,92.83,803,9.06
PERF_01965,SUP_013,2026-M07,83.8,88.2,890,14.0
PERF_01966,SUP_018,2027-M03,96.72,91.87,636,5.7
PERF_01967,SUP_002,2027-M03,93.51,98.33,425,4.08
PERF_01968,SUP_022,2027-M06,86.43,95.62,612,8.97
PERF_01969,SUP_003,2026-M12,86.82,92.03,664,10.58
PERF_01970,SUP_020,2026-M06,79.0,95.98,639,12.51
PERF_01971,SUP_003,2027-M05,91.02,92.78,951,8.1
PERF_01972,SUP_004,2027-M01,91.32,92.81,481,7.94
PERF_01973,SUP_020,2027-M04,90.09,87.12,949,11.39
PERF_01974,SUP_016,2026-M11,87.1,96.73,672,8.09
PERF_01975,SUP_005,2027-M09,96.53,96.6,50,3.44
PERF_01976,SUP_012,2027-M09,92.02,98.08,393,4.95
PERF_01977,SUP_015,2026-M10,94.24,94.81,426,5.47
PERF_01978,SUP_013,2026-M09,85.61,92.26,337,11.06
PERF_01979,SUP_003,2026-M12,94.52,94.1,945,5.69
PERF_01980,SUP_015,2026-M09,85.96,96.91,1066,8.56
PERF_01981,SUP_018,2026-M01,89.74,97.73,420,6.26
PERF_01982,SUP_017,2027-M01,82.77,92.83,1006,12.2
PERF_01983,SUP_013,2026-M07,86.2,94.91,466,9.44
PERF_01984,SUP_003,2027-M02,85.02,93.34,705,10.82
PERF_01985,SUP_023,2026-M10,87.35,95.02,806,8.81
PERF_01986,SUP_017,2027-M09,89.97,91.29,960,9.37
PERF_01987,SUP_025,2027-M08,92.66,99.9,237,3.72
PERF_01988,SUP_022,2026-M12,99.5,96.09,124,2.2
PERF_01989,SUP_020,2026-M08,91.8,92.11,990,8.05
PERF_01990,SUP_011,2026-M08,97.67,96.84,281,2.75
PERF_01991,SUP_014,2026-M04,91.23,92.2,917,8.28
PERF_01992,SUP_002,2026-M08,86.94,96.72,312,8.17
PERF_01993,SUP_018,2027-M03,98.66,97.36,467,1.99
PERF_01994,SUP_010,2027-M06,90.66,90.3,1044,9.52
PERF_01995,SUP_015,2026-M04,96.67,94.78,938,4.28
PERF_01996,SUP_013,2026-M09,86.29,90.01,808,11.85
PERF_01997,SUP_010,2026-M12,90.5,91.82,827,8.84
PERF_01998,SUP_013,2027-M10,88.92,89.5,903,10.79
PERF_01999,SUP_020,2026-M01,90.29,92.23,1050,8.74
PERF_02000,SUP_005,2026-M02,90.95,97.57,125,5.74
