bom_id,sku_id,fabric_id,fabric_per_unit_meters
BOM_00001,SKU_0001,FAB_014,2.47
BOM_00002,SKU_0001,FAB_020,3.1
BOM_00003,SKU_0001,FAB_017,2.04
BOM_00004,SKU_0001,FAB_004,3.54
BOM_00005,SKU_0002,FAB_017,2.98
BOM_00006,SKU_0002,FAB_030,3.57
BOM_00007,SKU_0002,FAB_026,3.65
BOM_00008,SKU_0003,FAB_007,4.24
BOM_00009,SKU_0003,FAB_012,3.26
BOM_00010,SKU_0003,FAB_014,3.39
BOM_00011,SKU_0003,FAB_003,1.61
BOM_00012,SKU_0003,FAB_022,4.17
BOM_00013,SKU_0004,FAB_010,3.5
BOM_00014,SKU_0004,FAB_022,3.03
BOM_00015,SKU_0004,FAB_014,1.83
BOM_00016,SKU_0004,FAB_011,3.39
BOM_00017,SKU_0004,FAB_013,2.45
BOM_00018,SKU_0005,FAB_029,2.54
BOM_00019,SKU_0005,FAB_006,3.95
BOM_00020,SKU_0005,FAB_020,2.2
BOM_00021,SKU_0005,FAB_019,1.89
BOM_00022,SKU_0005,FAB_010,3.79
BOM_00023,SKU_0006,FAB_021,2.89
BOM_00024,SKU_0006,FAB_011,3.82
BOM_00025,SKU_0006,FAB_015,4.37
BOM_00026,SKU_0006,FAB_022,3.63
BOM_00027,SKU_0006,FAB_007,3.37
BOM_00028,SKU_0007,FAB_017,2.31
BOM_00029,SKU_0007,FAB_022,3.9
BOM_00030,SKU_0007,FAB_021,3.68
BOM_00031,SKU_0007,FAB_020,3.42
BOM_00032,SKU_0008,FAB_026,1.28
BOM_00033,SKU_0008,FAB_007,2.01
BOM_00034,SKU_0008,FAB_005,2.77
BOM_00035,SKU_0009,FAB_015,3.28
BOM_00036,SKU_0009,FAB_014,1.84
BOM_00037,SKU_0009,FAB_029,3.5
BOM_00038,SKU_0010,FAB_013,3.47
BOM_00039,SKU_0010,FAB_008,4.15
BOM_00040,SKU_0010,FAB_005,4.04
BOM_00041,SKU_0010,FAB_021,4.12
BOM_00042,SKU_0011,FAB_008,2.91
BOM_00043,SKU_0011,FAB_006,1.37
BOM_00044,SKU_0011,FAB_026,2.02
BOM_00045,SKU_0011,FAB_023,4.0
BOM_00046,SKU_0012,FAB_005,2.95
BOM_00047,SKU_0012,FAB_026,3.04
BOM_00048,SKU_0012,FAB_015,2.25
BOM_00049,SKU_0012,FAB_022,3.69
BOM_00050,SKU_0013,FAB_020,2.87
BOM_00051,SKU_0013,FAB_027,3.94
BOM_00052,SKU_0013,FAB_024,3.01
BOM_00053,SKU_0013,FAB_029,4.16
BOM_00054,SKU_0014,FAB_028,2.02
BOM_00055,SKU_0014,FAB_016,3.3
BOM_00056,SKU_0014,FAB_015,3.73
BOM_00057,SKU_0014,FAB_009,2.92
BOM_00058,SKU_0014,FAB_025,3.27
BOM_00059,SKU_0015,FAB_015,1.97
BOM_00060,SKU_0015,FAB_003,2.31
BOM_00061,SKU_0015,FAB_023,4.15
BOM_00062,SKU_0015,FAB_010,1.47
BOM_00063,SKU_0016,FAB_008,1.7
BOM_00064,SKU_0016,FAB_013,1.91
BOM_00065,SKU_0016,FAB_023,2.57
BOM_00066,SKU_0017,FAB_018,1.88
BOM_00067,SKU_0017,FAB_015,2.59
BOM_00068,SKU_0017,FAB_014,4.19
BOM_00069,SKU_0017,FAB_002,3.13
BOM_00070,SKU_0018,FAB_001,2.46
BOM_00071,SKU_0018,FAB_028,1.22
BOM_00072,SKU_0018,FAB_029,2.36
BOM_00073,SKU_0018,FAB_025,3.69
BOM_00074,SKU_0018,FAB_019,4.02
BOM_00075,SKU_0019,FAB_018,4.16
BOM_00076,SKU_0019,FAB_024,2.81
BOM_00077,SKU_0019,FAB_026,2.1
BOM_00078,SKU_0019,FAB_020,2.8
BOM_00079,SKU_0020,FAB_011,3.59
BOM_00080,SKU_0020,FAB_022,3.97
BOM_00081,SKU_0020,FAB_026,4.23
BOM_00082,SKU_0020,FAB_013,4.44
BOM_00083,SKU_0021,FAB_001,1.29
BOM_00084,SKU_0021,FAB_030,3.32
BOM_00085,SKU_0021,FAB_013,1.65
BOM_00086,SKU_0021,FAB_019,2.72
BOM_00087,SKU_0021,FAB_022,1.37
BOM_00088,SKU_0022,FAB_011,4.1
BOM_00089,SKU_0022,FAB_007,2.12
BOM_00090,SKU_0022,FAB_015,4.34
BOM_00091,SKU_0022,FAB_025,2.59
BOM_00092,SKU_0023,FAB_016,2.98
BOM_00093,SKU_0023,FAB_001,4.5
BOM_00094,SKU_0023,FAB_024,2.35
BOM_00095,SKU_0024,FAB_003,4.33
BOM_00096,SKU_0024,FAB_025,1.86
BOM_00097,SKU_0024,FAB_021,1.27
BOM_00098,SKU_0024,FAB_002,1.7
BOM_00099,SKU_0024,FAB_001,1.62
BOM_00100,SKU_0025,FAB_004,2.05
BOM_00101,SKU_0025,FAB_019,2.42
BOM_00102,SKU_0025,FAB_007,3.2
BOM_00103,SKU_0025,FAB_015,4.38
BOM_00104,SKU_0025,FAB_023,3.57
BOM_00105,SKU_0026,FAB_010,1.28
BOM_00106,SKU_0026,FAB_004,2.23
BOM_00107,SKU_0026,FAB_019,3.44
BOM_00108,SKU_0027,FAB_013,3.15
BOM_00109,SKU_0027,FAB_023,3.94
BOM_00110,SKU_0027,FAB_007,2.0
BOM_00111,SKU_0027,FAB_003,3.5
BOM_00112,SKU_0028,FAB_028,1.6
BOM_00113,SKU_0028,FAB_022,4.45
BOM_00114,SKU_0028,FAB_020,3.78
BOM_00115,SKU_0028,FAB_026,2.35
BOM_00116,SKU_0029,FAB_022,3.34
BOM_00117,SKU_0029,FAB_012,1.24
BOM_00118,SKU_0029,FAB_003,2.59
BOM_00119,SKU_0029,FAB_017,2.82
BOM_00120,SKU_0030,FAB_012,2.72
BOM_00121,SKU_0030,FAB_021,1.7
BOM_00122,SKU_0030,FAB_029,1.78
BOM_00123,SKU_0030,FAB_027,2.92
BOM_00124,SKU_0031,FAB_009,3.76
BOM_00125,SKU_0031,FAB_020,2.73
BOM_00126,SKU_0031,FAB_026,3.92
BOM_00127,SKU_0031,FAB_030,3.16
BOM_00128,SKU_0031,FAB_018,2.26
BOM_00129,SKU_0032,FAB_027,2.12
BOM_00130,SKU_0032,FAB_030,2.69
BOM_00131,SKU_0032,FAB_003,3.68
BOM_00132,SKU_0033,FAB_020,2.83
BOM_00133,SKU_0033,FAB_022,2.27
BOM_00134,SKU_0033,FAB_013,2.81
BOM_00135,SKU_0033,FAB_011,2.37
BOM_00136,SKU_0033,FAB_001,2.05
BOM_00137,SKU_0034,FAB_029,3.03
BOM_00138,SKU_0034,FAB_020,2.9
BOM_00139,SKU_0034,FAB_023,1.83
BOM_00140,SKU_0034,FAB_009,2.0
BOM_00141,SKU_0035,FAB_016,3.48
BOM_00142,SKU_0035,FAB_018,3.33
BOM_00143,SKU_0035,FAB_025,2.82
BOM_00144,SKU_0035,FAB_008,3.82
BOM_00145,SKU_0036,FAB_010,3.48
BOM_00146,SKU_0036,FAB_008,2.21
BOM_00147,SKU_0036,FAB_013,3.12
BOM_00148,SKU_0037,FAB_018,4.49
BOM_00149,SKU_0037,FAB_017,3.02
BOM_00150,SKU_0037,FAB_012,2.36
BOM_00151,SKU_0037,FAB_014,2.7
BOM_00152,SKU_0038,FAB_009,1.84
BOM_00153,SKU_0038,FAB_008,1.59
BOM_00154,SKU_0038,FAB_004,2.97
BOM_00155,SKU_0038,FAB_024,3.72
BOM_00156,SKU_0039,FAB_007,2.11
BOM_00157,SKU_0039,FAB_024,3.15
BOM_00158,SKU_0039,FAB_016,3.71
BOM_00159,SKU_0040,FAB_010,2.39
BOM_00160,SKU_0040,FAB_004,2.2
BOM_00161,SKU_0040,FAB_027,3.54
BOM_00162,SKU_0040,FAB_007,1.62
BOM_00163,SKU_0040,FAB_008,1.35
BOM_00164,SKU_0041,FAB_018,4.32
BOM_00165,SKU_0041,FAB_010,3.3
BOM_00166,SKU_0041,FAB_023,3.68
BOM_00167,SKU_0042,FAB_028,2.14
BOM_00168,SKU_0042,FAB_001,2.78
BOM_00169,SKU_0042,FAB_019,2.32
BOM_00170,SKU_0043,FAB_009,1.58
BOM_00171,SKU_0043,FAB_028,1.42
BOM_00172,SKU_0043,FAB_016,2.82
BOM_00173,SKU_0044,FAB_021,3.06
BOM_00174,SKU_0044,FAB_022,2.2
BOM_00175,SKU_0044,FAB_002,4.48
BOM_00176,SKU_0044,FAB_005,1.59
BOM_00177,SKU_0044,FAB_026,3.72
BOM_00178,SKU_0045,FAB_020,2.46
BOM_00179,SKU_0045,FAB_026,4.2
BOM_00180,SKU_0045,FAB_008,2.18
BOM_00181,SKU_0045,FAB_025,3.14
BOM_00182,SKU_0045,FAB_017,2.62
BOM_00183,SKU_0046,FAB_020,1.89
BOM_00184,SKU_0046,FAB_002,1.9
BOM_00185,SKU_0046,FAB_024,3.38
BOM_00186,SKU_0046,FAB_004,1.72
BOM_00187,SKU_0046,FAB_025,1.77
BOM_00188,SKU_0047,FAB_006,2.69
BOM_00189,SKU_0047,FAB_001,3.16
BOM_00190,SKU_0047,FAB_014,2.16
BOM_00191,SKU_0048,FAB_010,2.7
BOM_00192,SKU_0048,FAB_023,3.47
BOM_00193,SKU_0048,FAB_028,4.25
BOM_00194,SKU_0049,FAB_019,2.6
BOM_00195,SKU_0049,FAB_022,3.0
BOM_00196,SKU_0049,FAB_026,3.34
BOM_00197,SKU_0049,FAB_030,4.2
BOM_00198,SKU_0049,FAB_007,3.93
BOM_00199,SKU_0050,FAB_002,2.22
BOM_00200,SKU_0050,FAB_006,3.67
BOM_00201,SKU_0050,FAB_026,3.08
