route_id,dc_id,store_id,transit_lead_time_days,transportation_cost_per_unit,expedited_cost_per_unit
ROUTE_00001,DC_02,STORE_0046,3,1.28,5.97
ROUTE_00002,DC_02,STORE_0017,7,2.44,8.04
ROUTE_00003,DC_04,STORE_0059,6,0.9,5.61
ROUTE_00004,DC_02,STORE_0069,1,2.84,10.45
ROUTE_00005,DC_03,STORE_0089,1,2.48,9.55
ROUTE_00006,DC_03,STORE_0070,5,3.43,8.85
ROUTE_00007,DC_02,STORE_0091,6,1.23,8.94
ROUTE_00008,DC_05,STORE_0056,5,1.71,7.12
ROUTE_00009,DC_03,STORE_0018,6,2.0,7.78
ROUTE_00010,DC_03,STORE_0003,6,4.06,5.17
ROUTE_00011,DC_03,STORE_0051,3,4.14,11.38
ROUTE_00012,DC_05,STORE_0002,1,2.69,9.27
ROUTE_00013,DC_01,STORE_0074,1,2.04,9.79
ROUTE_00014,DC_04,STORE_0042,1,3.63,8.02
ROUTE_00015,DC_02,STORE_0086,4,1.43,9.22
ROUTE_00016,DC_02,STORE_0099,2,2.02,7.42
ROUTE_00017,DC_05,STORE_0051,3,3.99,5.65
ROUTE_00018,DC_02,STORE_0041,5,1.78,9.84
ROUTE_00019,DC_02,STORE_0008,5,1.78,8.67
ROUTE_00020,DC_03,STORE_0036,4,3.43,6.1
ROUTE_00021,DC_01,STORE_0035,7,3.82,7.15
ROUTE_00022,DC_04,STORE_0082,5,2.53,8.14
ROUTE_00023,DC_01,STORE_0032,6,3.96,11.64
ROUTE_00024,DC_01,STORE_0014,6,2.69,8.57
ROUTE_00025,DC_02,STORE_0086,5,1.62,11.03
ROUTE_00026,DC_01,STORE_0059,3,1.59,11.41
ROUTE_00027,DC_04,STORE_0023,5,0.97,11.46
ROUTE_00028,DC_01,STORE_0085,4,2.04,11.82
ROUTE_00029,DC_03,STORE_0047,4,3.17,11.77
ROUTE_00030,DC_02,STORE_0095,2,2.42,5.51
ROUTE_00031,DC_04,STORE_0018,7,2.43,9.61
ROUTE_00032,DC_05,STORE_0092,6,2.59,7.92
ROUTE_00033,DC_03,STORE_0083,6,3.04,8.42
ROUTE_00034,DC_02,STORE_0038,4,0.9,9.64
ROUTE_00035,DC_01,STORE_0045,1,4.08,9.85
ROUTE_00036,DC_01,STORE_0077,2,2.02,10.04
ROUTE_00037,DC_03,STORE_0066,7,4.03,11.83
ROUTE_00038,DC_02,STORE_0051,6,2.73,6.18
ROUTE_00039,DC_01,STORE_0059,7,0.98,6.04
ROUTE_00040,DC_03,STORE_0084,6,4.38,9.54
ROUTE_00041,DC_02,STORE_0049,4,4.18,8.05
ROUTE_00042,DC_02,STORE_0037,3,1.5,10.3
ROUTE_00043,DC_02,STORE_0071,2,2.45,6.19
ROUTE_00044,DC_01,STORE_0026,1,1.49,8.46
ROUTE_00045,DC_02,STORE_0017,7,0.91,7.12
ROUTE_00046,DC_03,STORE_0002,6,0.89,6.91
ROUTE_00047,DC_02,STORE_0039,3,1.82,10.69
ROUTE_00048,DC_02,STORE_0022,4,4.36,11.33
ROUTE_00049,DC_05,STORE_0018,5,1.06,6.07
ROUTE_00050,DC_02,STORE_0036,7,1.7,6.84
ROUTE_00051,DC_04,STORE_0022,6,0.88,11.04
ROUTE_00052,DC_05,STORE_0091,3,1.86,11.67
ROUTE_00053,DC_04,STORE_0050,7,1.34,8.87
ROUTE_00054,DC_02,STORE_0044,6,2.16,9.23
ROUTE_00055,DC_05,STORE_0037,5,1.4,10.53
ROUTE_00056,DC_04,STORE_0045,5,2.23,7.58
ROUTE_00057,DC_05,STORE_0064,4,3.66,11.28
ROUTE_00058,DC_05,STORE_0033,1,4.37,11.55
ROUTE_00059,DC_01,STORE_0065,7,3.63,10.56
ROUTE_00060,DC_04,STORE_0012,1,2.36,6.54
ROUTE_00061,DC_05,STORE_0083,1,2.26,6.49
ROUTE_00062,DC_01,STORE_0065,2,3.28,6.85
ROUTE_00063,DC_03,STORE_0098,4,3.29,9.06
ROUTE_00064,DC_04,STORE_0090,4,3.28,11.75
ROUTE_00065,DC_04,STORE_0090,4,0.84,9.65
ROUTE_00066,DC_04,STORE_0055,6,1.32,10.59
ROUTE_00067,DC_03,STORE_0011,2,3.5,9.07
ROUTE_00068,DC_01,STORE_0097,2,2.5,6.58
ROUTE_00069,DC_05,STORE_0043,7,2.58,9.19
ROUTE_00070,DC_03,STORE_0080,3,1.08,8.9
ROUTE_00071,DC_03,STORE_0022,4,1.99,6.94
ROUTE_00072,DC_03,STORE_0029,4,4.26,7.58
ROUTE_00073,DC_03,STORE_0035,5,1.89,7.31
ROUTE_00074,DC_04,STORE_0040,3,3.01,7.39
ROUTE_00075,DC_01,STORE_0023,2,1.38,9.17
ROUTE_00076,DC_01,STORE_0095,5,3.53,9.64
ROUTE_00077,DC_05,STORE_0077,4,4.27,8.6
ROUTE_00078,DC_01,STORE_0049,6,1.97,5.04
ROUTE_00079,DC_05,STORE_0078,1,1.95,5.43
ROUTE_00080,DC_05,STORE_0057,4,3.04,5.82
ROUTE_00081,DC_03,STORE_0060,3,2.85,11.59
ROUTE_00082,DC_01,STORE_0039,6,2.67,11.83
ROUTE_00083,DC_05,STORE_0006,5,3.26,11.05
ROUTE_00084,DC_02,STORE_0049,7,2.64,8.6
ROUTE_00085,DC_02,STORE_0033,5,0.86,10.57
ROUTE_00086,DC_02,STORE_0040,2,3.68,8.5
ROUTE_00087,DC_05,STORE_0058,5,1.89,7.25
ROUTE_00088,DC_02,STORE_0065,7,1.04,7.36
ROUTE_00089,DC_03,STORE_0052,2,3.89,7.09
ROUTE_00090,DC_05,STORE_0030,6,2.61,9.15
ROUTE_00091,DC_03,STORE_0093,6,3.91,9.91
ROUTE_00092,DC_01,STORE_0035,2,0.93,7.83
ROUTE_00093,DC_03,STORE_0018,7,2.33,6.61
ROUTE_00094,DC_04,STORE_0048,5,3.02,10.36
ROUTE_00095,DC_04,STORE_0089,6,1.48,9.0
ROUTE_00096,DC_05,STORE_0040,4,3.12,11.36
ROUTE_00097,DC_05,STORE_0044,4,2.32,5.21
ROUTE_00098,DC_01,STORE_0085,7,3.72,8.29
ROUTE_00099,DC_05,STORE_0098,5,2.54,9.98
ROUTE_00100,DC_05,STORE_0021,7,2.91,11.9
ROUTE_00101,DC_05,STORE_0068,7,3.11,9.56
ROUTE_00102,DC_01,STORE_0080,3,0.95,6.96
ROUTE_00103,DC_03,STORE_0053,6,2.12,6.21
ROUTE_00104,DC_01,STORE_0090,7,2.78,11.93
ROUTE_00105,DC_03,STORE_0067,1,2.15,11.29
ROUTE_00106,DC_01,STORE_0057,4,3.81,5.96
ROUTE_00107,DC_01,STORE_0041,3,3.99,7.79
ROUTE_00108,DC_02,STORE_0097,3,1.82,9.94
ROUTE_00109,DC_01,STORE_0062,6,1.65,11.17
ROUTE_00110,DC_03,STORE_0079,4,1.37,8.15
ROUTE_00111,DC_02,STORE_0092,7,3.36,8.92
ROUTE_00112,DC_03,STORE_0070,3,0.93,5.15
ROUTE_00113,DC_02,STORE_0090,3,1.31,6.22
ROUTE_00114,DC_03,STORE_0093,3,3.56,6.94
ROUTE_00115,DC_01,STORE_0048,4,3.47,5.78
ROUTE_00116,DC_01,STORE_0085,4,1.28,8.57
ROUTE_00117,DC_01,STORE_0020,1,1.22,5.72
ROUTE_00118,DC_01,STORE_0033,1,1.33,7.53
ROUTE_00119,DC_05,STORE_0053,6,0.96,9.18
ROUTE_00120,DC_04,STORE_0001,2,3.18,7.19
ROUTE_00121,DC_05,STORE_0022,6,0.92,5.74
ROUTE_00122,DC_05,STORE_0065,3,2.04,7.76
ROUTE_00123,DC_04,STORE_0018,5,3.67,5.95
ROUTE_00124,DC_01,STORE_0017,6,2.19,5.84
ROUTE_00125,DC_03,STORE_0073,2,3.64,9.06
ROUTE_00126,DC_04,STORE_0001,3,0.97,8.16
ROUTE_00127,DC_05,STORE_0089,2,3.68,10.55
ROUTE_00128,DC_01,STORE_0007,5,3.28,6.9
ROUTE_00129,DC_05,STORE_0045,2,2.07,6.83
ROUTE_00130,DC_01,STORE_0096,6,1.58,9.68
ROUTE_00131,DC_01,STORE_0099,6,3.5,8.57
ROUTE_00132,DC_05,STORE_0028,3,3.56,8.45
ROUTE_00133,DC_03,STORE_0073,3,2.44,9.63
ROUTE_00134,DC_04,STORE_0080,2,2.23,10.26
ROUTE_00135,DC_05,STORE_0081,1,1.11,9.56
ROUTE_00136,DC_01,STORE_0053,6,3.27,7.72
ROUTE_00137,DC_04,STORE_0086,6,1.6,8.05
ROUTE_00138,DC_02,STORE_0086,6,3.52,8.59
ROUTE_00139,DC_02,STORE_0077,4,2.66,9.49
ROUTE_00140,DC_04,STORE_0049,5,3.38,6.05
ROUTE_00141,DC_03,STORE_0067,6,1.92,10.91
ROUTE_00142,DC_01,STORE_0051,4,4.09,11.55
ROUTE_00143,DC_04,STORE_0029,3,2.43,7.27
ROUTE_00144,DC_05,STORE_0098,3,2.02,7.1
ROUTE_00145,DC_03,STORE_0035,7,1.22,11.91
ROUTE_00146,DC_02,STORE_0099,2,1.24,6.86
ROUTE_00147,DC_01,STORE_0086,6,3.65,8.27
ROUTE_00148,DC_02,STORE_0067,1,4.0,6.1
ROUTE_00149,DC_01,STORE_0042,3,1.91,5.06
ROUTE_00150,DC_04,STORE_0038,1,4.15,10.35
ROUTE_00151,DC_03,STORE_0029,2,4.48,11.71
ROUTE_00152,DC_03,STORE_0068,5,3.13,5.21
ROUTE_00153,DC_04,STORE_0079,7,0.86,6.83
ROUTE_00154,DC_02,STORE_0050,7,3.95,8.05
ROUTE_00155,DC_02,STORE_0049,6,2.53,11.97
ROUTE_00156,DC_03,STORE_0081,5,2.14,11.2
ROUTE_00157,DC_03,STORE_0088,2,3.05,7.2
ROUTE_00158,DC_05,STORE_0001,2,3.38,5.67
ROUTE_00159,DC_02,STORE_0004,1,1.64,11.38
ROUTE_00160,DC_04,STORE_0095,5,2.27,7.37
ROUTE_00161,DC_05,STORE_0052,3,3.14,5.54
ROUTE_00162,DC_01,STORE_0061,4,4.03,8.86
ROUTE_00163,DC_01,STORE_0002,2,2.65,11.06
ROUTE_00164,DC_03,STORE_0073,2,3.04,10.63
ROUTE_00165,DC_01,STORE_0049,3,3.77,5.86
ROUTE_00166,DC_04,STORE_0086,7,0.88,10.23
ROUTE_00167,DC_03,STORE_0073,2,3.78,9.38
ROUTE_00168,DC_05,STORE_0008,7,2.53,11.27
ROUTE_00169,DC_03,STORE_0001,1,0.87,8.21
ROUTE_00170,DC_02,STORE_0045,6,0.85,5.85
ROUTE_00171,DC_01,STORE_0075,5,4.25,9.09
ROUTE_00172,DC_01,STORE_0082,4,3.35,11.04
ROUTE_00173,DC_03,STORE_0026,5,3.15,10.81
ROUTE_00174,DC_01,STORE_0032,3,4.12,10.48
ROUTE_00175,DC_03,STORE_0012,6,3.2,5.82
ROUTE_00176,DC_04,STORE_0019,4,1.8,11.97
ROUTE_00177,DC_05,STORE_0025,2,3.75,8.26
ROUTE_00178,DC_04,STORE_0009,2,2.4,6.39
ROUTE_00179,DC_01,STORE_0015,3,2.99,7.67
ROUTE_00180,DC_05,STORE_0045,6,2.13,7.13
ROUTE_00181,DC_05,STORE_0088,1,3.52,8.21
ROUTE_00182,DC_01,STORE_0070,5,2.07,7.39
ROUTE_00183,DC_04,STORE_0031,3,1.26,9.94
ROUTE_00184,DC_02,STORE_0048,2,1.21,7.99
ROUTE_00185,DC_01,STORE_0083,2,3.38,8.16
ROUTE_00186,DC_05,STORE_0028,1,3.46,7.58
ROUTE_00187,DC_04,STORE_0036,1,3.29,9.31
ROUTE_00188,DC_05,STORE_0055,1,3.51,9.94
ROUTE_00189,DC_04,STORE_0062,5,3.6,10.99
ROUTE_00190,DC_03,STORE_0020,3,3.7,11.61
ROUTE_00191,DC_04,STORE_0082,1,4.33,8.45
ROUTE_00192,DC_04,STORE_0023,1,4.27,9.41
ROUTE_00193,DC_04,STORE_0086,5,2.88,11.31
ROUTE_00194,DC_04,STORE_0093,2,2.8,8.18
ROUTE_00195,DC_02,STORE_0099,4,2.06,5.33
ROUTE_00196,DC_02,STORE_0011,6,1.43,6.46
ROUTE_00197,DC_03,STORE_0066,6,4.34,8.04
ROUTE_00198,DC_02,STORE_0041,2,3.09,8.43
ROUTE_00199,DC_05,STORE_0027,2,3.68,9.12
ROUTE_00200,DC_02,STORE_0001,2,1.06,7.36
ROUTE_00201,DC_03,STORE_0024,2,1.59,11.84
ROUTE_00202,DC_05,STORE_0081,7,1.67,5.74
ROUTE_00203,DC_05,STORE_0091,6,3.34,11.73
ROUTE_00204,DC_03,STORE_0090,1,2.81,11.87
ROUTE_00205,DC_01,STORE_0084,4,4.36,8.97
ROUTE_00206,DC_02,STORE_0021,5,4.29,5.35
ROUTE_00207,DC_05,STORE_0075,1,2.86,8.53
ROUTE_00208,DC_01,STORE_0067,5,2.87,5.34
ROUTE_00209,DC_01,STORE_0029,5,2.82,9.41
ROUTE_00210,DC_01,STORE_0013,6,4.47,5.9
ROUTE_00211,DC_01,STORE_0030,4,0.88,7.77
ROUTE_00212,DC_02,STORE_0030,4,1.82,11.7
ROUTE_00213,DC_01,STORE_0022,4,2.95,5.01
ROUTE_00214,DC_02,STORE_0093,5,1.02,8.29
ROUTE_00215,DC_02,STORE_0089,3,3.9,10.55
ROUTE_00216,DC_04,STORE_0078,4,3.05,9.47
ROUTE_00217,DC_01,STORE_0007,2,1.6,9.04
ROUTE_00218,DC_02,STORE_0057,5,3.51,9.46
ROUTE_00219,DC_05,STORE_0008,3,1.79,7.82
ROUTE_00220,DC_01,STORE_0064,5,4.1,11.16
ROUTE_00221,DC_03,STORE_0076,2,1.6,9.33
ROUTE_00222,DC_02,STORE_0008,2,2.6,6.47
ROUTE_00223,DC_01,STORE_0040,7,4.49,10.27
ROUTE_00224,DC_04,STORE_0068,7,0.93,7.26
ROUTE_00225,DC_01,STORE_0014,3,4.22,6.95
ROUTE_00226,DC_01,STORE_0013,1,4.12,9.38
ROUTE_00227,DC_04,STORE_0063,1,3.72,11.19
ROUTE_00228,DC_02,STORE_0088,1,1.01,7.19
ROUTE_00229,DC_03,STORE_0026,3,3.61,11.72
ROUTE_00230,DC_02,STORE_0096,2,2.38,9.69
ROUTE_00231,DC_04,STORE_0045,3,2.77,9.25
ROUTE_00232,DC_02,STORE_0082,5,1.46,10.55
ROUTE_00233,DC_03,STORE_0024,3,2.9,6.88
ROUTE_00234,DC_05,STORE_0043,7,3.09,5.8
ROUTE_00235,DC_05,STORE_0038,7,2.3,9.58
ROUTE_00236,DC_05,STORE_0044,3,3.51,11.86
ROUTE_00237,DC_05,STORE_0071,5,1.7,5.11
ROUTE_00238,DC_04,STORE_0016,2,4.33,11.53
ROUTE_00239,DC_02,STORE_0039,2,2.2,11.39
ROUTE_00240,DC_01,STORE_0009,7,1.99,10.92
ROUTE_00241,DC_04,STORE_0016,4,2.77,10.77
ROUTE_00242,DC_02,STORE_0019,7,3.61,11.26
ROUTE_00243,DC_01,STORE_0011,3,2.2,8.25
ROUTE_00244,DC_03,STORE_0027,1,1.14,7.2
ROUTE_00245,DC_04,STORE_0008,3,2.11,10.16
ROUTE_00246,DC_01,STORE_0036,2,3.85,11.06
ROUTE_00247,DC_02,STORE_0099,4,3.89,7.74
ROUTE_00248,DC_05,STORE_0085,5,1.26,8.58
ROUTE_00249,DC_03,STORE_0099,3,0.83,11.75
ROUTE_00250,DC_02,STORE_0093,5,1.63,6.77
ROUTE_00251,DC_01,STORE_0006,5,2.02,5.57
ROUTE_00252,DC_05,STORE_0038,2,3.7,9.19
ROUTE_00253,DC_05,STORE_0089,4,2.55,7.07
ROUTE_00254,DC_04,STORE_0032,6,1.65,6.47
ROUTE_00255,DC_01,STORE_0026,2,2.12,10.77
ROUTE_00256,DC_01,STORE_0023,6,2.52,5.58
ROUTE_00257,DC_03,STORE_0002,6,2.03,5.71
ROUTE_00258,DC_02,STORE_0096,5,2.53,11.4
ROUTE_00259,DC_02,STORE_0079,1,2.3,9.71
ROUTE_00260,DC_04,STORE_0076,2,4.24,6.95
ROUTE_00261,DC_04,STORE_0012,4,4.05,7.77
ROUTE_00262,DC_05,STORE_0058,6,3.44,8.52
ROUTE_00263,DC_01,STORE_0061,7,3.24,10.99
ROUTE_00264,DC_02,STORE_0008,4,2.05,5.13
ROUTE_00265,DC_04,STORE_0036,5,3.31,11.18
ROUTE_00266,DC_04,STORE_0011,3,1.58,5.42
ROUTE_00267,DC_04,STORE_0054,2,3.31,8.41
ROUTE_00268,DC_03,STORE_0065,1,4.42,11.73
ROUTE_00269,DC_04,STORE_0033,2,1.18,11.03
ROUTE_00270,DC_02,STORE_0016,6,2.8,8.22
ROUTE_00271,DC_03,STORE_0073,7,2.35,6.56
ROUTE_00272,DC_03,STORE_0086,4,1.97,6.34
ROUTE_00273,DC_01,STORE_0062,7,2.88,11.98
ROUTE_00274,DC_01,STORE_0055,6,4.46,8.23
ROUTE_00275,DC_03,STORE_0095,4,0.89,11.74
ROUTE_00276,DC_01,STORE_0043,4,3.5,7.57
ROUTE_00277,DC_01,STORE_0048,4,3.07,5.84
ROUTE_00278,DC_03,STORE_0097,2,2.87,6.29
ROUTE_00279,DC_03,STORE_0018,6,2.82,5.42
ROUTE_00280,DC_04,STORE_0068,5,2.36,5.88
ROUTE_00281,DC_02,STORE_0032,6,2.01,6.61
ROUTE_00282,DC_03,STORE_0093,2,1.35,6.56
ROUTE_00283,DC_02,STORE_0091,5,2.35,8.75
ROUTE_00284,DC_05,STORE_0085,4,1.61,7.29
ROUTE_00285,DC_05,STORE_0082,5,4.45,5.36
ROUTE_00286,DC_05,STORE_0091,2,4.01,9.18
ROUTE_00287,DC_04,STORE_0046,5,2.18,8.55
ROUTE_00288,DC_05,STORE_0032,3,1.76,6.07
ROUTE_00289,DC_05,STORE_0006,7,4.07,5.7
ROUTE_00290,DC_03,STORE_0087,1,3.09,7.56
ROUTE_00291,DC_04,STORE_0059,5,0.89,5.76
ROUTE_00292,DC_01,STORE_0045,7,1.85,8.52
ROUTE_00293,DC_03,STORE_0073,7,3.51,5.38
ROUTE_00294,DC_02,STORE_0088,7,2.23,11.46
ROUTE_00295,DC_04,STORE_0086,1,2.43,7.92
ROUTE_00296,DC_02,STORE_0056,2,2.45,11.61
ROUTE_00297,DC_01,STORE_0049,5,3.91,11.01
ROUTE_00298,DC_05,STORE_0056,3,2.33,10.59
ROUTE_00299,DC_01,STORE_0043,7,2.59,6.03
ROUTE_00300,DC_05,STORE_0079,3,2.21,7.75
ROUTE_00301,DC_03,STORE_0055,3,1.59,11.35
ROUTE_00302,DC_05,STORE_0075,4,3.34,6.52
ROUTE_00303,DC_04,STORE_0001,7,0.8,7.78
ROUTE_00304,DC_04,STORE_0008,6,3.98,11.36
ROUTE_00305,DC_03,STORE_0088,2,1.29,11.46
ROUTE_00306,DC_01,STORE_0018,7,1.91,5.78
ROUTE_00307,DC_01,STORE_0043,2,0.81,6.87
ROUTE_00308,DC_01,STORE_0093,5,4.45,9.34
ROUTE_00309,DC_01,STORE_0093,7,3.85,10.17
ROUTE_00310,DC_01,STORE_0051,4,2.88,7.22
ROUTE_00311,DC_05,STORE_0078,1,3.41,5.16
ROUTE_00312,DC_02,STORE_0092,1,3.94,6.86
ROUTE_00313,DC_01,STORE_0076,1,1.96,10.55
ROUTE_00314,DC_01,STORE_0052,4,4.14,8.66
ROUTE_00315,DC_02,STORE_0077,6,2.97,8.19
ROUTE_00316,DC_03,STORE_0079,7,2.71,7.24
ROUTE_00317,DC_02,STORE_0024,4,2.54,6.5
ROUTE_00318,DC_01,STORE_0075,2,1.35,8.54
ROUTE_00319,DC_04,STORE_0044,2,1.97,7.99
ROUTE_00320,DC_05,STORE_0061,3,4.25,6.27
ROUTE_00321,DC_03,STORE_0032,4,4.22,9.76
ROUTE_00322,DC_05,STORE_0063,6,2.05,7.35
ROUTE_00323,DC_02,STORE_0013,4,1.13,10.76
ROUTE_00324,DC_01,STORE_0054,5,1.79,9.24
ROUTE_00325,DC_03,STORE_0073,5,4.21,10.98
ROUTE_00326,DC_04,STORE_0028,7,1.95,9.09
ROUTE_00327,DC_03,STORE_0079,1,2.01,6.48
ROUTE_00328,DC_04,STORE_0047,7,3.68,11.82
ROUTE_00329,DC_03,STORE_0073,5,1.0,9.24
ROUTE_00330,DC_03,STORE_0091,1,3.62,9.97
ROUTE_00331,DC_01,STORE_0002,1,0.83,9.31
ROUTE_00332,DC_05,STORE_0060,7,3.18,7.63
ROUTE_00333,DC_01,STORE_0045,5,3.71,8.15
ROUTE_00334,DC_02,STORE_0064,2,2.99,11.09
ROUTE_00335,DC_04,STORE_0055,5,2.18,11.71
ROUTE_00336,DC_05,STORE_0066,1,3.2,6.4
ROUTE_00337,DC_04,STORE_0092,1,1.51,6.87
ROUTE_00338,DC_02,STORE_0091,1,3.67,6.3
ROUTE_00339,DC_03,STORE_0036,5,4.45,5.32
ROUTE_00340,DC_03,STORE_0013,3,2.89,10.58
ROUTE_00341,DC_04,STORE_0064,3,1.02,11.64
ROUTE_00342,DC_05,STORE_0052,4,1.73,5.67
ROUTE_00343,DC_01,STORE_0059,2,3.62,9.09
ROUTE_00344,DC_05,STORE_0047,1,3.89,11.28
ROUTE_00345,DC_04,STORE_0069,5,1.32,7.37
ROUTE_00346,DC_04,STORE_0088,4,1.19,11.16
ROUTE_00347,DC_02,STORE_0098,3,0.98,8.64
ROUTE_00348,DC_05,STORE_0086,4,3.51,10.28
ROUTE_00349,DC_04,STORE_0082,7,1.87,11.74
ROUTE_00350,DC_04,STORE_0040,4,3.8,5.32
ROUTE_00351,DC_05,STORE_0058,1,1.74,7.04
ROUTE_00352,DC_01,STORE_0083,4,3.26,8.37
ROUTE_00353,DC_02,STORE_0003,7,1.36,9.87
ROUTE_00354,DC_03,STORE_0083,5,2.64,6.8
ROUTE_00355,DC_02,STORE_0019,6,0.84,5.32
ROUTE_00356,DC_01,STORE_0100,7,3.0,9.66
ROUTE_00357,DC_02,STORE_0050,3,3.01,10.21
ROUTE_00358,DC_04,STORE_0044,3,3.7,10.44
ROUTE_00359,DC_03,STORE_0092,6,1.49,6.48
ROUTE_00360,DC_04,STORE_0002,4,4.47,9.9
ROUTE_00361,DC_03,STORE_0025,7,1.9,5.94
ROUTE_00362,DC_04,STORE_0075,6,3.25,6.1
ROUTE_00363,DC_01,STORE_0043,2,2.92,9.05
ROUTE_00364,DC_05,STORE_0051,1,3.55,8.16
ROUTE_00365,DC_01,STORE_0066,5,2.13,6.88
ROUTE_00366,DC_01,STORE_0072,5,1.31,6.87
ROUTE_00367,DC_01,STORE_0087,5,1.73,9.92
ROUTE_00368,DC_03,STORE_0040,4,1.31,7.98
ROUTE_00369,DC_02,STORE_0005,7,1.53,7.38
ROUTE_00370,DC_03,STORE_0001,5,3.23,11.5
ROUTE_00371,DC_02,STORE_0006,5,2.91,7.08
ROUTE_00372,DC_04,STORE_0053,4,3.43,8.45
ROUTE_00373,DC_01,STORE_0043,3,3.34,5.68
ROUTE_00374,DC_05,STORE_0074,4,1.24,10.25
ROUTE_00375,DC_01,STORE_0056,5,2.13,9.85
ROUTE_00376,DC_04,STORE_0016,2,0.87,8.52
ROUTE_00377,DC_02,STORE_0085,6,2.68,8.72
ROUTE_00378,DC_02,STORE_0064,6,1.29,6.87
ROUTE_00379,DC_01,STORE_0054,5,2.05,11.13
ROUTE_00380,DC_01,STORE_0064,1,2.52,11.06
ROUTE_00381,DC_05,STORE_0066,2,1.33,11.54
ROUTE_00382,DC_01,STORE_0057,2,1.66,10.06
ROUTE_00383,DC_02,STORE_0017,7,3.2,10.28
ROUTE_00384,DC_01,STORE_0003,1,3.63,9.2
ROUTE_00385,DC_05,STORE_0039,1,2.73,9.84
ROUTE_00386,DC_04,STORE_0033,5,2.11,6.53
ROUTE_00387,DC_03,STORE_0053,4,0.91,8.21
ROUTE_00388,DC_04,STORE_0026,4,3.28,5.79
ROUTE_00389,DC_03,STORE_0008,2,1.48,9.23
ROUTE_00390,DC_04,STORE_0023,6,0.82,6.9
ROUTE_00391,DC_05,STORE_0037,6,3.17,5.56
ROUTE_00392,DC_05,STORE_0008,2,2.75,6.04
ROUTE_00393,DC_02,STORE_0073,5,2.79,7.04
ROUTE_00394,DC_04,STORE_0061,7,1.26,5.73
ROUTE_00395,DC_05,STORE_0027,6,4.21,5.49
ROUTE_00396,DC_03,STORE_0011,6,2.58,9.58
ROUTE_00397,DC_01,STORE_0080,6,2.57,11.57
ROUTE_00398,DC_01,STORE_0034,5,3.42,7.84
ROUTE_00399,DC_05,STORE_0013,5,1.35,10.37
ROUTE_00400,DC_01,STORE_0017,7,3.01,10.79
ROUTE_00401,DC_03,STORE_0006,4,3.94,9.11
ROUTE_00402,DC_02,STORE_0023,1,4.22,10.67
ROUTE_00403,DC_03,STORE_0047,6,3.13,10.97
ROUTE_00404,DC_05,STORE_0083,7,2.36,6.51
ROUTE_00405,DC_03,STORE_0053,5,3.95,11.98
ROUTE_00406,DC_01,STORE_0036,6,4.03,5.55
ROUTE_00407,DC_01,STORE_0047,1,2.35,7.93
ROUTE_00408,DC_03,STORE_0041,2,3.06,10.38
ROUTE_00409,DC_05,STORE_0013,7,3.36,9.75
ROUTE_00410,DC_03,STORE_0051,3,3.23,11.66
ROUTE_00411,DC_05,STORE_0007,4,4.49,11.09
ROUTE_00412,DC_05,STORE_0080,1,2.65,10.56
ROUTE_00413,DC_04,STORE_0031,1,2.94,11.55
ROUTE_00414,DC_05,STORE_0022,2,1.47,6.02
ROUTE_00415,DC_01,STORE_0018,1,3.99,7.45
ROUTE_00416,DC_02,STORE_0026,3,3.34,8.68
ROUTE_00417,DC_01,STORE_0059,6,3.4,5.76
ROUTE_00418,DC_02,STORE_0017,7,1.4,8.13
ROUTE_00419,DC_01,STORE_0057,4,3.02,8.6
ROUTE_00420,DC_01,STORE_0052,3,1.2,11.96
ROUTE_00421,DC_04,STORE_0029,2,0.89,7.77
ROUTE_00422,DC_04,STORE_0015,7,1.88,9.96
ROUTE_00423,DC_05,STORE_0059,1,3.88,8.17
ROUTE_00424,DC_05,STORE_0092,3,3.68,7.61
ROUTE_00425,DC_04,STORE_0086,4,4.34,8.04
ROUTE_00426,DC_02,STORE_0016,6,1.84,9.92
ROUTE_00427,DC_01,STORE_0092,5,4.29,9.32
ROUTE_00428,DC_02,STORE_0024,2,3.51,9.1
ROUTE_00429,DC_04,STORE_0100,6,2.77,10.77
ROUTE_00430,DC_01,STORE_0007,3,0.91,10.36
ROUTE_00431,DC_04,STORE_0015,3,3.88,9.61
ROUTE_00432,DC_02,STORE_0050,5,3.38,8.01
ROUTE_00433,DC_05,STORE_0086,1,3.74,5.25
ROUTE_00434,DC_05,STORE_0077,4,3.67,6.84
ROUTE_00435,DC_02,STORE_0080,1,4.42,7.52
ROUTE_00436,DC_03,STORE_0064,2,1.27,7.86
ROUTE_00437,DC_04,STORE_0026,1,2.13,6.06
ROUTE_00438,DC_03,STORE_0096,5,2.44,5.91
ROUTE_00439,DC_02,STORE_0062,1,2.95,5.66
ROUTE_00440,DC_03,STORE_0040,2,3.26,8.76
ROUTE_00441,DC_03,STORE_0044,7,2.8,6.48
ROUTE_00442,DC_04,STORE_0001,3,3.02,10.32
ROUTE_00443,DC_01,STORE_0080,1,1.49,5.06
ROUTE_00444,DC_04,STORE_0060,2,4.04,10.14
ROUTE_00445,DC_05,STORE_0019,5,2.49,5.38
ROUTE_00446,DC_03,STORE_0046,2,3.75,9.93
ROUTE_00447,DC_02,STORE_0089,5,1.32,10.8
ROUTE_00448,DC_05,STORE_0048,7,3.3,8.58
ROUTE_00449,DC_01,STORE_0018,6,2.01,7.83
ROUTE_00450,DC_05,STORE_0089,5,2.19,9.1
ROUTE_00451,DC_05,STORE_0062,2,2.08,10.31
ROUTE_00452,DC_05,STORE_0077,4,2.42,5.6
ROUTE_00453,DC_02,STORE_0070,6,4.38,7.26
ROUTE_00454,DC_03,STORE_0012,5,4.32,7.57
ROUTE_00455,DC_03,STORE_0030,5,3.84,6.96
ROUTE_00456,DC_02,STORE_0036,3,1.42,10.78
ROUTE_00457,DC_05,STORE_0095,3,1.43,7.05
ROUTE_00458,DC_01,STORE_0010,6,1.1,11.81
ROUTE_00459,DC_03,STORE_0045,5,3.45,10.15
ROUTE_00460,DC_03,STORE_0024,2,4.18,10.25
ROUTE_00461,DC_03,STORE_0014,2,1.34,6.13
ROUTE_00462,DC_02,STORE_0066,5,3.52,9.22
ROUTE_00463,DC_02,STORE_0049,3,1.23,7.44
ROUTE_00464,DC_03,STORE_0092,3,2.12,10.29
ROUTE_00465,DC_01,STORE_0029,3,2.29,5.86
ROUTE_00466,DC_04,STORE_0025,5,3.5,7.63
ROUTE_00467,DC_03,STORE_0009,4,4.27,10.26
ROUTE_00468,DC_03,STORE_0060,1,2.59,11.75
ROUTE_00469,DC_05,STORE_0034,5,1.16,5.02
ROUTE_00470,DC_02,STORE_0017,3,4.09,9.57
ROUTE_00471,DC_04,STORE_0025,4,0.91,5.56
ROUTE_00472,DC_05,STORE_0092,5,2.56,8.94
ROUTE_00473,DC_02,STORE_0091,4,2.34,8.24
ROUTE_00474,DC_04,STORE_0028,5,1.3,6.44
ROUTE_00475,DC_05,STORE_0063,1,1.59,11.81
ROUTE_00476,DC_02,STORE_0082,4,1.06,7.47
ROUTE_00477,DC_02,STORE_0028,2,2.4,5.28
ROUTE_00478,DC_05,STORE_0063,6,1.51,7.94
ROUTE_00479,DC_04,STORE_0049,7,1.46,10.38
ROUTE_00480,DC_02,STORE_0007,5,3.54,5.34
ROUTE_00481,DC_02,STORE_0014,5,1.21,6.06
ROUTE_00482,DC_03,STORE_0010,4,3.18,11.93
ROUTE_00483,DC_04,STORE_0080,4,4.0,8.76
ROUTE_00484,DC_03,STORE_0070,5,1.69,6.38
ROUTE_00485,DC_01,STORE_0058,6,1.76,8.78
ROUTE_00486,DC_03,STORE_0088,5,2.54,6.84
ROUTE_00487,DC_03,STORE_0019,7,0.85,6.46
ROUTE_00488,DC_03,STORE_0060,3,4.4,9.74
ROUTE_00489,DC_05,STORE_0004,7,2.2,11.95
ROUTE_00490,DC_04,STORE_0039,4,1.71,6.67
ROUTE_00491,DC_04,STORE_0055,5,1.85,5.79
ROUTE_00492,DC_02,STORE_0037,3,3.08,8.71
ROUTE_00493,DC_04,STORE_0038,4,1.37,7.57
ROUTE_00494,DC_04,STORE_0041,6,3.46,11.0
ROUTE_00495,DC_03,STORE_0041,4,0.82,7.39
ROUTE_00496,DC_05,STORE_0097,2,1.5,8.62
ROUTE_00497,DC_05,STORE_0095,2,1.98,7.94
ROUTE_00498,DC_05,STORE_0016,7,1.64,9.41
ROUTE_00499,DC_01,STORE_0054,5,4.42,6.58
ROUTE_00500,DC_02,STORE_0077,2,4.17,7.4
ROUTE_00501,DC_02,STORE_0033,7,1.12,11.26
ROUTE_00502,DC_05,STORE_0005,4,3.56,11.03
ROUTE_00503,DC_04,STORE_0012,3,1.12,6.11
ROUTE_00504,DC_03,STORE_0091,6,3.64,10.13
ROUTE_00505,DC_02,STORE_0015,7,2.61,10.95
ROUTE_00506,DC_01,STORE_0002,5,2.54,10.4
ROUTE_00507,DC_01,STORE_0025,6,1.45,9.1
ROUTE_00508,DC_01,STORE_0013,7,1.21,5.79
ROUTE_00509,DC_05,STORE_0089,2,4.36,10.54
ROUTE_00510,DC_05,STORE_0070,6,1.92,7.57
ROUTE_00511,DC_05,STORE_0018,4,1.67,10.33
ROUTE_00512,DC_05,STORE_0079,5,2.22,9.96
ROUTE_00513,DC_05,STORE_0075,5,3.56,10.89
ROUTE_00514,DC_05,STORE_0023,6,1.01,7.49
ROUTE_00515,DC_02,STORE_0035,7,4.28,10.58
ROUTE_00516,DC_01,STORE_0025,6,1.15,10.55
ROUTE_00517,DC_01,STORE_0062,6,3.88,6.45
ROUTE_00518,DC_05,STORE_0096,5,2.8,8.18
ROUTE_00519,DC_03,STORE_0010,2,4.02,10.03
ROUTE_00520,DC_02,STORE_0093,3,3.85,8.46
ROUTE_00521,DC_05,STORE_0067,3,2.73,11.24
ROUTE_00522,DC_05,STORE_0019,6,1.76,5.63
ROUTE_00523,DC_01,STORE_0090,3,3.98,5.12
ROUTE_00524,DC_04,STORE_0012,7,3.19,5.61
ROUTE_00525,DC_03,STORE_0054,2,1.62,5.69
ROUTE_00526,DC_01,STORE_0081,7,2.55,9.91
ROUTE_00527,DC_04,STORE_0049,6,1.83,9.34
ROUTE_00528,DC_02,STORE_0019,7,2.93,6.37
ROUTE_00529,DC_01,STORE_0086,4,3.85,6.14
ROUTE_00530,DC_02,STORE_0020,5,3.04,5.62
ROUTE_00531,DC_01,STORE_0040,5,3.62,8.93
ROUTE_00532,DC_01,STORE_0054,5,1.9,5.26
ROUTE_00533,DC_02,STORE_0060,2,1.09,9.64
ROUTE_00534,DC_04,STORE_0056,7,3.43,10.04
ROUTE_00535,DC_01,STORE_0095,3,3.04,10.14
ROUTE_00536,DC_02,STORE_0024,3,2.98,6.72
ROUTE_00537,DC_02,STORE_0047,7,2.2,8.09
ROUTE_00538,DC_04,STORE_0077,5,1.09,11.21
ROUTE_00539,DC_03,STORE_0086,3,3.82,6.7
ROUTE_00540,DC_01,STORE_0066,1,2.17,5.47
ROUTE_00541,DC_02,STORE_0004,1,1.1,11.48
ROUTE_00542,DC_03,STORE_0071,6,2.97,9.19
ROUTE_00543,DC_01,STORE_0014,7,3.75,10.64
ROUTE_00544,DC_02,STORE_0039,7,3.73,10.05
ROUTE_00545,DC_02,STORE_0033,5,3.25,5.47
ROUTE_00546,DC_03,STORE_0095,4,1.26,11.26
ROUTE_00547,DC_03,STORE_0050,4,1.53,5.11
ROUTE_00548,DC_02,STORE_0066,4,2.04,7.2
ROUTE_00549,DC_04,STORE_0016,7,3.84,8.95
ROUTE_00550,DC_01,STORE_0023,5,1.89,9.42
ROUTE_00551,DC_05,STORE_0001,3,3.57,5.5
ROUTE_00552,DC_04,STORE_0018,7,1.93,5.79
ROUTE_00553,DC_04,STORE_0046,1,1.36,8.9
ROUTE_00554,DC_04,STORE_0026,2,2.85,8.11
ROUTE_00555,DC_03,STORE_0039,5,2.78,9.9
ROUTE_00556,DC_04,STORE_0024,4,2.12,8.32
ROUTE_00557,DC_04,STORE_0086,4,2.85,11.87
ROUTE_00558,DC_02,STORE_0010,6,3.52,8.69
ROUTE_00559,DC_04,STORE_0058,2,1.56,8.11
ROUTE_00560,DC_04,STORE_0041,4,3.33,6.4
ROUTE_00561,DC_02,STORE_0007,1,1.87,5.45
ROUTE_00562,DC_04,STORE_0100,3,2.12,11.74
ROUTE_00563,DC_01,STORE_0042,1,2.53,9.75
ROUTE_00564,DC_02,STORE_0057,2,1.61,10.61
ROUTE_00565,DC_03,STORE_0007,2,1.22,6.15
ROUTE_00566,DC_04,STORE_0018,1,3.08,8.65
ROUTE_00567,DC_05,STORE_0067,2,1.61,10.85
ROUTE_00568,DC_02,STORE_0020,3,1.29,5.99
ROUTE_00569,DC_03,STORE_0033,6,3.78,9.35
ROUTE_00570,DC_01,STORE_0057,1,1.45,6.02
ROUTE_00571,DC_02,STORE_0004,2,3.69,6.5
ROUTE_00572,DC_01,STORE_0001,7,4.45,11.82
ROUTE_00573,DC_02,STORE_0019,3,3.96,9.48
ROUTE_00574,DC_03,STORE_0035,3,1.83,11.37
ROUTE_00575,DC_01,STORE_0026,6,3.88,11.09
ROUTE_00576,DC_05,STORE_0069,4,1.01,7.36
ROUTE_00577,DC_05,STORE_0002,1,2.12,10.19
ROUTE_00578,DC_03,STORE_0098,2,3.82,9.54
ROUTE_00579,DC_03,STORE_0040,5,1.65,11.65
ROUTE_00580,DC_05,STORE_0067,6,1.4,6.39
ROUTE_00581,DC_02,STORE_0012,3,1.56,9.66
ROUTE_00582,DC_05,STORE_0024,7,3.7,6.7
ROUTE_00583,DC_01,STORE_0011,5,2.34,5.76
ROUTE_00584,DC_04,STORE_0022,4,3.16,7.46
ROUTE_00585,DC_04,STORE_0007,5,2.7,8.2
ROUTE_00586,DC_04,STORE_0017,6,1.13,5.45
ROUTE_00587,DC_05,STORE_0039,4,3.15,5.43
ROUTE_00588,DC_01,STORE_0024,7,3.76,8.42
ROUTE_00589,DC_05,STORE_0026,1,3.33,11.82
ROUTE_00590,DC_02,STORE_0066,6,1.41,11.01
ROUTE_00591,DC_03,STORE_0048,2,2.21,6.58
ROUTE_00592,DC_03,STORE_0093,7,3.71,9.49
ROUTE_00593,DC_02,STORE_0059,1,4.31,8.89
ROUTE_00594,DC_05,STORE_0044,4,2.43,9.59
ROUTE_00595,DC_04,STORE_0001,7,1.56,6.32
ROUTE_00596,DC_04,STORE_0100,1,2.36,7.41
ROUTE_00597,DC_05,STORE_0081,5,3.04,10.49
ROUTE_00598,DC_04,STORE_0082,7,0.85,6.54
ROUTE_00599,DC_01,STORE_0059,7,2.02,11.16
ROUTE_00600,DC_01,STORE_0003,3,1.7,5.95
ROUTE_00601,DC_01,STORE_0056,2,1.27,9.04
ROUTE_00602,DC_03,STORE_0017,2,1.18,5.77
ROUTE_00603,DC_05,STORE_0068,6,2.35,10.14
ROUTE_00604,DC_04,STORE_0011,2,4.42,6.94
ROUTE_00605,DC_05,STORE_0014,2,3.02,9.9
ROUTE_00606,DC_04,STORE_0098,5,4.35,11.26
ROUTE_00607,DC_04,STORE_0024,3,3.94,11.96
ROUTE_00608,DC_01,STORE_0027,6,2.72,11.55
ROUTE_00609,DC_05,STORE_0035,5,2.48,10.59
ROUTE_00610,DC_04,STORE_0064,7,2.54,5.52
ROUTE_00611,DC_01,STORE_0075,7,0.97,9.1
ROUTE_00612,DC_02,STORE_0084,6,3.6,5.07
ROUTE_00613,DC_04,STORE_0081,4,4.48,7.55
ROUTE_00614,DC_04,STORE_0028,1,2.23,7.6
ROUTE_00615,DC_02,STORE_0071,3,2.88,9.87
ROUTE_00616,DC_04,STORE_0079,1,2.13,9.58
ROUTE_00617,DC_01,STORE_0080,1,0.86,5.08
ROUTE_00618,DC_04,STORE_0056,4,3.74,11.64
ROUTE_00619,DC_01,STORE_0082,5,1.47,8.35
ROUTE_00620,DC_02,STORE_0063,4,3.0,10.43
ROUTE_00621,DC_04,STORE_0100,6,4.26,11.29
ROUTE_00622,DC_02,STORE_0010,6,2.08,8.64
ROUTE_00623,DC_05,STORE_0093,2,2.3,8.31
ROUTE_00624,DC_05,STORE_0044,5,2.3,7.38
ROUTE_00625,DC_04,STORE_0090,2,3.22,7.56
ROUTE_00626,DC_03,STORE_0040,2,1.62,10.6
ROUTE_00627,DC_02,STORE_0025,3,3.59,10.31
ROUTE_00628,DC_02,STORE_0076,2,4.43,9.04
ROUTE_00629,DC_01,STORE_0011,5,3.44,10.11
ROUTE_00630,DC_05,STORE_0092,4,1.49,5.79
ROUTE_00631,DC_02,STORE_0063,3,3.03,6.97
ROUTE_00632,DC_05,STORE_0058,6,1.45,7.64
ROUTE_00633,DC_05,STORE_0060,6,1.42,8.93
ROUTE_00634,DC_02,STORE_0066,7,1.1,6.21
ROUTE_00635,DC_05,STORE_0083,3,3.29,9.07
ROUTE_00636,DC_01,STORE_0008,1,4.45,5.2
ROUTE_00637,DC_02,STORE_0068,1,1.17,5.67
ROUTE_00638,DC_05,STORE_0018,3,3.14,7.03
ROUTE_00639,DC_02,STORE_0026,1,1.43,8.12
ROUTE_00640,DC_05,STORE_0075,3,2.97,9.4
ROUTE_00641,DC_02,STORE_0063,6,1.93,11.38
ROUTE_00642,DC_02,STORE_0078,2,3.67,6.63
ROUTE_00643,DC_05,STORE_0027,7,3.05,9.72
ROUTE_00644,DC_01,STORE_0053,6,3.55,10.96
ROUTE_00645,DC_03,STORE_0006,1,3.58,5.64
ROUTE_00646,DC_04,STORE_0027,5,1.61,5.87
ROUTE_00647,DC_02,STORE_0001,2,3.05,7.15
ROUTE_00648,DC_05,STORE_0018,6,0.96,11.88
ROUTE_00649,DC_02,STORE_0099,2,3.22,6.43
ROUTE_00650,DC_03,STORE_0020,2,2.81,9.03
ROUTE_00651,DC_01,STORE_0071,6,3.56,10.77
ROUTE_00652,DC_02,STORE_0017,3,4.23,11.75
ROUTE_00653,DC_03,STORE_0002,6,2.93,9.92
ROUTE_00654,DC_03,STORE_0053,6,3.27,10.56
ROUTE_00655,DC_03,STORE_0047,4,2.99,10.0
ROUTE_00656,DC_02,STORE_0025,4,3.95,6.96
ROUTE_00657,DC_02,STORE_0016,6,2.06,7.15
ROUTE_00658,DC_03,STORE_0060,5,2.58,7.93
ROUTE_00659,DC_02,STORE_0020,4,1.55,6.08
ROUTE_00660,DC_05,STORE_0079,5,4.35,5.38
ROUTE_00661,DC_02,STORE_0023,1,3.2,5.83
ROUTE_00662,DC_01,STORE_0020,1,4.36,8.18
ROUTE_00663,DC_01,STORE_0035,7,1.59,9.02
ROUTE_00664,DC_03,STORE_0004,5,1.84,6.32
ROUTE_00665,DC_04,STORE_0017,3,4.49,9.55
ROUTE_00666,DC_04,STORE_0040,5,0.96,10.84
ROUTE_00667,DC_04,STORE_0071,2,2.59,9.25
ROUTE_00668,DC_01,STORE_0062,6,4.4,9.6
ROUTE_00669,DC_03,STORE_0019,1,3.22,10.2
ROUTE_00670,DC_04,STORE_0033,2,4.47,7.21
ROUTE_00671,DC_01,STORE_0086,4,3.79,8.33
ROUTE_00672,DC_05,STORE_0040,2,2.15,5.31
ROUTE_00673,DC_05,STORE_0012,4,2.06,8.52
ROUTE_00674,DC_04,STORE_0072,4,1.08,9.0
ROUTE_00675,DC_04,STORE_0034,6,2.62,11.85
ROUTE_00676,DC_03,STORE_0028,1,2.22,9.65
ROUTE_00677,DC_04,STORE_0079,4,0.96,10.21
ROUTE_00678,DC_05,STORE_0079,5,3.48,7.46
ROUTE_00679,DC_03,STORE_0037,1,1.72,11.49
ROUTE_00680,DC_05,STORE_0080,2,4.07,6.05
ROUTE_00681,DC_04,STORE_0043,2,3.73,11.61
ROUTE_00682,DC_04,STORE_0072,6,4.34,6.14
ROUTE_00683,DC_05,STORE_0040,4,1.17,7.02
ROUTE_00684,DC_03,STORE_0041,3,2.17,5.52
ROUTE_00685,DC_01,STORE_0094,4,3.64,7.23
ROUTE_00686,DC_05,STORE_0048,5,1.6,9.01
ROUTE_00687,DC_05,STORE_0020,1,4.39,8.08
ROUTE_00688,DC_05,STORE_0047,6,2.36,7.67
ROUTE_00689,DC_02,STORE_0091,5,2.11,7.82
ROUTE_00690,DC_02,STORE_0028,1,2.67,7.25
ROUTE_00691,DC_03,STORE_0029,6,2.32,10.29
ROUTE_00692,DC_03,STORE_0075,2,2.57,11.89
ROUTE_00693,DC_04,STORE_0075,1,3.36,8.54
ROUTE_00694,DC_04,STORE_0096,6,2.39,8.84
ROUTE_00695,DC_02,STORE_0066,7,4.36,11.59
ROUTE_00696,DC_03,STORE_0075,1,2.39,8.4
ROUTE_00697,DC_03,STORE_0057,6,3.94,10.22
ROUTE_00698,DC_02,STORE_0072,5,1.92,5.21
ROUTE_00699,DC_02,STORE_0092,2,2.05,11.92
ROUTE_00700,DC_01,STORE_0100,5,2.36,10.0
ROUTE_00701,DC_03,STORE_0060,7,2.61,8.92
ROUTE_00702,DC_05,STORE_0007,5,4.2,9.98
ROUTE_00703,DC_04,STORE_0059,4,2.35,8.2
ROUTE_00704,DC_02,STORE_0008,6,3.16,6.17
ROUTE_00705,DC_01,STORE_0080,2,3.04,6.13
ROUTE_00706,DC_01,STORE_0012,7,3.64,6.95
ROUTE_00707,DC_01,STORE_0010,7,3.61,5.95
ROUTE_00708,DC_03,STORE_0040,1,4.45,5.19
ROUTE_00709,DC_01,STORE_0030,4,1.27,5.91
ROUTE_00710,DC_04,STORE_0021,3,1.36,7.12
ROUTE_00711,DC_01,STORE_0046,4,4.1,7.92
ROUTE_00712,DC_01,STORE_0041,6,2.79,8.93
ROUTE_00713,DC_02,STORE_0008,1,2.27,8.98
ROUTE_00714,DC_02,STORE_0088,5,1.86,6.4
ROUTE_00715,DC_03,STORE_0044,3,2.22,10.78
ROUTE_00716,DC_02,STORE_0051,1,4.29,9.68
ROUTE_00717,DC_01,STORE_0058,7,2.17,9.21
ROUTE_00718,DC_01,STORE_0015,7,3.23,5.64
ROUTE_00719,DC_05,STORE_0001,5,0.96,11.04
ROUTE_00720,DC_03,STORE_0059,5,3.51,7.09
ROUTE_00721,DC_01,STORE_0046,1,4.47,8.64
ROUTE_00722,DC_05,STORE_0067,5,1.28,7.61
ROUTE_00723,DC_01,STORE_0024,7,3.56,10.28
ROUTE_00724,DC_02,STORE_0060,2,2.01,10.25
ROUTE_00725,DC_01,STORE_0083,1,1.82,8.01
ROUTE_00726,DC_05,STORE_0044,1,3.64,7.82
ROUTE_00727,DC_04,STORE_0025,7,1.2,6.22
ROUTE_00728,DC_03,STORE_0012,3,2.19,8.95
ROUTE_00729,DC_03,STORE_0081,2,2.73,7.88
ROUTE_00730,DC_04,STORE_0015,6,3.03,5.31
ROUTE_00731,DC_02,STORE_0025,7,4.07,7.65
ROUTE_00732,DC_02,STORE_0071,7,3.39,8.71
ROUTE_00733,DC_01,STORE_0071,6,4.31,10.79
ROUTE_00734,DC_04,STORE_0004,4,3.16,7.16
ROUTE_00735,DC_02,STORE_0007,3,4.14,5.93
ROUTE_00736,DC_01,STORE_0094,4,2.52,9.48
ROUTE_00737,DC_05,STORE_0050,2,3.86,6.01
ROUTE_00738,DC_04,STORE_0092,4,2.98,10.69
ROUTE_00739,DC_05,STORE_0033,7,3.47,5.87
ROUTE_00740,DC_02,STORE_0037,6,0.97,9.6
ROUTE_00741,DC_05,STORE_0096,7,2.23,10.79
ROUTE_00742,DC_01,STORE_0084,3,1.71,7.91
ROUTE_00743,DC_05,STORE_0073,3,2.63,6.99
ROUTE_00744,DC_01,STORE_0067,3,1.64,7.97
ROUTE_00745,DC_02,STORE_0030,1,4.47,7.76
ROUTE_00746,DC_03,STORE_0023,6,3.65,9.31
ROUTE_00747,DC_04,STORE_0032,7,1.93,9.78
ROUTE_00748,DC_01,STORE_0097,1,3.3,8.81
ROUTE_00749,DC_04,STORE_0041,6,2.9,7.76
ROUTE_00750,DC_04,STORE_0069,7,4.24,11.55
ROUTE_00751,DC_05,STORE_0011,2,1.85,7.24
ROUTE_00752,DC_05,STORE_0020,7,2.23,5.98
ROUTE_00753,DC_03,STORE_0066,2,2.55,7.34
ROUTE_00754,DC_04,STORE_0007,4,3.41,11.05
ROUTE_00755,DC_03,STORE_0006,7,4.4,6.49
ROUTE_00756,DC_03,STORE_0011,5,3.33,8.16
ROUTE_00757,DC_01,STORE_0001,5,2.55,7.88
ROUTE_00758,DC_03,STORE_0017,3,2.73,7.09
ROUTE_00759,DC_02,STORE_0085,1,1.1,7.17
ROUTE_00760,DC_01,STORE_0052,3,1.97,6.49
ROUTE_00761,DC_05,STORE_0093,3,2.31,11.95
ROUTE_00762,DC_03,STORE_0002,1,1.63,11.73
ROUTE_00763,DC_03,STORE_0077,7,4.25,11.69
ROUTE_00764,DC_03,STORE_0054,5,4.12,7.0
ROUTE_00765,DC_01,STORE_0090,5,3.52,7.51
ROUTE_00766,DC_02,STORE_0020,5,4.21,7.11
ROUTE_00767,DC_04,STORE_0038,6,3.74,6.33
ROUTE_00768,DC_02,STORE_0053,7,1.41,9.57
ROUTE_00769,DC_05,STORE_0083,2,1.96,9.37
ROUTE_00770,DC_03,STORE_0011,1,4.33,6.93
ROUTE_00771,DC_01,STORE_0049,5,3.48,11.18
ROUTE_00772,DC_03,STORE_0097,7,0.99,10.32
ROUTE_00773,DC_01,STORE_0050,4,3.01,8.27
ROUTE_00774,DC_01,STORE_0074,5,1.06,11.8
ROUTE_00775,DC_01,STORE_0085,1,1.05,5.76
ROUTE_00776,DC_04,STORE_0088,6,4.05,10.8
ROUTE_00777,DC_02,STORE_0089,1,3.52,7.6
ROUTE_00778,DC_04,STORE_0036,1,4.04,9.95
ROUTE_00779,DC_01,STORE_0084,6,3.53,9.07
ROUTE_00780,DC_04,STORE_0002,6,3.56,9.3
ROUTE_00781,DC_01,STORE_0039,5,1.32,5.66
ROUTE_00782,DC_03,STORE_0053,1,3.23,5.7
ROUTE_00783,DC_05,STORE_0075,4,3.37,11.41
ROUTE_00784,DC_03,STORE_0033,4,3.28,8.08
ROUTE_00785,DC_05,STORE_0027,3,3.1,11.43
ROUTE_00786,DC_03,STORE_0035,4,1.27,7.61
ROUTE_00787,DC_02,STORE_0090,1,3.97,5.14
ROUTE_00788,DC_04,STORE_0081,7,2.14,11.15
ROUTE_00789,DC_01,STORE_0075,5,0.85,5.27
ROUTE_00790,DC_05,STORE_0039,2,0.81,9.4
ROUTE_00791,DC_05,STORE_0039,4,1.11,6.49
ROUTE_00792,DC_03,STORE_0034,1,1.98,10.91
ROUTE_00793,DC_04,STORE_0013,7,3.37,10.05
ROUTE_00794,DC_03,STORE_0005,2,2.37,11.74
ROUTE_00795,DC_01,STORE_0024,4,3.2,8.69
ROUTE_00796,DC_04,STORE_0001,5,4.25,8.44
ROUTE_00797,DC_01,STORE_0022,6,3.87,5.06
ROUTE_00798,DC_04,STORE_0031,7,3.36,10.39
ROUTE_00799,DC_05,STORE_0070,4,2.99,10.53
ROUTE_00800,DC_03,STORE_0021,5,2.97,5.23
ROUTE_00801,DC_04,STORE_0018,7,3.01,5.47
ROUTE_00802,DC_05,STORE_0056,4,4.11,8.72
ROUTE_00803,DC_02,STORE_0030,5,2.49,11.66
ROUTE_00804,DC_03,STORE_0001,5,1.52,7.07
ROUTE_00805,DC_01,STORE_0011,7,2.54,7.17
ROUTE_00806,DC_04,STORE_0037,1,0.84,11.03
ROUTE_00807,DC_05,STORE_0012,4,0.98,5.18
ROUTE_00808,DC_02,STORE_0053,1,3.98,6.77
ROUTE_00809,DC_02,STORE_0029,4,4.38,10.9
ROUTE_00810,DC_03,STORE_0054,5,2.71,8.99
ROUTE_00811,DC_05,STORE_0022,4,3.99,11.69
ROUTE_00812,DC_03,STORE_0062,1,2.44,11.0
ROUTE_00813,DC_03,STORE_0056,2,4.43,9.35
ROUTE_00814,DC_05,STORE_0063,5,2.71,7.99
ROUTE_00815,DC_04,STORE_0017,7,1.02,10.87
ROUTE_00816,DC_03,STORE_0004,4,2.59,8.57
ROUTE_00817,DC_02,STORE_0050,1,2.73,11.98
ROUTE_00818,DC_02,STORE_0025,2,3.0,9.16
ROUTE_00819,DC_05,STORE_0067,4,1.31,11.79
ROUTE_00820,DC_04,STORE_0091,4,3.69,11.3
ROUTE_00821,DC_02,STORE_0072,4,1.74,11.4
ROUTE_00822,DC_05,STORE_0099,7,3.76,10.35
ROUTE_00823,DC_02,STORE_0069,6,1.49,10.39
ROUTE_00824,DC_02,STORE_0011,6,3.77,11.35
ROUTE_00825,DC_05,STORE_0079,6,3.74,5.96
ROUTE_00826,DC_01,STORE_0056,6,2.1,7.43
ROUTE_00827,DC_02,STORE_0026,3,1.19,11.2
ROUTE_00828,DC_03,STORE_0075,4,3.37,10.82
ROUTE_00829,DC_05,STORE_0040,6,2.39,5.73
ROUTE_00830,DC_05,STORE_0037,4,4.06,7.13
ROUTE_00831,DC_02,STORE_0085,6,4.43,9.27
ROUTE_00832,DC_01,STORE_0085,7,4.09,5.81
ROUTE_00833,DC_04,STORE_0022,3,3.65,7.21
ROUTE_00834,DC_05,STORE_0033,4,2.47,9.46
ROUTE_00835,DC_01,STORE_0029,2,4.3,10.41
ROUTE_00836,DC_04,STORE_0013,3,4.32,7.03
ROUTE_00837,DC_03,STORE_0055,3,2.77,11.35
ROUTE_00838,DC_04,STORE_0010,6,4.35,7.38
ROUTE_00839,DC_05,STORE_0048,6,2.58,6.58
ROUTE_00840,DC_01,STORE_0027,2,1.75,11.76
ROUTE_00841,DC_04,STORE_0002,3,3.97,7.71
ROUTE_00842,DC_05,STORE_0007,6,2.58,9.23
ROUTE_00843,DC_01,STORE_0010,7,1.83,8.34
ROUTE_00844,DC_03,STORE_0083,6,3.87,7.83
ROUTE_00845,DC_03,STORE_0034,1,3.67,7.33
ROUTE_00846,DC_01,STORE_0011,6,3.55,10.32
ROUTE_00847,DC_02,STORE_0053,2,1.43,6.81
ROUTE_00848,DC_02,STORE_0070,6,3.23,6.91
ROUTE_00849,DC_03,STORE_0060,1,2.18,7.97
ROUTE_00850,DC_04,STORE_0089,5,3.03,10.81
ROUTE_00851,DC_05,STORE_0071,2,2.06,6.83
ROUTE_00852,DC_01,STORE_0052,1,2.57,6.51
ROUTE_00853,DC_04,STORE_0015,3,3.74,11.2
ROUTE_00854,DC_01,STORE_0011,5,1.98,6.68
ROUTE_00855,DC_01,STORE_0054,5,4.31,7.85
ROUTE_00856,DC_04,STORE_0083,1,1.52,6.27
ROUTE_00857,DC_02,STORE_0075,5,3.73,8.2
ROUTE_00858,DC_03,STORE_0054,6,2.2,8.63
ROUTE_00859,DC_03,STORE_0014,6,2.21,5.94
ROUTE_00860,DC_02,STORE_0037,7,4.1,9.99
ROUTE_00861,DC_01,STORE_0074,2,2.25,6.44
ROUTE_00862,DC_02,STORE_0005,5,0.94,8.03
ROUTE_00863,DC_03,STORE_0067,6,1.32,8.93
ROUTE_00864,DC_01,STORE_0001,5,3.76,7.7
ROUTE_00865,DC_03,STORE_0068,1,2.85,11.61
ROUTE_00866,DC_03,STORE_0041,5,3.2,7.95
ROUTE_00867,DC_01,STORE_0056,6,3.91,8.86
ROUTE_00868,DC_05,STORE_0082,1,1.78,10.34
ROUTE_00869,DC_01,STORE_0089,5,2.85,9.36
ROUTE_00870,DC_02,STORE_0009,2,3.92,6.41
ROUTE_00871,DC_01,STORE_0071,6,1.45,8.22
ROUTE_00872,DC_04,STORE_0026,6,4.47,7.37
ROUTE_00873,DC_04,STORE_0082,3,2.29,7.68
ROUTE_00874,DC_03,STORE_0024,1,2.99,11.5
ROUTE_00875,DC_05,STORE_0020,2,2.46,11.22
ROUTE_00876,DC_01,STORE_0083,3,1.86,11.76
ROUTE_00877,DC_04,STORE_0058,1,1.21,7.92
ROUTE_00878,DC_02,STORE_0086,5,3.93,11.32
ROUTE_00879,DC_05,STORE_0071,5,3.42,9.99
ROUTE_00880,DC_03,STORE_0070,3,3.08,9.67
ROUTE_00881,DC_04,STORE_0046,5,3.95,11.59
ROUTE_00882,DC_05,STORE_0009,3,1.87,7.67
ROUTE_00883,DC_04,STORE_0003,3,1.47,10.9
ROUTE_00884,DC_02,STORE_0083,6,1.82,8.96
ROUTE_00885,DC_05,STORE_0100,3,0.84,5.29
ROUTE_00886,DC_02,STORE_0065,5,1.32,6.89
ROUTE_00887,DC_05,STORE_0095,7,3.81,5.06
ROUTE_00888,DC_01,STORE_0041,7,3.49,6.09
ROUTE_00889,DC_01,STORE_0072,7,1.92,9.85
ROUTE_00890,DC_02,STORE_0027,6,4.27,5.03
ROUTE_00891,DC_03,STORE_0065,4,1.87,9.95
ROUTE_00892,DC_03,STORE_0025,3,3.73,10.99
ROUTE_00893,DC_01,STORE_0016,1,3.87,11.7
ROUTE_00894,DC_03,STORE_0073,6,3.89,6.03
ROUTE_00895,DC_03,STORE_0064,2,3.37,7.62
ROUTE_00896,DC_04,STORE_0081,2,2.8,5.41
ROUTE_00897,DC_04,STORE_0053,4,1.89,10.73
ROUTE_00898,DC_05,STORE_0032,2,2.12,7.64
ROUTE_00899,DC_05,STORE_0079,5,2.59,6.29
ROUTE_00900,DC_01,STORE_0010,6,2.7,8.25
ROUTE_00901,DC_02,STORE_0029,7,3.05,11.67
ROUTE_00902,DC_03,STORE_0067,4,2.88,8.61
ROUTE_00903,DC_04,STORE_0056,4,2.12,6.03
ROUTE_00904,DC_05,STORE_0072,3,4.42,5.22
ROUTE_00905,DC_03,STORE_0055,5,3.95,10.72
ROUTE_00906,DC_04,STORE_0027,1,1.74,11.23
ROUTE_00907,DC_01,STORE_0007,5,2.17,7.63
ROUTE_00908,DC_04,STORE_0061,2,2.64,9.23
ROUTE_00909,DC_02,STORE_0053,5,3.66,8.44
ROUTE_00910,DC_01,STORE_0092,2,3.64,11.79
ROUTE_00911,DC_05,STORE_0035,3,1.2,5.89
ROUTE_00912,DC_02,STORE_0084,2,2.35,11.38
ROUTE_00913,DC_05,STORE_0056,5,0.89,8.89
ROUTE_00914,DC_04,STORE_0062,3,4.39,11.48
ROUTE_00915,DC_04,STORE_0069,4,1.54,7.61
ROUTE_00916,DC_03,STORE_0038,4,3.81,11.82
ROUTE_00917,DC_02,STORE_0065,6,2.17,6.61
ROUTE_00918,DC_04,STORE_0040,7,3.64,6.09
ROUTE_00919,DC_01,STORE_0055,4,2.06,8.43
ROUTE_00920,DC_03,STORE_0092,5,3.2,7.26
ROUTE_00921,DC_02,STORE_0068,5,2.69,10.35
ROUTE_00922,DC_01,STORE_0064,6,2.28,10.62
ROUTE_00923,DC_04,STORE_0051,7,2.39,8.5
ROUTE_00924,DC_01,STORE_0042,4,3.29,6.4
ROUTE_00925,DC_01,STORE_0082,6,2.42,10.17
ROUTE_00926,DC_05,STORE_0018,3,3.75,11.46
ROUTE_00927,DC_04,STORE_0060,6,4.2,7.66
ROUTE_00928,DC_05,STORE_0007,7,0.93,10.62
ROUTE_00929,DC_01,STORE_0022,4,1.57,10.25
ROUTE_00930,DC_01,STORE_0031,4,1.31,7.94
ROUTE_00931,DC_03,STORE_0010,2,4.39,7.19
ROUTE_00932,DC_03,STORE_0061,5,2.94,11.15
ROUTE_00933,DC_02,STORE_0032,3,4.32,5.33
ROUTE_00934,DC_01,STORE_0016,5,3.06,11.88
ROUTE_00935,DC_04,STORE_0037,2,4.07,7.99
ROUTE_00936,DC_04,STORE_0059,6,2.94,6.8
ROUTE_00937,DC_04,STORE_0085,4,1.86,9.16
ROUTE_00938,DC_01,STORE_0045,1,1.59,8.92
ROUTE_00939,DC_02,STORE_0062,7,1.67,9.05
ROUTE_00940,DC_02,STORE_0014,5,3.54,9.83
ROUTE_00941,DC_04,STORE_0092,6,4.41,5.58
ROUTE_00942,DC_01,STORE_0068,4,2.26,9.03
ROUTE_00943,DC_03,STORE_0058,5,1.72,8.86
ROUTE_00944,DC_01,STORE_0017,5,1.53,5.98
ROUTE_00945,DC_04,STORE_0070,1,3.44,8.67
ROUTE_00946,DC_03,STORE_0087,2,2.55,8.6
ROUTE_00947,DC_05,STORE_0001,6,1.52,9.44
ROUTE_00948,DC_03,STORE_0045,1,1.43,10.94
ROUTE_00949,DC_04,STORE_0079,6,3.0,11.45
ROUTE_00950,DC_04,STORE_0095,4,1.14,5.53
ROUTE_00951,DC_04,STORE_0005,1,2.66,11.76
ROUTE_00952,DC_01,STORE_0013,1,3.41,6.41
ROUTE_00953,DC_03,STORE_0045,7,1.43,8.45
ROUTE_00954,DC_03,STORE_0048,6,1.24,8.1
ROUTE_00955,DC_01,STORE_0001,3,4.1,9.92
ROUTE_00956,DC_05,STORE_0090,5,1.55,10.31
ROUTE_00957,DC_05,STORE_0058,6,2.52,9.55
ROUTE_00958,DC_05,STORE_0095,3,1.2,11.98
ROUTE_00959,DC_04,STORE_0061,5,2.44,10.04
ROUTE_00960,DC_05,STORE_0003,5,2.41,7.08
ROUTE_00961,DC_04,STORE_0017,3,3.38,9.03
ROUTE_00962,DC_04,STORE_0058,2,3.58,6.74
ROUTE_00963,DC_03,STORE_0050,7,3.21,9.85
ROUTE_00964,DC_05,STORE_0073,1,4.04,8.34
ROUTE_00965,DC_01,STORE_0087,6,1.38,6.44
ROUTE_00966,DC_05,STORE_0056,3,1.21,5.87
ROUTE_00967,DC_05,STORE_0088,3,2.48,8.3
ROUTE_00968,DC_04,STORE_0073,5,1.54,8.71
ROUTE_00969,DC_05,STORE_0033,5,2.6,8.77
ROUTE_00970,DC_02,STORE_0072,2,1.8,9.18
ROUTE_00971,DC_04,STORE_0012,6,2.32,7.46
ROUTE_00972,DC_03,STORE_0009,7,4.28,5.6
ROUTE_00973,DC_04,STORE_0082,6,2.54,5.56
ROUTE_00974,DC_02,STORE_0069,1,2.13,11.47
ROUTE_00975,DC_03,STORE_0025,4,3.17,10.18
ROUTE_00976,DC_02,STORE_0076,7,4.4,9.98
ROUTE_00977,DC_01,STORE_0087,4,1.58,11.89
ROUTE_00978,DC_03,STORE_0044,1,3.31,10.6
ROUTE_00979,DC_03,STORE_0090,5,2.89,5.52
ROUTE_00980,DC_01,STORE_0065,5,2.71,5.58
ROUTE_00981,DC_04,STORE_0080,7,3.77,10.49
ROUTE_00982,DC_03,STORE_0078,6,2.69,6.0
ROUTE_00983,DC_03,STORE_0068,6,1.58,6.64
ROUTE_00984,DC_01,STORE_0092,6,2.31,11.04
ROUTE_00985,DC_01,STORE_0051,4,1.23,6.65
ROUTE_00986,DC_05,STORE_0071,5,1.18,6.5
ROUTE_00987,DC_05,STORE_0081,5,2.65,7.73
ROUTE_00988,DC_05,STORE_0062,5,3.08,8.47
ROUTE_00989,DC_02,STORE_0036,2,3.86,5.88
ROUTE_00990,DC_02,STORE_0056,6,2.53,7.36
ROUTE_00991,DC_02,STORE_0094,6,2.16,10.6
ROUTE_00992,DC_02,STORE_0060,1,0.86,9.44
ROUTE_00993,DC_05,STORE_0088,5,4.21,8.1
ROUTE_00994,DC_02,STORE_0044,6,2.34,5.53
ROUTE_00995,DC_02,STORE_0082,6,0.83,7.34
ROUTE_00996,DC_03,STORE_0064,1,2.93,10.9
ROUTE_00997,DC_03,STORE_0027,1,4.41,11.75
ROUTE_00998,DC_04,STORE_0058,7,1.28,10.99
ROUTE_00999,DC_05,STORE_0060,1,2.2,6.37
ROUTE_01000,DC_03,STORE_0083,7,2.6,11.45
ROUTE_01001,DC_05,STORE_0034,5,1.65,8.97
ROUTE_01002,DC_04,STORE_0038,1,1.6,6.63
ROUTE_01003,DC_02,STORE_0025,6,4.17,7.85
ROUTE_01004,DC_05,STORE_0022,6,2.89,11.12
ROUTE_01005,DC_02,STORE_0057,7,0.98,5.5
ROUTE_01006,DC_03,STORE_0063,1,4.22,10.87
ROUTE_01007,DC_01,STORE_0007,2,2.69,9.53
ROUTE_01008,DC_02,STORE_0029,1,1.1,9.12
ROUTE_01009,DC_04,STORE_0078,4,3.19,10.84
ROUTE_01010,DC_03,STORE_0023,4,3.84,9.45
ROUTE_01011,DC_04,STORE_0086,5,2.33,7.67
ROUTE_01012,DC_02,STORE_0084,3,1.36,6.23
ROUTE_01013,DC_04,STORE_0056,4,1.61,8.58
ROUTE_01014,DC_02,STORE_0012,2,0.94,11.92
ROUTE_01015,DC_04,STORE_0062,1,1.32,6.43
ROUTE_01016,DC_04,STORE_0069,4,2.85,6.75
ROUTE_01017,DC_02,STORE_0026,5,1.51,10.02
ROUTE_01018,DC_03,STORE_0086,3,3.25,9.91
ROUTE_01019,DC_05,STORE_0020,4,1.71,9.18
ROUTE_01020,DC_03,STORE_0071,7,3.28,5.69
ROUTE_01021,DC_04,STORE_0013,3,2.88,11.32
ROUTE_01022,DC_01,STORE_0004,5,3.54,10.46
ROUTE_01023,DC_02,STORE_0094,5,2.4,11.58
ROUTE_01024,DC_02,STORE_0080,2,1.95,11.65
ROUTE_01025,DC_05,STORE_0008,5,1.79,6.04
ROUTE_01026,DC_03,STORE_0092,3,2.19,5.99
ROUTE_01027,DC_03,STORE_0019,3,4.01,9.99
ROUTE_01028,DC_05,STORE_0066,3,3.2,8.57
ROUTE_01029,DC_01,STORE_0019,6,1.87,6.0
ROUTE_01030,DC_02,STORE_0065,1,1.73,10.5
ROUTE_01031,DC_03,STORE_0080,7,3.56,9.18
ROUTE_01032,DC_04,STORE_0031,1,1.64,5.75
ROUTE_01033,DC_02,STORE_0086,3,4.49,7.9
ROUTE_01034,DC_05,STORE_0001,5,2.22,9.59
ROUTE_01035,DC_03,STORE_0065,5,1.68,11.94
ROUTE_01036,DC_05,STORE_0038,3,3.12,9.68
ROUTE_01037,DC_04,STORE_0001,1,4.32,10.47
ROUTE_01038,DC_04,STORE_0022,4,2.69,7.47
ROUTE_01039,DC_05,STORE_0094,5,3.43,8.26
ROUTE_01040,DC_03,STORE_0089,7,2.64,11.96
ROUTE_01041,DC_04,STORE_0035,1,1.73,5.97
ROUTE_01042,DC_04,STORE_0037,6,0.82,8.91
ROUTE_01043,DC_01,STORE_0003,1,3.23,9.08
ROUTE_01044,DC_01,STORE_0024,6,3.3,11.76
ROUTE_01045,DC_01,STORE_0057,5,2.34,11.4
ROUTE_01046,DC_04,STORE_0051,5,0.8,5.94
ROUTE_01047,DC_03,STORE_0013,1,4.38,9.21
ROUTE_01048,DC_02,STORE_0024,6,2.76,6.14
ROUTE_01049,DC_02,STORE_0091,3,1.29,7.44
ROUTE_01050,DC_02,STORE_0096,1,4.19,5.91
ROUTE_01051,DC_05,STORE_0065,1,3.7,7.35
ROUTE_01052,DC_02,STORE_0071,6,1.72,8.63
ROUTE_01053,DC_02,STORE_0070,6,2.05,9.73
ROUTE_01054,DC_04,STORE_0072,7,2.35,9.32
ROUTE_01055,DC_02,STORE_0094,1,1.39,6.61
ROUTE_01056,DC_03,STORE_0074,5,4.19,9.75
ROUTE_01057,DC_04,STORE_0001,1,1.0,5.13
ROUTE_01058,DC_04,STORE_0067,2,2.13,6.01
ROUTE_01059,DC_03,STORE_0013,6,2.06,8.2
ROUTE_01060,DC_03,STORE_0021,6,4.24,10.61
ROUTE_01061,DC_02,STORE_0095,2,1.97,5.32
ROUTE_01062,DC_01,STORE_0075,1,2.35,5.33
ROUTE_01063,DC_02,STORE_0077,5,4.05,5.38
ROUTE_01064,DC_03,STORE_0013,3,1.29,11.97
ROUTE_01065,DC_01,STORE_0013,6,1.36,8.39
ROUTE_01066,DC_01,STORE_0094,1,1.34,9.16
ROUTE_01067,DC_04,STORE_0082,7,2.53,11.56
ROUTE_01068,DC_03,STORE_0018,3,3.01,10.17
ROUTE_01069,DC_03,STORE_0063,4,2.62,9.09
ROUTE_01070,DC_02,STORE_0039,4,2.8,11.34
ROUTE_01071,DC_02,STORE_0016,6,3.28,9.8
ROUTE_01072,DC_03,STORE_0070,5,3.68,10.93
ROUTE_01073,DC_04,STORE_0013,6,1.27,10.15
ROUTE_01074,DC_04,STORE_0001,4,3.26,10.43
ROUTE_01075,DC_02,STORE_0083,4,4.24,5.74
ROUTE_01076,DC_01,STORE_0015,7,1.31,10.88
ROUTE_01077,DC_05,STORE_0020,5,3.85,5.63
ROUTE_01078,DC_05,STORE_0007,2,1.41,11.75
ROUTE_01079,DC_05,STORE_0026,6,3.54,10.23
ROUTE_01080,DC_04,STORE_0034,4,1.9,6.88
ROUTE_01081,DC_02,STORE_0038,1,1.84,8.72
ROUTE_01082,DC_02,STORE_0092,5,4.33,10.9
ROUTE_01083,DC_05,STORE_0031,2,3.87,10.22
ROUTE_01084,DC_01,STORE_0011,3,2.81,10.44
ROUTE_01085,DC_04,STORE_0096,1,1.38,9.41
ROUTE_01086,DC_03,STORE_0022,5,2.16,10.78
ROUTE_01087,DC_02,STORE_0038,3,2.36,6.6
ROUTE_01088,DC_02,STORE_0022,1,1.08,9.32
ROUTE_01089,DC_03,STORE_0062,1,1.05,10.95
ROUTE_01090,DC_04,STORE_0019,6,4.15,11.27
ROUTE_01091,DC_04,STORE_0029,7,3.16,5.6
ROUTE_01092,DC_05,STORE_0084,1,4.15,9.68
ROUTE_01093,DC_01,STORE_0059,6,2.41,6.64
ROUTE_01094,DC_05,STORE_0048,3,2.38,5.77
ROUTE_01095,DC_02,STORE_0084,7,3.15,5.53
ROUTE_01096,DC_04,STORE_0040,7,4.46,11.97
ROUTE_01097,DC_02,STORE_0014,7,1.27,5.2
ROUTE_01098,DC_04,STORE_0052,2,1.43,8.06
ROUTE_01099,DC_02,STORE_0076,3,4.34,11.8
ROUTE_01100,DC_05,STORE_0037,5,1.7,6.08
ROUTE_01101,DC_04,STORE_0039,6,4.38,6.89
ROUTE_01102,DC_02,STORE_0050,4,1.72,7.36
ROUTE_01103,DC_04,STORE_0065,6,1.61,10.86
ROUTE_01104,DC_02,STORE_0068,2,1.67,5.45
ROUTE_01105,DC_04,STORE_0064,7,1.65,10.2
ROUTE_01106,DC_05,STORE_0083,7,4.42,6.47
ROUTE_01107,DC_03,STORE_0051,5,1.12,9.5
ROUTE_01108,DC_03,STORE_0084,7,2.07,11.5
ROUTE_01109,DC_03,STORE_0072,4,3.2,5.33
ROUTE_01110,DC_04,STORE_0065,6,2.2,10.3
ROUTE_01111,DC_05,STORE_0050,6,4.31,10.1
ROUTE_01112,DC_01,STORE_0062,3,2.24,11.18
ROUTE_01113,DC_02,STORE_0069,4,3.48,6.58
ROUTE_01114,DC_05,STORE_0071,3,1.08,11.04
ROUTE_01115,DC_01,STORE_0085,1,4.49,9.0
ROUTE_01116,DC_03,STORE_0069,7,0.82,9.86
ROUTE_01117,DC_05,STORE_0048,4,3.27,5.37
ROUTE_01118,DC_03,STORE_0055,6,1.47,6.35
ROUTE_01119,DC_05,STORE_0004,2,2.06,7.26
ROUTE_01120,DC_04,STORE_0071,1,2.59,7.0
ROUTE_01121,DC_04,STORE_0025,2,3.27,7.42
ROUTE_01122,DC_03,STORE_0085,4,2.49,8.18
ROUTE_01123,DC_01,STORE_0084,2,4.42,8.26
ROUTE_01124,DC_04,STORE_0087,1,3.09,5.28
ROUTE_01125,DC_03,STORE_0024,3,1.77,9.54
ROUTE_01126,DC_04,STORE_0017,6,4.45,7.13
ROUTE_01127,DC_01,STORE_0055,7,3.44,8.49
ROUTE_01128,DC_05,STORE_0060,3,2.76,9.24
ROUTE_01129,DC_03,STORE_0071,2,2.89,5.31
ROUTE_01130,DC_03,STORE_0065,2,3.77,10.18
ROUTE_01131,DC_01,STORE_0066,2,4.15,10.75
ROUTE_01132,DC_01,STORE_0070,7,1.25,8.63
ROUTE_01133,DC_03,STORE_0005,4,1.19,8.93
ROUTE_01134,DC_05,STORE_0075,4,1.72,9.61
ROUTE_01135,DC_03,STORE_0003,4,3.41,10.14
ROUTE_01136,DC_05,STORE_0072,2,1.95,9.67
ROUTE_01137,DC_02,STORE_0084,2,1.41,11.2
ROUTE_01138,DC_05,STORE_0027,7,0.88,10.48
ROUTE_01139,DC_05,STORE_0080,1,2.45,9.0
ROUTE_01140,DC_02,STORE_0092,5,3.82,10.77
ROUTE_01141,DC_05,STORE_0070,5,4.01,10.52
ROUTE_01142,DC_01,STORE_0096,5,2.1,10.26
ROUTE_01143,DC_02,STORE_0021,4,2.64,8.27
ROUTE_01144,DC_01,STORE_0046,3,3.25,5.35
ROUTE_01145,DC_02,STORE_0060,1,4.16,5.53
ROUTE_01146,DC_05,STORE_0049,2,1.94,9.87
ROUTE_01147,DC_04,STORE_0053,6,1.97,9.13
ROUTE_01148,DC_03,STORE_0026,3,3.61,9.56
ROUTE_01149,DC_03,STORE_0057,3,1.88,5.54
ROUTE_01150,DC_01,STORE_0081,6,2.12,8.91
ROUTE_01151,DC_03,STORE_0047,3,1.73,11.52
ROUTE_01152,DC_04,STORE_0018,2,1.45,5.49
ROUTE_01153,DC_05,STORE_0013,3,3.36,9.73
ROUTE_01154,DC_01,STORE_0014,7,2.72,7.69
ROUTE_01155,DC_02,STORE_0092,3,3.47,5.52
ROUTE_01156,DC_01,STORE_0064,1,4.27,9.2
ROUTE_01157,DC_04,STORE_0099,2,2.65,5.98
ROUTE_01158,DC_02,STORE_0074,3,2.13,7.38
ROUTE_01159,DC_03,STORE_0056,5,3.57,6.2
ROUTE_01160,DC_01,STORE_0034,2,1.79,8.64
ROUTE_01161,DC_05,STORE_0033,1,3.53,7.54
ROUTE_01162,DC_04,STORE_0021,2,0.99,9.3
ROUTE_01163,DC_01,STORE_0088,2,4.47,7.88
ROUTE_01164,DC_05,STORE_0037,3,4.45,7.44
ROUTE_01165,DC_03,STORE_0012,4,3.56,8.31
ROUTE_01166,DC_02,STORE_0037,2,3.3,11.98
ROUTE_01167,DC_02,STORE_0026,5,3.06,7.34
ROUTE_01168,DC_03,STORE_0071,3,2.4,10.75
ROUTE_01169,DC_02,STORE_0062,6,2.31,8.5
ROUTE_01170,DC_02,STORE_0068,4,1.81,11.69
ROUTE_01171,DC_02,STORE_0082,3,4.18,6.96
ROUTE_01172,DC_04,STORE_0032,6,2.17,9.46
ROUTE_01173,DC_05,STORE_0009,3,4.47,8.55
ROUTE_01174,DC_01,STORE_0065,7,1.74,9.8
ROUTE_01175,DC_05,STORE_0036,4,2.38,7.68
ROUTE_01176,DC_02,STORE_0062,2,2.81,5.92
ROUTE_01177,DC_05,STORE_0070,4,1.51,9.67
ROUTE_01178,DC_05,STORE_0019,2,1.21,11.96
ROUTE_01179,DC_05,STORE_0030,2,2.63,9.65
ROUTE_01180,DC_02,STORE_0052,1,1.79,6.2
ROUTE_01181,DC_04,STORE_0077,6,3.06,6.53
ROUTE_01182,DC_04,STORE_0066,5,4.03,9.79
ROUTE_01183,DC_03,STORE_0007,5,3.54,5.62
ROUTE_01184,DC_03,STORE_0081,7,1.23,6.19
ROUTE_01185,DC_02,STORE_0075,3,3.55,11.86
ROUTE_01186,DC_01,STORE_0032,3,3.13,11.92
ROUTE_01187,DC_05,STORE_0078,6,1.51,10.52
ROUTE_01188,DC_01,STORE_0076,7,1.49,9.86
ROUTE_01189,DC_05,STORE_0078,6,1.41,10.28
ROUTE_01190,DC_05,STORE_0021,1,2.48,10.47
ROUTE_01191,DC_05,STORE_0034,3,3.06,8.56
ROUTE_01192,DC_04,STORE_0062,2,3.95,5.88
ROUTE_01193,DC_01,STORE_0014,2,1.21,7.74
ROUTE_01194,DC_05,STORE_0060,2,3.55,11.46
ROUTE_01195,DC_01,STORE_0008,1,0.85,9.2
ROUTE_01196,DC_04,STORE_0015,5,1.31,11.73
ROUTE_01197,DC_05,STORE_0002,5,3.7,6.85
ROUTE_01198,DC_04,STORE_0045,1,4.36,7.56
ROUTE_01199,DC_03,STORE_0052,7,1.06,5.94
ROUTE_01200,DC_02,STORE_0033,4,1.2,5.57
ROUTE_01201,DC_04,STORE_0064,2,3.77,9.29
ROUTE_01202,DC_04,STORE_0092,3,2.06,7.77
ROUTE_01203,DC_04,STORE_0011,3,4.49,10.35
ROUTE_01204,DC_01,STORE_0013,4,3.68,7.66
ROUTE_01205,DC_05,STORE_0049,5,1.58,5.57
ROUTE_01206,DC_01,STORE_0079,5,3.66,9.92
ROUTE_01207,DC_05,STORE_0026,6,3.12,10.99
ROUTE_01208,DC_02,STORE_0073,3,1.37,6.52
ROUTE_01209,DC_04,STORE_0062,3,1.15,5.32
ROUTE_01210,DC_03,STORE_0099,3,0.8,6.83
ROUTE_01211,DC_03,STORE_0095,3,1.31,11.1
ROUTE_01212,DC_03,STORE_0025,5,1.64,8.1
ROUTE_01213,DC_02,STORE_0075,1,3.77,10.01
ROUTE_01214,DC_04,STORE_0016,6,1.58,9.86
ROUTE_01215,DC_05,STORE_0015,6,4.15,11.39
ROUTE_01216,DC_04,STORE_0014,5,1.56,10.48
ROUTE_01217,DC_03,STORE_0078,4,4.02,9.94
ROUTE_01218,DC_03,STORE_0060,1,0.81,10.96
ROUTE_01219,DC_05,STORE_0091,6,3.68,10.71
ROUTE_01220,DC_03,STORE_0078,3,1.99,5.36
ROUTE_01221,DC_02,STORE_0043,6,1.74,9.99
ROUTE_01222,DC_04,STORE_0001,2,2.63,8.91
ROUTE_01223,DC_02,STORE_0089,6,2.99,11.73
ROUTE_01224,DC_03,STORE_0059,4,1.28,8.63
ROUTE_01225,DC_05,STORE_0073,5,1.49,6.97
ROUTE_01226,DC_05,STORE_0002,2,4.1,9.52
ROUTE_01227,DC_01,STORE_0092,7,4.38,7.02
ROUTE_01228,DC_04,STORE_0016,4,2.09,11.47
ROUTE_01229,DC_04,STORE_0041,5,2.97,8.6
ROUTE_01230,DC_04,STORE_0082,5,2.78,10.33
ROUTE_01231,DC_03,STORE_0072,5,4.08,9.86
ROUTE_01232,DC_02,STORE_0070,1,2.72,9.11
ROUTE_01233,DC_04,STORE_0059,7,1.36,8.07
ROUTE_01234,DC_05,STORE_0042,7,0.89,11.36
ROUTE_01235,DC_05,STORE_0091,1,1.95,6.74
ROUTE_01236,DC_03,STORE_0097,7,2.8,8.83
ROUTE_01237,DC_01,STORE_0047,6,2.57,5.53
ROUTE_01238,DC_02,STORE_0031,6,2.99,6.26
ROUTE_01239,DC_05,STORE_0022,5,2.74,5.52
ROUTE_01240,DC_04,STORE_0022,3,3.42,8.72
ROUTE_01241,DC_01,STORE_0012,6,2.67,9.98
ROUTE_01242,DC_02,STORE_0093,5,3.25,7.35
ROUTE_01243,DC_02,STORE_0005,4,3.15,11.4
ROUTE_01244,DC_04,STORE_0084,3,3.22,10.6
ROUTE_01245,DC_03,STORE_0013,5,4.24,9.94
ROUTE_01246,DC_02,STORE_0026,5,3.64,10.84
ROUTE_01247,DC_03,STORE_0079,1,0.85,7.83
ROUTE_01248,DC_04,STORE_0031,7,3.43,5.91
ROUTE_01249,DC_05,STORE_0015,7,2.41,10.33
ROUTE_01250,DC_02,STORE_0020,2,3.99,9.98
ROUTE_01251,DC_05,STORE_0081,5,1.78,11.78
ROUTE_01252,DC_03,STORE_0033,6,3.88,9.13
ROUTE_01253,DC_02,STORE_0091,2,1.29,9.41
ROUTE_01254,DC_05,STORE_0071,6,2.24,8.24
ROUTE_01255,DC_05,STORE_0084,3,1.39,5.08
ROUTE_01256,DC_05,STORE_0045,5,4.13,10.5
ROUTE_01257,DC_04,STORE_0100,7,2.09,10.44
ROUTE_01258,DC_01,STORE_0030,1,3.18,9.65
ROUTE_01259,DC_04,STORE_0030,2,4.46,8.96
ROUTE_01260,DC_02,STORE_0073,7,1.13,11.36
ROUTE_01261,DC_01,STORE_0100,2,3.27,8.06
ROUTE_01262,DC_05,STORE_0005,5,1.25,10.63
ROUTE_01263,DC_02,STORE_0042,3,3.67,11.18
ROUTE_01264,DC_04,STORE_0055,6,3.92,7.22
ROUTE_01265,DC_01,STORE_0062,5,1.23,10.39
ROUTE_01266,DC_04,STORE_0004,3,2.54,5.77
ROUTE_01267,DC_02,STORE_0022,7,2.44,11.94
ROUTE_01268,DC_02,STORE_0030,3,4.18,11.44
ROUTE_01269,DC_02,STORE_0081,3,2.5,6.49
ROUTE_01270,DC_01,STORE_0098,6,2.2,7.01
ROUTE_01271,DC_03,STORE_0051,3,2.0,5.37
ROUTE_01272,DC_01,STORE_0026,2,1.43,7.56
ROUTE_01273,DC_02,STORE_0060,1,4.23,10.75
ROUTE_01274,DC_03,STORE_0006,2,3.57,11.13
ROUTE_01275,DC_01,STORE_0023,4,3.89,8.3
ROUTE_01276,DC_01,STORE_0080,1,1.01,8.0
ROUTE_01277,DC_04,STORE_0006,5,1.32,11.83
ROUTE_01278,DC_05,STORE_0018,7,1.21,10.5
ROUTE_01279,DC_02,STORE_0057,2,4.15,7.47
ROUTE_01280,DC_04,STORE_0043,7,3.59,7.54
ROUTE_01281,DC_05,STORE_0032,6,3.57,6.25
ROUTE_01282,DC_04,STORE_0064,2,1.56,9.41
ROUTE_01283,DC_02,STORE_0023,5,1.5,5.0
ROUTE_01284,DC_03,STORE_0070,7,2.06,5.63
ROUTE_01285,DC_01,STORE_0011,4,0.91,8.61
ROUTE_01286,DC_05,STORE_0049,6,4.03,10.4
ROUTE_01287,DC_01,STORE_0056,3,3.06,10.37
ROUTE_01288,DC_01,STORE_0019,4,3.91,5.5
ROUTE_01289,DC_02,STORE_0024,3,1.45,7.13
ROUTE_01290,DC_03,STORE_0027,1,2.65,6.26
ROUTE_01291,DC_05,STORE_0017,7,1.1,9.52
ROUTE_01292,DC_03,STORE_0053,4,4.46,5.61
ROUTE_01293,DC_02,STORE_0002,1,1.47,8.5
ROUTE_01294,DC_03,STORE_0040,1,2.44,11.47
ROUTE_01295,DC_03,STORE_0037,3,4.17,10.31
ROUTE_01296,DC_02,STORE_0076,4,1.04,9.15
ROUTE_01297,DC_04,STORE_0090,5,1.5,7.2
ROUTE_01298,DC_02,STORE_0033,5,3.0,11.69
ROUTE_01299,DC_02,STORE_0088,6,3.2,11.06
ROUTE_01300,DC_02,STORE_0053,5,3.02,5.69
ROUTE_01301,DC_05,STORE_0085,7,4.3,11.22
ROUTE_01302,DC_02,STORE_0002,3,2.74,6.5
ROUTE_01303,DC_04,STORE_0034,7,4.47,8.72
ROUTE_01304,DC_05,STORE_0007,3,2.74,10.3
ROUTE_01305,DC_04,STORE_0051,6,1.86,11.58
ROUTE_01306,DC_02,STORE_0053,5,1.56,5.03
ROUTE_01307,DC_05,STORE_0015,3,3.48,6.25
ROUTE_01308,DC_01,STORE_0072,7,0.96,5.55
ROUTE_01309,DC_03,STORE_0059,2,2.64,8.75
ROUTE_01310,DC_01,STORE_0006,3,2.3,10.07
ROUTE_01311,DC_02,STORE_0028,5,4.47,5.23
ROUTE_01312,DC_04,STORE_0043,2,2.12,10.18
ROUTE_01313,DC_01,STORE_0044,6,3.89,11.66
ROUTE_01314,DC_03,STORE_0025,3,1.7,7.79
ROUTE_01315,DC_01,STORE_0018,7,2.37,5.57
ROUTE_01316,DC_02,STORE_0096,3,3.48,7.35
ROUTE_01317,DC_03,STORE_0001,3,4.13,9.05
ROUTE_01318,DC_02,STORE_0062,1,1.05,9.62
ROUTE_01319,DC_02,STORE_0062,5,1.03,8.17
ROUTE_01320,DC_05,STORE_0088,7,2.87,6.84
ROUTE_01321,DC_01,STORE_0085,7,2.72,7.55
ROUTE_01322,DC_04,STORE_0026,5,4.41,10.91
ROUTE_01323,DC_03,STORE_0086,5,2.82,10.09
ROUTE_01324,DC_01,STORE_0086,2,2.0,6.69
ROUTE_01325,DC_01,STORE_0044,2,1.49,11.05
ROUTE_01326,DC_01,STORE_0046,6,3.6,10.6
ROUTE_01327,DC_02,STORE_0054,1,3.74,5.0
ROUTE_01328,DC_02,STORE_0037,3,3.43,5.6
ROUTE_01329,DC_04,STORE_0011,5,4.28,8.99
ROUTE_01330,DC_03,STORE_0017,5,4.06,10.24
ROUTE_01331,DC_01,STORE_0043,2,4.07,8.52
ROUTE_01332,DC_04,STORE_0002,1,4.42,5.23
ROUTE_01333,DC_02,STORE_0071,2,1.49,9.66
ROUTE_01334,DC_02,STORE_0036,7,2.9,10.35
ROUTE_01335,DC_05,STORE_0086,4,2.12,8.26
ROUTE_01336,DC_03,STORE_0092,7,3.97,7.16
ROUTE_01337,DC_02,STORE_0052,2,1.38,11.71
ROUTE_01338,DC_03,STORE_0091,1,1.63,9.83
ROUTE_01339,DC_03,STORE_0051,4,2.57,11.35
ROUTE_01340,DC_01,STORE_0064,6,3.23,10.17
ROUTE_01341,DC_02,STORE_0017,7,2.27,8.34
ROUTE_01342,DC_01,STORE_0038,1,2.71,6.46
ROUTE_01343,DC_03,STORE_0096,7,3.35,11.9
ROUTE_01344,DC_04,STORE_0066,3,1.36,7.2
ROUTE_01345,DC_04,STORE_0078,5,4.02,7.17
ROUTE_01346,DC_04,STORE_0100,2,0.93,8.34
ROUTE_01347,DC_01,STORE_0087,1,1.08,6.79
ROUTE_01348,DC_02,STORE_0008,6,3.58,5.49
ROUTE_01349,DC_02,STORE_0093,7,3.67,8.15
ROUTE_01350,DC_04,STORE_0008,6,3.23,6.64
ROUTE_01351,DC_03,STORE_0052,7,1.53,10.47
ROUTE_01352,DC_01,STORE_0058,5,3.07,6.27
ROUTE_01353,DC_04,STORE_0063,2,3.14,10.8
ROUTE_01354,DC_04,STORE_0029,4,2.94,7.99
ROUTE_01355,DC_01,STORE_0093,4,2.84,10.2
ROUTE_01356,DC_01,STORE_0014,4,3.51,7.33
ROUTE_01357,DC_05,STORE_0092,5,1.7,6.06
ROUTE_01358,DC_01,STORE_0080,4,3.97,5.0
ROUTE_01359,DC_05,STORE_0019,2,1.08,11.59
ROUTE_01360,DC_02,STORE_0004,2,2.1,9.86
ROUTE_01361,DC_01,STORE_0010,5,1.06,5.51
ROUTE_01362,DC_01,STORE_0021,1,3.13,7.45
ROUTE_01363,DC_02,STORE_0042,2,2.85,6.16
ROUTE_01364,DC_01,STORE_0040,3,2.34,8.99
ROUTE_01365,DC_05,STORE_0046,7,3.86,7.3
ROUTE_01366,DC_02,STORE_0089,4,3.38,7.77
ROUTE_01367,DC_03,STORE_0046,3,4.11,6.17
ROUTE_01368,DC_01,STORE_0068,6,3.66,5.06
ROUTE_01369,DC_03,STORE_0075,3,1.89,6.86
ROUTE_01370,DC_04,STORE_0031,3,2.81,5.44
ROUTE_01371,DC_02,STORE_0024,5,2.03,10.62
ROUTE_01372,DC_04,STORE_0085,1,4.22,9.92
ROUTE_01373,DC_01,STORE_0079,5,2.65,10.73
ROUTE_01374,DC_03,STORE_0023,7,3.37,7.9
ROUTE_01375,DC_05,STORE_0095,6,4.1,9.95
ROUTE_01376,DC_05,STORE_0002,2,1.77,10.72
ROUTE_01377,DC_04,STORE_0035,2,1.81,10.19
ROUTE_01378,DC_03,STORE_0017,3,1.61,7.27
ROUTE_01379,DC_01,STORE_0034,5,1.21,10.88
ROUTE_01380,DC_03,STORE_0070,3,1.66,9.79
ROUTE_01381,DC_05,STORE_0026,1,2.83,9.14
ROUTE_01382,DC_03,STORE_0080,6,1.69,8.26
ROUTE_01383,DC_04,STORE_0017,3,3.69,8.14
ROUTE_01384,DC_02,STORE_0003,4,1.66,7.62
ROUTE_01385,DC_04,STORE_0009,6,2.97,5.28
ROUTE_01386,DC_01,STORE_0050,2,3.14,6.13
ROUTE_01387,DC_03,STORE_0071,4,3.94,8.28
ROUTE_01388,DC_02,STORE_0049,2,2.07,10.36
ROUTE_01389,DC_04,STORE_0020,2,2.9,11.47
ROUTE_01390,DC_05,STORE_0021,3,2.7,10.7
ROUTE_01391,DC_05,STORE_0018,3,2.0,11.65
ROUTE_01392,DC_03,STORE_0030,6,3.86,10.38
ROUTE_01393,DC_02,STORE_0036,7,1.37,11.61
ROUTE_01394,DC_05,STORE_0022,6,3.44,9.19
ROUTE_01395,DC_04,STORE_0081,6,3.24,7.41
ROUTE_01396,DC_05,STORE_0001,4,4.32,8.38
ROUTE_01397,DC_04,STORE_0009,5,2.74,7.38
ROUTE_01398,DC_03,STORE_0070,6,3.35,6.15
ROUTE_01399,DC_04,STORE_0076,6,1.56,7.79
ROUTE_01400,DC_03,STORE_0046,5,1.15,7.32
ROUTE_01401,DC_03,STORE_0025,3,3.07,11.24
ROUTE_01402,DC_04,STORE_0008,5,3.87,8.44
ROUTE_01403,DC_05,STORE_0078,2,3.14,5.67
ROUTE_01404,DC_01,STORE_0098,7,3.97,10.64
ROUTE_01405,DC_01,STORE_0014,1,1.21,10.52
ROUTE_01406,DC_01,STORE_0030,7,4.23,8.58
ROUTE_01407,DC_01,STORE_0047,6,1.33,7.91
ROUTE_01408,DC_03,STORE_0064,2,3.24,6.91
ROUTE_01409,DC_03,STORE_0035,1,1.74,9.93
ROUTE_01410,DC_05,STORE_0073,1,1.46,5.62
ROUTE_01411,DC_04,STORE_0023,1,2.49,11.01
ROUTE_01412,DC_04,STORE_0017,7,3.23,11.72
ROUTE_01413,DC_04,STORE_0056,6,1.76,9.01
ROUTE_01414,DC_01,STORE_0061,2,1.42,6.62
ROUTE_01415,DC_04,STORE_0042,1,2.94,8.74
ROUTE_01416,DC_02,STORE_0082,7,4.14,11.97
ROUTE_01417,DC_05,STORE_0098,4,0.83,11.22
ROUTE_01418,DC_05,STORE_0042,5,2.08,6.39
ROUTE_01419,DC_05,STORE_0064,5,4.49,6.06
ROUTE_01420,DC_04,STORE_0014,5,3.94,8.03
ROUTE_01421,DC_05,STORE_0062,6,4.45,10.04
ROUTE_01422,DC_05,STORE_0058,6,2.64,7.41
ROUTE_01423,DC_01,STORE_0011,5,1.89,10.54
ROUTE_01424,DC_04,STORE_0022,5,2.44,6.81
ROUTE_01425,DC_03,STORE_0080,4,3.55,5.65
ROUTE_01426,DC_01,STORE_0062,7,1.1,10.6
ROUTE_01427,DC_02,STORE_0090,4,2.39,10.67
ROUTE_01428,DC_02,STORE_0098,1,2.98,5.35
ROUTE_01429,DC_03,STORE_0063,2,3.5,7.06
ROUTE_01430,DC_02,STORE_0025,1,2.98,6.41
ROUTE_01431,DC_02,STORE_0094,4,1.96,11.61
ROUTE_01432,DC_04,STORE_0038,4,3.93,10.81
ROUTE_01433,DC_04,STORE_0041,7,1.91,5.43
ROUTE_01434,DC_05,STORE_0069,4,2.2,10.63
ROUTE_01435,DC_03,STORE_0008,4,0.93,6.38
ROUTE_01436,DC_05,STORE_0009,3,1.79,11.69
ROUTE_01437,DC_01,STORE_0004,2,3.29,9.12
ROUTE_01438,DC_01,STORE_0081,1,2.27,7.01
ROUTE_01439,DC_03,STORE_0027,4,3.39,9.33
ROUTE_01440,DC_03,STORE_0026,5,1.99,10.28
ROUTE_01441,DC_03,STORE_0002,4,2.73,8.88
ROUTE_01442,DC_05,STORE_0075,6,1.57,10.88
ROUTE_01443,DC_05,STORE_0094,1,3.32,7.34
ROUTE_01444,DC_02,STORE_0099,3,2.28,9.83
ROUTE_01445,DC_04,STORE_0006,2,1.05,8.37
ROUTE_01446,DC_04,STORE_0008,2,2.03,11.15
ROUTE_01447,DC_05,STORE_0090,2,3.31,10.75
ROUTE_01448,DC_05,STORE_0064,7,2.47,5.7
ROUTE_01449,DC_01,STORE_0077,5,4.26,9.63
ROUTE_01450,DC_02,STORE_0002,5,3.03,9.01
ROUTE_01451,DC_05,STORE_0094,2,4.01,7.55
ROUTE_01452,DC_04,STORE_0091,3,3.1,6.86
ROUTE_01453,DC_03,STORE_0074,7,4.28,7.5
ROUTE_01454,DC_03,STORE_0054,1,2.03,10.08
ROUTE_01455,DC_01,STORE_0013,5,1.96,6.55
ROUTE_01456,DC_04,STORE_0014,2,2.62,8.07
ROUTE_01457,DC_02,STORE_0039,2,1.75,10.84
ROUTE_01458,DC_01,STORE_0019,3,3.74,6.75
ROUTE_01459,DC_04,STORE_0069,3,2.82,11.39
ROUTE_01460,DC_03,STORE_0026,2,1.22,6.87
ROUTE_01461,DC_03,STORE_0098,5,4.27,9.04
ROUTE_01462,DC_02,STORE_0091,6,1.02,11.8
ROUTE_01463,DC_04,STORE_0062,1,2.75,6.38
ROUTE_01464,DC_03,STORE_0084,3,0.82,6.73
ROUTE_01465,DC_01,STORE_0049,1,3.1,11.41
ROUTE_01466,DC_01,STORE_0082,7,1.73,7.56
ROUTE_01467,DC_03,STORE_0072,2,0.99,6.38
ROUTE_01468,DC_04,STORE_0008,6,2.37,9.92
ROUTE_01469,DC_01,STORE_0019,5,1.23,5.48
ROUTE_01470,DC_05,STORE_0035,1,2.6,7.84
ROUTE_01471,DC_02,STORE_0090,5,0.92,9.0
ROUTE_01472,DC_01,STORE_0058,5,4.1,6.24
ROUTE_01473,DC_02,STORE_0025,4,4.38,5.87
ROUTE_01474,DC_04,STORE_0001,6,2.37,10.2
ROUTE_01475,DC_02,STORE_0008,2,2.14,10.69
ROUTE_01476,DC_04,STORE_0096,6,4.27,10.53
ROUTE_01477,DC_02,STORE_0087,3,1.01,11.6
ROUTE_01478,DC_02,STORE_0095,5,3.13,10.79
ROUTE_01479,DC_04,STORE_0055,1,1.2,7.01
ROUTE_01480,DC_05,STORE_0047,2,2.74,8.09
ROUTE_01481,DC_04,STORE_0073,5,4.34,11.6
ROUTE_01482,DC_04,STORE_0081,4,1.92,6.45
ROUTE_01483,DC_01,STORE_0090,2,1.96,8.42
ROUTE_01484,DC_03,STORE_0049,1,2.84,5.15
ROUTE_01485,DC_05,STORE_0029,6,2.54,6.18
ROUTE_01486,DC_03,STORE_0016,3,4.18,5.51
ROUTE_01487,DC_05,STORE_0092,1,3.51,10.43
ROUTE_01488,DC_02,STORE_0041,1,2.63,8.75
ROUTE_01489,DC_03,STORE_0025,4,1.59,11.89
ROUTE_01490,DC_02,STORE_0042,1,4.34,11.26
ROUTE_01491,DC_01,STORE_0056,4,3.47,9.76
ROUTE_01492,DC_02,STORE_0086,5,3.69,11.42
ROUTE_01493,DC_05,STORE_0014,3,2.34,7.71
ROUTE_01494,DC_04,STORE_0049,4,1.1,8.97
ROUTE_01495,DC_02,STORE_0071,4,1.94,8.86
ROUTE_01496,DC_04,STORE_0067,6,3.85,11.68
ROUTE_01497,DC_04,STORE_0091,7,3.67,6.37
ROUTE_01498,DC_01,STORE_0020,5,1.79,7.57
ROUTE_01499,DC_04,STORE_0054,6,0.93,10.7
ROUTE_01500,DC_03,STORE_0076,1,4.34,11.27
ROUTE_01501,DC_04,STORE_0073,1,1.41,9.21
ROUTE_01502,DC_04,STORE_0099,5,1.12,7.98
ROUTE_01503,DC_01,STORE_0011,4,1.79,9.11
ROUTE_01504,DC_05,STORE_0090,1,1.23,6.53
ROUTE_01505,DC_02,STORE_0072,4,3.35,8.56
ROUTE_01506,DC_02,STORE_0026,2,3.19,10.6
ROUTE_01507,DC_04,STORE_0091,1,1.94,11.1
ROUTE_01508,DC_04,STORE_0081,7,1.03,6.34
ROUTE_01509,DC_01,STORE_0017,5,2.32,9.18
ROUTE_01510,DC_01,STORE_0088,2,3.56,5.86
ROUTE_01511,DC_04,STORE_0094,3,3.95,11.98
ROUTE_01512,DC_02,STORE_0089,5,1.92,6.58
ROUTE_01513,DC_05,STORE_0055,2,3.93,6.3
ROUTE_01514,DC_02,STORE_0022,1,4.38,11.85
ROUTE_01515,DC_03,STORE_0007,4,4.31,8.23
ROUTE_01516,DC_05,STORE_0002,3,2.59,8.95
ROUTE_01517,DC_05,STORE_0035,1,1.39,7.64
ROUTE_01518,DC_02,STORE_0072,7,2.73,8.97
ROUTE_01519,DC_01,STORE_0048,6,4.25,6.0
ROUTE_01520,DC_05,STORE_0099,7,2.22,8.25
ROUTE_01521,DC_01,STORE_0015,4,2.71,9.88
ROUTE_01522,DC_01,STORE_0070,1,3.41,8.28
ROUTE_01523,DC_04,STORE_0018,2,1.42,6.82
ROUTE_01524,DC_04,STORE_0087,1,1.18,11.26
ROUTE_01525,DC_03,STORE_0017,4,3.72,7.44
ROUTE_01526,DC_02,STORE_0004,4,3.82,11.05
ROUTE_01527,DC_02,STORE_0080,7,3.5,11.32
ROUTE_01528,DC_03,STORE_0061,6,2.03,11.71
ROUTE_01529,DC_05,STORE_0086,2,4.06,10.96
ROUTE_01530,DC_03,STORE_0021,4,3.28,8.39
ROUTE_01531,DC_01,STORE_0072,7,2.04,7.19
ROUTE_01532,DC_04,STORE_0069,6,2.53,8.41
ROUTE_01533,DC_01,STORE_0009,7,2.86,8.82
ROUTE_01534,DC_03,STORE_0056,3,4.27,11.95
ROUTE_01535,DC_01,STORE_0029,3,2.29,10.17
ROUTE_01536,DC_01,STORE_0010,3,2.34,11.15
ROUTE_01537,DC_03,STORE_0069,4,1.58,6.25
ROUTE_01538,DC_02,STORE_0046,2,4.47,7.74
ROUTE_01539,DC_01,STORE_0086,5,1.26,8.12
ROUTE_01540,DC_02,STORE_0016,3,4.14,5.36
ROUTE_01541,DC_01,STORE_0094,2,0.99,7.8
ROUTE_01542,DC_01,STORE_0071,2,2.38,5.84
ROUTE_01543,DC_03,STORE_0067,5,3.3,10.55
ROUTE_01544,DC_02,STORE_0098,4,1.59,8.8
ROUTE_01545,DC_04,STORE_0089,2,1.73,5.32
ROUTE_01546,DC_01,STORE_0018,3,4.41,6.08
ROUTE_01547,DC_01,STORE_0044,1,3.35,6.86
ROUTE_01548,DC_01,STORE_0013,2,3.73,5.33
ROUTE_01549,DC_05,STORE_0010,6,2.86,6.63
ROUTE_01550,DC_04,STORE_0074,4,3.32,9.5
ROUTE_01551,DC_02,STORE_0036,7,3.12,11.22
ROUTE_01552,DC_04,STORE_0033,2,4.28,9.65
ROUTE_01553,DC_04,STORE_0041,3,2.87,7.4
ROUTE_01554,DC_01,STORE_0014,1,4.06,5.44
ROUTE_01555,DC_01,STORE_0029,6,1.55,11.69
ROUTE_01556,DC_04,STORE_0065,1,1.78,6.26
ROUTE_01557,DC_04,STORE_0032,2,4.22,7.2
ROUTE_01558,DC_02,STORE_0034,5,2.55,7.55
ROUTE_01559,DC_02,STORE_0042,6,2.07,9.33
ROUTE_01560,DC_04,STORE_0070,7,2.46,9.85
ROUTE_01561,DC_05,STORE_0075,4,1.7,11.27
ROUTE_01562,DC_05,STORE_0056,4,3.98,6.2
ROUTE_01563,DC_04,STORE_0085,3,3.13,11.61
ROUTE_01564,DC_03,STORE_0040,1,4.0,10.05
ROUTE_01565,DC_03,STORE_0027,6,4.33,10.21
ROUTE_01566,DC_04,STORE_0062,4,2.14,7.89
ROUTE_01567,DC_02,STORE_0016,7,0.83,11.93
ROUTE_01568,DC_04,STORE_0030,6,2.04,10.15
ROUTE_01569,DC_01,STORE_0057,7,3.37,5.42
ROUTE_01570,DC_03,STORE_0063,7,2.17,8.34
ROUTE_01571,DC_01,STORE_0090,4,4.03,8.39
ROUTE_01572,DC_02,STORE_0100,1,1.77,11.35
ROUTE_01573,DC_03,STORE_0097,3,3.95,10.9
ROUTE_01574,DC_01,STORE_0084,3,3.54,9.44
ROUTE_01575,DC_02,STORE_0027,7,1.82,8.12
ROUTE_01576,DC_05,STORE_0073,2,1.25,6.89
ROUTE_01577,DC_03,STORE_0086,6,2.43,6.98
ROUTE_01578,DC_01,STORE_0058,1,4.3,8.47
ROUTE_01579,DC_05,STORE_0026,4,2.59,11.52
ROUTE_01580,DC_01,STORE_0088,4,2.92,8.64
ROUTE_01581,DC_04,STORE_0074,5,3.46,10.56
ROUTE_01582,DC_05,STORE_0049,2,3.44,8.74
ROUTE_01583,DC_03,STORE_0100,7,4.15,6.55
ROUTE_01584,DC_05,STORE_0005,1,2.1,6.55
ROUTE_01585,DC_04,STORE_0084,4,3.36,5.05
ROUTE_01586,DC_01,STORE_0034,7,2.88,6.16
ROUTE_01587,DC_02,STORE_0033,1,3.98,9.61
ROUTE_01588,DC_04,STORE_0056,6,2.35,10.45
ROUTE_01589,DC_04,STORE_0033,1,4.32,6.85
ROUTE_01590,DC_02,STORE_0060,5,2.85,10.28
ROUTE_01591,DC_04,STORE_0053,2,2.71,5.03
ROUTE_01592,DC_02,STORE_0014,2,3.95,10.31
ROUTE_01593,DC_03,STORE_0068,6,2.49,5.33
ROUTE_01594,DC_04,STORE_0050,4,2.43,7.46
ROUTE_01595,DC_02,STORE_0015,2,3.29,9.45
ROUTE_01596,DC_02,STORE_0076,4,2.69,11.67
ROUTE_01597,DC_02,STORE_0074,4,4.48,8.68
ROUTE_01598,DC_05,STORE_0084,2,2.98,8.54
ROUTE_01599,DC_04,STORE_0016,7,3.42,11.68
ROUTE_01600,DC_05,STORE_0046,3,1.81,7.01
ROUTE_01601,DC_03,STORE_0035,6,3.29,7.81
ROUTE_01602,DC_02,STORE_0042,3,3.43,5.39
ROUTE_01603,DC_05,STORE_0010,7,2.63,9.9
ROUTE_01604,DC_04,STORE_0077,4,2.57,9.73
ROUTE_01605,DC_05,STORE_0069,4,3.64,8.02
ROUTE_01606,DC_03,STORE_0014,7,1.08,9.72
ROUTE_01607,DC_03,STORE_0028,3,2.88,6.65
ROUTE_01608,DC_05,STORE_0079,3,1.29,8.51
ROUTE_01609,DC_01,STORE_0004,7,3.99,8.03
ROUTE_01610,DC_01,STORE_0068,1,3.69,5.22
ROUTE_01611,DC_05,STORE_0093,6,2.3,6.38
ROUTE_01612,DC_01,STORE_0052,4,3.75,7.43
ROUTE_01613,DC_02,STORE_0058,2,3.76,7.22
ROUTE_01614,DC_01,STORE_0005,2,2.72,5.08
ROUTE_01615,DC_01,STORE_0089,5,2.04,10.33
ROUTE_01616,DC_04,STORE_0026,1,1.26,6.26
ROUTE_01617,DC_03,STORE_0085,3,4.03,11.75
ROUTE_01618,DC_05,STORE_0080,2,1.68,8.73
ROUTE_01619,DC_02,STORE_0023,3,2.51,7.44
ROUTE_01620,DC_03,STORE_0090,1,1.98,7.36
ROUTE_01621,DC_02,STORE_0066,7,2.13,8.91
ROUTE_01622,DC_05,STORE_0046,5,2.73,10.09
ROUTE_01623,DC_01,STORE_0080,4,3.14,9.26
ROUTE_01624,DC_01,STORE_0017,1,4.43,8.66
ROUTE_01625,DC_05,STORE_0051,7,4.16,9.44
ROUTE_01626,DC_01,STORE_0093,6,2.81,8.95
ROUTE_01627,DC_05,STORE_0064,7,1.99,10.18
ROUTE_01628,DC_01,STORE_0019,5,3.3,11.91
ROUTE_01629,DC_01,STORE_0036,2,1.86,8.66
ROUTE_01630,DC_02,STORE_0064,3,2.21,9.28
ROUTE_01631,DC_01,STORE_0055,7,1.95,6.64
ROUTE_01632,DC_04,STORE_0026,1,3.05,5.23
ROUTE_01633,DC_01,STORE_0052,2,3.09,11.67
ROUTE_01634,DC_01,STORE_0094,2,3.05,6.82
ROUTE_01635,DC_01,STORE_0083,3,4.14,11.39
ROUTE_01636,DC_04,STORE_0030,2,1.22,8.26
ROUTE_01637,DC_04,STORE_0064,2,0.87,10.05
ROUTE_01638,DC_01,STORE_0052,3,4.27,5.52
ROUTE_01639,DC_05,STORE_0093,7,1.08,8.93
ROUTE_01640,DC_03,STORE_0028,1,2.72,7.93
ROUTE_01641,DC_04,STORE_0033,4,1.7,10.63
ROUTE_01642,DC_05,STORE_0038,3,3.65,10.72
ROUTE_01643,DC_02,STORE_0093,4,1.27,5.73
ROUTE_01644,DC_01,STORE_0025,4,1.08,7.72
ROUTE_01645,DC_03,STORE_0035,2,2.68,6.77
ROUTE_01646,DC_02,STORE_0056,2,1.4,10.43
ROUTE_01647,DC_04,STORE_0024,2,2.57,11.79
ROUTE_01648,DC_04,STORE_0027,3,2.01,8.94
ROUTE_01649,DC_02,STORE_0056,2,4.11,10.96
ROUTE_01650,DC_02,STORE_0043,7,1.26,10.83
ROUTE_01651,DC_02,STORE_0059,6,2.49,11.11
ROUTE_01652,DC_01,STORE_0063,4,2.26,11.35
ROUTE_01653,DC_01,STORE_0099,5,3.58,11.95
ROUTE_01654,DC_03,STORE_0046,6,3.51,11.44
ROUTE_01655,DC_05,STORE_0022,6,4.05,7.23
ROUTE_01656,DC_03,STORE_0074,3,3.53,5.49
ROUTE_01657,DC_04,STORE_0039,2,4.28,10.26
ROUTE_01658,DC_02,STORE_0024,4,1.69,6.8
ROUTE_01659,DC_05,STORE_0061,4,1.07,11.05
ROUTE_01660,DC_03,STORE_0080,3,3.9,10.83
ROUTE_01661,DC_04,STORE_0006,7,2.35,11.71
ROUTE_01662,DC_05,STORE_0059,6,1.21,6.48
ROUTE_01663,DC_05,STORE_0060,2,4.16,8.57
ROUTE_01664,DC_05,STORE_0007,2,3.84,5.01
ROUTE_01665,DC_02,STORE_0007,7,3.36,9.68
ROUTE_01666,DC_03,STORE_0050,1,4.25,11.75
ROUTE_01667,DC_05,STORE_0067,6,3.13,7.86
ROUTE_01668,DC_03,STORE_0063,5,2.32,10.07
ROUTE_01669,DC_03,STORE_0097,5,0.83,6.71
ROUTE_01670,DC_02,STORE_0097,5,3.68,8.73
ROUTE_01671,DC_05,STORE_0088,1,3.21,8.58
ROUTE_01672,DC_05,STORE_0054,4,2.04,5.04
ROUTE_01673,DC_03,STORE_0054,3,3.14,6.47
ROUTE_01674,DC_01,STORE_0064,4,1.47,5.33
ROUTE_01675,DC_04,STORE_0085,5,0.98,10.33
ROUTE_01676,DC_05,STORE_0021,6,2.5,6.57
ROUTE_01677,DC_05,STORE_0006,5,3.68,11.33
ROUTE_01678,DC_05,STORE_0096,5,3.63,11.6
ROUTE_01679,DC_03,STORE_0029,4,2.49,8.13
ROUTE_01680,DC_04,STORE_0080,2,0.89,11.23
ROUTE_01681,DC_03,STORE_0010,1,3.43,8.75
ROUTE_01682,DC_02,STORE_0063,5,3.97,9.2
ROUTE_01683,DC_05,STORE_0055,1,1.03,7.62
ROUTE_01684,DC_03,STORE_0018,3,1.06,8.59
ROUTE_01685,DC_05,STORE_0079,1,3.78,7.45
ROUTE_01686,DC_01,STORE_0063,4,2.69,6.84
ROUTE_01687,DC_05,STORE_0074,7,2.17,10.34
ROUTE_01688,DC_01,STORE_0095,7,4.33,11.17
ROUTE_01689,DC_01,STORE_0069,1,1.87,10.12
ROUTE_01690,DC_05,STORE_0085,2,2.02,5.31
ROUTE_01691,DC_02,STORE_0055,7,2.11,11.18
ROUTE_01692,DC_04,STORE_0074,1,4.04,11.86
ROUTE_01693,DC_04,STORE_0029,1,3.55,11.4
ROUTE_01694,DC_04,STORE_0096,4,2.6,8.92
ROUTE_01695,DC_01,STORE_0069,6,2.84,6.71
ROUTE_01696,DC_03,STORE_0057,3,4.37,6.89
ROUTE_01697,DC_01,STORE_0002,2,1.16,11.57
ROUTE_01698,DC_05,STORE_0050,2,1.08,10.1
ROUTE_01699,DC_02,STORE_0074,2,1.53,11.29
ROUTE_01700,DC_04,STORE_0047,1,1.76,5.92
ROUTE_01701,DC_03,STORE_0028,2,3.04,11.72
ROUTE_01702,DC_02,STORE_0082,5,1.37,9.84
ROUTE_01703,DC_03,STORE_0002,4,1.88,6.44
ROUTE_01704,DC_05,STORE_0040,3,1.4,7.09
ROUTE_01705,DC_05,STORE_0098,5,4.19,10.32
ROUTE_01706,DC_01,STORE_0078,4,1.55,11.53
ROUTE_01707,DC_01,STORE_0069,5,3.93,11.37
ROUTE_01708,DC_05,STORE_0048,2,1.67,5.97
ROUTE_01709,DC_01,STORE_0079,3,1.25,5.69
ROUTE_01710,DC_03,STORE_0035,7,3.78,11.68
ROUTE_01711,DC_05,STORE_0057,5,3.23,8.4
ROUTE_01712,DC_05,STORE_0057,3,3.68,7.7
ROUTE_01713,DC_03,STORE_0008,7,3.09,9.74
ROUTE_01714,DC_01,STORE_0035,2,1.97,10.38
ROUTE_01715,DC_02,STORE_0009,1,2.79,6.65
ROUTE_01716,DC_01,STORE_0015,1,4.06,5.11
ROUTE_01717,DC_02,STORE_0099,3,3.32,11.09
ROUTE_01718,DC_04,STORE_0083,1,3.15,7.08
ROUTE_01719,DC_04,STORE_0028,3,2.04,10.76
ROUTE_01720,DC_03,STORE_0062,5,2.74,11.56
ROUTE_01721,DC_03,STORE_0045,7,3.74,11.0
ROUTE_01722,DC_04,STORE_0037,4,1.7,7.41
ROUTE_01723,DC_04,STORE_0068,6,3.17,8.49
ROUTE_01724,DC_04,STORE_0099,1,2.23,10.61
ROUTE_01725,DC_02,STORE_0039,7,1.79,8.22
ROUTE_01726,DC_05,STORE_0058,2,1.54,10.38
ROUTE_01727,DC_01,STORE_0074,4,4.07,11.79
ROUTE_01728,DC_03,STORE_0032,1,4.3,9.99
ROUTE_01729,DC_03,STORE_0026,4,3.87,10.86
ROUTE_01730,DC_03,STORE_0086,4,4.03,6.49
ROUTE_01731,DC_03,STORE_0028,5,2.32,6.06
ROUTE_01732,DC_04,STORE_0011,5,3.25,8.68
ROUTE_01733,DC_02,STORE_0088,6,4.2,9.44
ROUTE_01734,DC_02,STORE_0005,4,3.27,5.32
ROUTE_01735,DC_04,STORE_0043,4,3.48,10.47
ROUTE_01736,DC_04,STORE_0040,6,3.78,5.86
ROUTE_01737,DC_01,STORE_0064,3,4.11,5.22
ROUTE_01738,DC_01,STORE_0088,3,3.02,10.32
ROUTE_01739,DC_02,STORE_0010,7,2.83,8.38
ROUTE_01740,DC_01,STORE_0077,6,2.44,10.71
ROUTE_01741,DC_04,STORE_0035,3,3.72,8.13
ROUTE_01742,DC_03,STORE_0071,5,1.92,6.78
ROUTE_01743,DC_02,STORE_0079,4,3.6,7.65
ROUTE_01744,DC_01,STORE_0096,7,3.45,5.15
ROUTE_01745,DC_05,STORE_0090,7,4.46,8.42
ROUTE_01746,DC_03,STORE_0071,7,2.11,10.16
ROUTE_01747,DC_03,STORE_0022,1,2.65,11.84
ROUTE_01748,DC_03,STORE_0094,7,3.5,8.92
ROUTE_01749,DC_01,STORE_0030,7,2.92,11.46
ROUTE_01750,DC_03,STORE_0014,5,0.85,8.43
ROUTE_01751,DC_01,STORE_0066,4,3.39,6.59
ROUTE_01752,DC_05,STORE_0046,6,4.43,7.7
ROUTE_01753,DC_04,STORE_0023,2,3.08,6.26
ROUTE_01754,DC_01,STORE_0046,1,1.69,6.98
ROUTE_01755,DC_01,STORE_0011,4,1.81,9.67
ROUTE_01756,DC_04,STORE_0014,2,3.16,8.03
ROUTE_01757,DC_01,STORE_0017,3,4.43,11.28
ROUTE_01758,DC_03,STORE_0016,5,2.98,7.39
ROUTE_01759,DC_05,STORE_0015,6,3.44,6.89
ROUTE_01760,DC_04,STORE_0089,7,2.55,11.17
ROUTE_01761,DC_04,STORE_0082,5,3.7,7.2
ROUTE_01762,DC_04,STORE_0074,2,4.27,9.51
ROUTE_01763,DC_02,STORE_0047,2,3.32,10.71
ROUTE_01764,DC_04,STORE_0002,3,3.61,7.3
ROUTE_01765,DC_01,STORE_0082,4,1.63,10.95
ROUTE_01766,DC_04,STORE_0059,6,4.19,5.47
ROUTE_01767,DC_04,STORE_0098,5,3.18,6.25
ROUTE_01768,DC_02,STORE_0001,4,0.82,10.67
ROUTE_01769,DC_05,STORE_0092,5,3.69,9.3
ROUTE_01770,DC_01,STORE_0077,2,2.67,9.05
ROUTE_01771,DC_02,STORE_0048,3,3.6,11.17
ROUTE_01772,DC_02,STORE_0043,5,2.59,8.83
ROUTE_01773,DC_05,STORE_0064,1,4.14,5.96
ROUTE_01774,DC_01,STORE_0019,6,4.28,10.58
ROUTE_01775,DC_04,STORE_0100,7,4.2,5.72
ROUTE_01776,DC_04,STORE_0099,1,3.23,7.67
ROUTE_01777,DC_03,STORE_0044,5,1.95,6.46
ROUTE_01778,DC_01,STORE_0062,3,1.13,9.09
ROUTE_01779,DC_01,STORE_0089,3,3.34,6.82
ROUTE_01780,DC_02,STORE_0019,5,2.96,6.86
ROUTE_01781,DC_03,STORE_0062,4,4.2,9.14
ROUTE_01782,DC_01,STORE_0010,7,3.27,5.83
ROUTE_01783,DC_02,STORE_0079,4,0.96,8.88
ROUTE_01784,DC_05,STORE_0076,2,1.05,8.0
ROUTE_01785,DC_02,STORE_0091,7,3.48,5.91
ROUTE_01786,DC_03,STORE_0010,4,2.17,11.35
ROUTE_01787,DC_02,STORE_0066,6,3.33,8.87
ROUTE_01788,DC_01,STORE_0042,4,1.05,11.68
ROUTE_01789,DC_02,STORE_0016,4,3.34,7.31
ROUTE_01790,DC_02,STORE_0055,5,4.46,6.45
ROUTE_01791,DC_05,STORE_0029,6,3.63,5.46
ROUTE_01792,DC_03,STORE_0054,6,2.59,7.63
ROUTE_01793,DC_04,STORE_0064,6,3.68,10.7
ROUTE_01794,DC_05,STORE_0069,5,4.46,5.14
ROUTE_01795,DC_01,STORE_0086,5,1.93,9.52
ROUTE_01796,DC_05,STORE_0036,5,2.18,7.58
ROUTE_01797,DC_05,STORE_0049,5,3.83,8.86
ROUTE_01798,DC_01,STORE_0027,7,1.29,9.68
ROUTE_01799,DC_02,STORE_0037,5,2.14,6.36
ROUTE_01800,DC_02,STORE_0075,5,0.89,6.07
ROUTE_01801,DC_02,STORE_0054,1,1.95,6.56
ROUTE_01802,DC_05,STORE_0086,1,2.07,11.33
ROUTE_01803,DC_05,STORE_0076,3,3.65,10.15
ROUTE_01804,DC_04,STORE_0062,5,3.7,11.18
ROUTE_01805,DC_03,STORE_0008,7,1.86,9.9
ROUTE_01806,DC_04,STORE_0046,1,1.86,8.04
ROUTE_01807,DC_02,STORE_0066,2,3.4,6.24
ROUTE_01808,DC_02,STORE_0053,4,2.78,8.84
ROUTE_01809,DC_04,STORE_0026,6,1.1,6.11
ROUTE_01810,DC_04,STORE_0013,7,2.44,7.89
ROUTE_01811,DC_03,STORE_0056,4,1.42,9.85
ROUTE_01812,DC_01,STORE_0025,3,2.32,7.65
ROUTE_01813,DC_05,STORE_0034,3,4.05,9.29
ROUTE_01814,DC_05,STORE_0075,3,3.76,5.34
ROUTE_01815,DC_03,STORE_0061,5,2.33,6.06
ROUTE_01816,DC_02,STORE_0047,4,2.75,11.64
ROUTE_01817,DC_04,STORE_0053,1,3.17,9.52
ROUTE_01818,DC_02,STORE_0073,4,2.88,11.06
ROUTE_01819,DC_05,STORE_0010,5,4.12,5.99
ROUTE_01820,DC_01,STORE_0001,5,2.46,5.75
ROUTE_01821,DC_04,STORE_0085,5,1.37,5.81
ROUTE_01822,DC_03,STORE_0051,7,3.92,8.58
ROUTE_01823,DC_04,STORE_0071,1,1.38,11.41
ROUTE_01824,DC_02,STORE_0036,4,4.03,11.46
ROUTE_01825,DC_03,STORE_0085,1,3.47,9.61
ROUTE_01826,DC_04,STORE_0032,1,3.3,8.11
ROUTE_01827,DC_02,STORE_0050,1,1.16,8.64
ROUTE_01828,DC_03,STORE_0061,7,2.88,11.72
ROUTE_01829,DC_04,STORE_0003,6,4.03,8.37
ROUTE_01830,DC_01,STORE_0034,3,0.83,7.87
ROUTE_01831,DC_03,STORE_0072,1,1.85,10.81
ROUTE_01832,DC_03,STORE_0061,3,4.46,7.23
ROUTE_01833,DC_02,STORE_0049,6,2.42,7.77
ROUTE_01834,DC_01,STORE_0042,7,4.27,7.52
ROUTE_01835,DC_01,STORE_0097,5,3.1,9.32
ROUTE_01836,DC_04,STORE_0078,5,3.59,7.43
ROUTE_01837,DC_01,STORE_0060,3,4.24,11.84
ROUTE_01838,DC_05,STORE_0071,6,1.08,8.68
ROUTE_01839,DC_01,STORE_0033,6,0.96,5.09
ROUTE_01840,DC_03,STORE_0052,7,1.56,10.59
ROUTE_01841,DC_05,STORE_0039,7,1.77,7.32
ROUTE_01842,DC_02,STORE_0084,2,3.8,11.78
ROUTE_01843,DC_05,STORE_0034,7,1.13,5.6
ROUTE_01844,DC_04,STORE_0053,7,3.93,10.28
ROUTE_01845,DC_04,STORE_0047,5,2.39,6.32
ROUTE_01846,DC_01,STORE_0085,2,2.31,6.92
ROUTE_01847,DC_05,STORE_0051,6,1.48,5.74
ROUTE_01848,DC_05,STORE_0064,4,1.77,6.36
ROUTE_01849,DC_02,STORE_0019,4,3.36,8.09
ROUTE_01850,DC_03,STORE_0009,3,3.47,6.03
ROUTE_01851,DC_03,STORE_0043,3,2.43,5.45
ROUTE_01852,DC_05,STORE_0076,6,2.29,7.49
ROUTE_01853,DC_02,STORE_0006,5,2.26,5.26
ROUTE_01854,DC_04,STORE_0056,5,3.72,5.94
ROUTE_01855,DC_01,STORE_0058,1,0.84,5.36
ROUTE_01856,DC_05,STORE_0068,7,2.89,6.92
ROUTE_01857,DC_03,STORE_0058,5,2.27,5.44
ROUTE_01858,DC_01,STORE_0068,1,3.85,7.86
ROUTE_01859,DC_04,STORE_0005,2,0.82,10.04
ROUTE_01860,DC_02,STORE_0071,4,2.85,9.95
ROUTE_01861,DC_01,STORE_0033,7,1.81,10.05
ROUTE_01862,DC_05,STORE_0086,5,4.29,11.71
ROUTE_01863,DC_04,STORE_0045,7,3.63,11.16
ROUTE_01864,DC_01,STORE_0056,1,4.46,8.92
ROUTE_01865,DC_01,STORE_0049,5,2.66,10.69
ROUTE_01866,DC_02,STORE_0007,3,1.59,9.47
ROUTE_01867,DC_05,STORE_0066,7,1.13,9.62
ROUTE_01868,DC_03,STORE_0068,1,1.89,11.72
ROUTE_01869,DC_05,STORE_0089,5,1.49,7.72
ROUTE_01870,DC_03,STORE_0019,6,4.43,8.12
ROUTE_01871,DC_04,STORE_0077,1,2.44,9.71
ROUTE_01872,DC_02,STORE_0073,6,1.78,10.03
ROUTE_01873,DC_05,STORE_0088,1,3.15,10.02
ROUTE_01874,DC_05,STORE_0062,2,1.81,7.21
ROUTE_01875,DC_04,STORE_0009,4,3.08,8.67
ROUTE_01876,DC_03,STORE_0059,3,3.51,10.98
ROUTE_01877,DC_03,STORE_0052,2,1.86,5.44
ROUTE_01878,DC_02,STORE_0002,7,2.83,6.31
ROUTE_01879,DC_05,STORE_0007,6,4.28,11.8
ROUTE_01880,DC_05,STORE_0071,2,2.03,10.42
ROUTE_01881,DC_02,STORE_0069,1,3.99,8.19
ROUTE_01882,DC_02,STORE_0095,6,2.45,11.61
ROUTE_01883,DC_04,STORE_0100,7,1.82,10.74
ROUTE_01884,DC_01,STORE_0010,2,2.67,9.96
ROUTE_01885,DC_03,STORE_0080,2,1.03,8.41
ROUTE_01886,DC_02,STORE_0009,1,2.68,9.86
ROUTE_01887,DC_01,STORE_0095,5,3.07,5.05
ROUTE_01888,DC_02,STORE_0064,4,3.11,9.03
ROUTE_01889,DC_05,STORE_0041,1,3.06,7.77
ROUTE_01890,DC_03,STORE_0020,5,1.89,7.32
ROUTE_01891,DC_01,STORE_0049,3,3.38,10.94
ROUTE_01892,DC_04,STORE_0060,4,2.8,8.29
ROUTE_01893,DC_05,STORE_0074,1,1.59,10.09
ROUTE_01894,DC_05,STORE_0039,5,1.23,7.28
ROUTE_01895,DC_01,STORE_0003,1,1.17,7.57
ROUTE_01896,DC_05,STORE_0094,6,2.23,10.65
ROUTE_01897,DC_03,STORE_0035,1,2.97,9.0
ROUTE_01898,DC_02,STORE_0006,5,2.86,9.04
ROUTE_01899,DC_02,STORE_0055,7,2.0,7.29
ROUTE_01900,DC_02,STORE_0030,4,2.36,7.85
ROUTE_01901,DC_03,STORE_0026,4,3.98,8.17
ROUTE_01902,DC_01,STORE_0041,4,3.37,8.75
ROUTE_01903,DC_05,STORE_0030,4,3.38,6.36
ROUTE_01904,DC_05,STORE_0062,2,4.02,5.94
ROUTE_01905,DC_01,STORE_0060,5,2.73,6.17
ROUTE_01906,DC_02,STORE_0087,6,1.08,11.52
ROUTE_01907,DC_03,STORE_0072,4,4.03,9.87
ROUTE_01908,DC_05,STORE_0040,4,4.37,9.2
ROUTE_01909,DC_02,STORE_0019,3,3.53,6.28
ROUTE_01910,DC_01,STORE_0037,3,3.68,10.8
ROUTE_01911,DC_05,STORE_0018,3,3.29,10.47
ROUTE_01912,DC_02,STORE_0068,1,1.65,10.19
ROUTE_01913,DC_01,STORE_0073,5,2.85,11.91
ROUTE_01914,DC_02,STORE_0044,6,1.67,7.57
ROUTE_01915,DC_02,STORE_0040,5,3.83,8.1
ROUTE_01916,DC_01,STORE_0019,3,1.92,11.79
ROUTE_01917,DC_04,STORE_0070,4,3.12,11.4
ROUTE_01918,DC_04,STORE_0066,3,2.32,11.78
ROUTE_01919,DC_03,STORE_0095,7,0.85,7.51
ROUTE_01920,DC_02,STORE_0067,3,1.68,5.07
ROUTE_01921,DC_03,STORE_0032,6,3.84,6.05
ROUTE_01922,DC_04,STORE_0034,7,2.13,6.1
ROUTE_01923,DC_02,STORE_0079,3,2.87,11.71
ROUTE_01924,DC_02,STORE_0094,2,1.18,11.24
ROUTE_01925,DC_05,STORE_0048,3,4.44,10.53
ROUTE_01926,DC_05,STORE_0024,7,3.16,9.48
ROUTE_01927,DC_03,STORE_0084,5,1.91,7.4
ROUTE_01928,DC_02,STORE_0069,7,3.89,9.52
ROUTE_01929,DC_03,STORE_0024,1,1.89,7.45
ROUTE_01930,DC_05,STORE_0043,4,3.96,8.45
ROUTE_01931,DC_01,STORE_0023,7,4.14,6.98
ROUTE_01932,DC_01,STORE_0010,1,4.14,7.02
ROUTE_01933,DC_02,STORE_0098,1,1.98,11.98
ROUTE_01934,DC_05,STORE_0066,1,4.29,11.25
ROUTE_01935,DC_02,STORE_0014,4,3.76,8.65
ROUTE_01936,DC_04,STORE_0072,3,1.9,10.23
ROUTE_01937,DC_01,STORE_0047,4,2.86,10.31
ROUTE_01938,DC_05,STORE_0051,6,4.29,11.94
ROUTE_01939,DC_04,STORE_0033,5,2.03,6.31
ROUTE_01940,DC_05,STORE_0049,4,3.65,7.34
ROUTE_01941,DC_02,STORE_0021,6,2.8,10.95
ROUTE_01942,DC_02,STORE_0040,4,3.57,11.6
ROUTE_01943,DC_01,STORE_0089,5,1.14,6.11
ROUTE_01944,DC_03,STORE_0086,3,3.63,7.62
ROUTE_01945,DC_05,STORE_0029,5,4.38,6.21
ROUTE_01946,DC_05,STORE_0050,2,3.65,11.63
ROUTE_01947,DC_03,STORE_0014,6,1.11,5.73
ROUTE_01948,DC_02,STORE_0014,2,2.9,10.98
ROUTE_01949,DC_01,STORE_0014,4,2.55,8.09
ROUTE_01950,DC_05,STORE_0064,4,4.03,6.23
ROUTE_01951,DC_02,STORE_0006,2,1.15,6.88
ROUTE_01952,DC_03,STORE_0017,2,2.77,9.25
ROUTE_01953,DC_03,STORE_0088,4,2.03,6.9
ROUTE_01954,DC_02,STORE_0060,3,0.81,9.49
ROUTE_01955,DC_05,STORE_0003,4,3.15,10.2
ROUTE_01956,DC_01,STORE_0077,7,1.32,8.08
ROUTE_01957,DC_01,STORE_0047,5,3.11,10.1
ROUTE_01958,DC_03,STORE_0020,7,3.97,5.38
ROUTE_01959,DC_03,STORE_0087,6,4.42,5.76
ROUTE_01960,DC_03,STORE_0021,3,2.3,8.05
ROUTE_01961,DC_04,STORE_0013,1,2.94,9.1
ROUTE_01962,DC_05,STORE_0052,3,3.76,6.17
ROUTE_01963,DC_05,STORE_0047,4,3.72,8.76
ROUTE_01964,DC_01,STORE_0077,1,1.26,10.46
ROUTE_01965,DC_05,STORE_0010,5,2.46,10.67
ROUTE_01966,DC_02,STORE_0055,5,1.8,11.16
ROUTE_01967,DC_01,STORE_0058,6,1.3,10.68
ROUTE_01968,DC_04,STORE_0051,1,1.66,5.04
ROUTE_01969,DC_01,STORE_0016,2,3.94,8.46
ROUTE_01970,DC_05,STORE_0062,1,2.76,6.62
ROUTE_01971,DC_02,STORE_0010,2,3.43,8.14
ROUTE_01972,DC_02,STORE_0014,7,3.95,5.3
ROUTE_01973,DC_02,STORE_0096,5,3.31,10.46
ROUTE_01974,DC_01,STORE_0062,7,4.46,8.58
ROUTE_01975,DC_04,STORE_0005,4,4.27,8.3
ROUTE_01976,DC_03,STORE_0069,7,3.16,11.57
ROUTE_01977,DC_05,STORE_0009,3,4.16,9.93
ROUTE_01978,DC_02,STORE_0005,6,1.18,9.9
ROUTE_01979,DC_02,STORE_0100,7,3.29,11.13
ROUTE_01980,DC_05,STORE_0026,7,3.6,11.28
ROUTE_01981,DC_01,STORE_0056,2,4.07,6.13
ROUTE_01982,DC_05,STORE_0077,6,1.22,10.29
ROUTE_01983,DC_03,STORE_0005,3,2.91,7.63
ROUTE_01984,DC_04,STORE_0043,7,3.47,8.78
ROUTE_01985,DC_05,STORE_0021,5,0.82,5.69
ROUTE_01986,DC_01,STORE_0071,4,0.83,10.62
ROUTE_01987,DC_01,STORE_0075,6,1.22,7.73
ROUTE_01988,DC_04,STORE_0056,3,4.11,9.49
ROUTE_01989,DC_05,STORE_0047,4,4.06,6.76
ROUTE_01990,DC_03,STORE_0044,2,2.72,10.62
ROUTE_01991,DC_01,STORE_0088,1,3.08,6.87
ROUTE_01992,DC_05,STORE_0065,3,2.27,8.84
ROUTE_01993,DC_01,STORE_0032,4,4.41,11.04
ROUTE_01994,DC_04,STORE_0021,4,2.0,6.77
ROUTE_01995,DC_03,STORE_0068,7,1.1,6.61
ROUTE_01996,DC_02,STORE_0025,7,4.45,10.14
ROUTE_01997,DC_03,STORE_0045,5,3.9,8.98
ROUTE_01998,DC_02,STORE_0063,3,3.65,7.81
ROUTE_01999,DC_04,STORE_0022,6,1.19,10.58
ROUTE_02000,DC_04,STORE_0069,3,4.47,7.31
