material_demand_id,plant_id,fabric_id,period,required_meters,urgency_level
MD_00001,PLANT_04,FAB_005,2027-M06,4187,High
MD_00002,PLANT_05,FAB_008,2026-M07,14380,Critical
MD_00003,PLANT_05,FAB_024,2027-M12,24889,Normal
MD_00004,PLANT_01,FAB_004,2027-M10,5549,Critical
MD_00005,PLANT_04,FAB_024,2026-M01,15536,High
MD_00006,PLANT_01,FAB_013,2027-M01,18716,Normal
MD_00007,PLANT_02,FAB_011,2027-M12,18012,Critical
MD_00008,PLANT_04,FAB_030,2026-M08,4345,Normal
MD_00009,PLANT_05,FAB_025,2027-M03,21303,Normal
MD_00010,PLANT_01,FAB_017,2026-M08,4819,Critical
MD_00011,PLANT_04,FAB_002,2027-M05,19587,High
MD_00012,PLANT_03,FAB_012,2026-M08,13326,Normal
MD_00013,PLANT_05,FAB_024,2027-M03,20118,High
MD_00014,PLANT_02,FAB_017,2026-M11,19545,High
MD_00015,PLANT_04,FAB_015,2027-M11,6549,Critical
MD_00016,PLANT_04,FAB_015,2027-M07,13297,Normal
MD_00017,PLANT_02,FAB_011,2026-M12,18805,Critical
MD_00018,PLANT_05,FAB_002,2027-M09,13070,Normal
MD_00019,PLANT_02,FAB_006,2026-M11,12933,High
MD_00020,PLANT_03,FAB_020,2027-M04,23768,High
MD_00021,PLANT_05,FAB_028,2027-M10,19833,High
MD_00022,PLANT_04,FAB_020,2027-M03,3415,High
MD_00023,PLANT_02,FAB_006,2026-M02,7253,High
MD_00024,PLANT_03,FAB_026,2026-M11,23726,Critical
MD_00025,PLANT_05,FAB_002,2026-M06,9229,Critical
MD_00026,PLANT_04,FAB_025,2026-M02,6264,High
MD_00027,PLANT_01,FAB_005,2026-M09,23233,Normal
MD_00028,PLANT_05,FAB_016,2027-M07,19645,High
MD_00029,PLANT_05,FAB_011,2027-M07,6989,Critical
MD_00030,PLANT_04,FAB_018,2027-M02,18169,Critical
MD_00031,PLANT_01,FAB_009,2027-M07,4563,High
MD_00032,PLANT_05,FAB_013,2027-M06,24875,Normal
MD_00033,PLANT_01,FAB_012,2027-M09,23223,Critical
MD_00034,PLANT_05,FAB_018,2026-M11,5292,Normal
MD_00035,PLANT_01,FAB_021,2026-M04,19502,High
MD_00036,PLANT_02,FAB_012,2027-M09,8051,High
MD_00037,PLANT_03,FAB_001,2026-M11,4390,High
MD_00038,PLANT_05,FAB_011,2027-M05,20460,Normal
MD_00039,PLANT_01,FAB_020,2026-M04,22680,High
MD_00040,PLANT_03,FAB_019,2026-M12,6862,Normal
MD_00041,PLANT_03,FAB_030,2027-M01,6950,Normal
MD_00042,PLANT_05,FAB_016,2026-M11,22703,Critical
MD_00043,PLANT_01,FAB_029,2027-M03,17614,High
MD_00044,PLANT_04,FAB_010,2027-M11,3235,Normal
MD_00045,PLANT_04,FAB_005,2026-M01,8853,Normal
MD_00046,PLANT_02,FAB_011,2027-M06,14132,High
MD_00047,PLANT_02,FAB_023,2027-M06,7137,Critical
MD_00048,PLANT_03,FAB_021,2027-M08,17920,Normal
MD_00049,PLANT_02,FAB_004,2026-M11,17375,Critical
MD_00050,PLANT_03,FAB_012,2026-M02,22914,High
MD_00051,PLANT_05,FAB_013,2027-M06,3725,High
MD_00052,PLANT_05,FAB_018,2027-M03,13153,Normal
MD_00053,PLANT_05,FAB_026,2026-M10,6305,Critical
MD_00054,PLANT_01,FAB_013,2027-M11,20973,Normal
MD_00055,PLANT_01,FAB_015,2027-M04,14634,High
MD_00056,PLANT_05,FAB_015,2027-M04,4734,High
MD_00057,PLANT_03,FAB_020,2026-M08,3071,Critical
MD_00058,PLANT_01,FAB_013,2026-M04,22842,High
MD_00059,PLANT_04,FAB_018,2027-M09,21977,High
MD_00060,PLANT_03,FAB_009,2026-M12,4859,Critical
MD_00061,PLANT_04,FAB_025,2026-M02,9195,Normal
MD_00062,PLANT_02,FAB_013,2027-M12,18718,High
MD_00063,PLANT_02,FAB_027,2026-M08,21550,Normal
MD_00064,PLANT_01,FAB_011,2027-M06,10274,Normal
MD_00065,PLANT_01,FAB_004,2026-M08,4060,Normal
MD_00066,PLANT_03,FAB_018,2027-M04,11350,Normal
MD_00067,PLANT_02,FAB_016,2026-M09,21129,Critical
MD_00068,PLANT_02,FAB_011,2026-M05,11857,Critical
MD_00069,PLANT_01,FAB_010,2026-M08,21309,Critical
MD_00070,PLANT_03,FAB_001,2026-M04,2803,High
MD_00071,PLANT_05,FAB_017,2026-M01,16816,High
MD_00072,PLANT_03,FAB_017,2027-M05,3806,Normal
MD_00073,PLANT_05,FAB_006,2027-M03,15852,Normal
MD_00074,PLANT_04,FAB_023,2027-M09,18476,High
MD_00075,PLANT_02,FAB_029,2027-M06,7120,High
MD_00076,PLANT_01,FAB_021,2027-M08,22562,Critical
MD_00077,PLANT_03,FAB_005,2026-M09,24309,Normal
MD_00078,PLANT_03,FAB_012,2026-M06,21106,Critical
MD_00079,PLANT_05,FAB_022,2027-M09,21123,Normal
MD_00080,PLANT_03,FAB_007,2026-M01,3981,High
MD_00081,PLANT_01,FAB_014,2026-M07,19107,Critical
MD_00082,PLANT_05,FAB_014,2027-M12,23417,Critical
MD_00083,PLANT_05,FAB_010,2027-M03,12506,Critical
MD_00084,PLANT_03,FAB_003,2027-M05,14905,High
MD_00085,PLANT_04,FAB_004,2026-M09,2709,Normal
MD_00086,PLANT_03,FAB_009,2027-M09,10623,Normal
MD_00087,PLANT_04,FAB_028,2026-M01,2674,High
MD_00088,PLANT_02,FAB_006,2026-M12,20268,Critical
MD_00089,PLANT_04,FAB_027,2026-M10,19578,High
MD_00090,PLANT_05,FAB_016,2026-M03,7308,Normal
MD_00091,PLANT_01,FAB_014,2027-M08,19331,Normal
MD_00092,PLANT_03,FAB_015,2027-M03,10016,Critical
MD_00093,PLANT_04,FAB_029,2027-M06,8898,Critical
MD_00094,PLANT_03,FAB_003,2026-M06,22679,High
MD_00095,PLANT_01,FAB_017,2027-M09,9947,High
MD_00096,PLANT_03,FAB_016,2026-M07,2234,High
MD_00097,PLANT_01,FAB_004,2026-M02,7140,High
MD_00098,PLANT_02,FAB_022,2027-M08,14792,High
MD_00099,PLANT_04,FAB_022,2026-M08,20396,High
MD_00100,PLANT_02,FAB_022,2026-M07,11738,Normal
MD_00101,PLANT_04,FAB_024,2027-M10,7097,Critical
MD_00102,PLANT_01,FAB_012,2026-M02,10346,Critical
MD_00103,PLANT_04,FAB_012,2027-M03,19902,High
MD_00104,PLANT_04,FAB_013,2027-M12,14402,Normal
MD_00105,PLANT_04,FAB_004,2026-M07,4087,Normal
MD_00106,PLANT_03,FAB_002,2026-M04,9515,Critical
MD_00107,PLANT_02,FAB_013,2026-M12,10036,High
MD_00108,PLANT_02,FAB_030,2026-M08,20520,High
MD_00109,PLANT_05,FAB_012,2026-M02,10129,High
MD_00110,PLANT_03,FAB_006,2026-M08,9996,High
MD_00111,PLANT_03,FAB_026,2027-M09,10584,Critical
MD_00112,PLANT_05,FAB_022,2026-M06,3361,Critical
MD_00113,PLANT_04,FAB_015,2027-M11,12740,Normal
MD_00114,PLANT_01,FAB_020,2026-M08,8412,Critical
MD_00115,PLANT_03,FAB_010,2026-M07,24043,High
MD_00116,PLANT_03,FAB_023,2027-M07,5651,High
MD_00117,PLANT_02,FAB_006,2027-M04,15807,Normal
MD_00118,PLANT_05,FAB_011,2027-M02,24377,Critical
MD_00119,PLANT_03,FAB_030,2026-M03,10928,Critical
MD_00120,PLANT_02,FAB_030,2026-M07,17815,Normal
MD_00121,PLANT_03,FAB_024,2027-M05,13105,High
MD_00122,PLANT_01,FAB_007,2026-M04,9264,Critical
MD_00123,PLANT_03,FAB_008,2027-M11,15392,High
MD_00124,PLANT_01,FAB_028,2026-M03,8369,High
MD_00125,PLANT_05,FAB_028,2027-M11,22664,Critical
MD_00126,PLANT_05,FAB_009,2026-M12,18165,High
MD_00127,PLANT_03,FAB_001,2026-M06,22633,Critical
MD_00128,PLANT_04,FAB_027,2026-M12,23902,Critical
MD_00129,PLANT_05,FAB_018,2027-M08,2241,Normal
MD_00130,PLANT_01,FAB_004,2026-M03,19580,Normal
MD_00131,PLANT_05,FAB_011,2026-M01,13862,Normal
MD_00132,PLANT_05,FAB_011,2027-M06,21238,Normal
MD_00133,PLANT_01,FAB_018,2026-M05,5315,Normal
MD_00134,PLANT_04,FAB_019,2026-M03,24429,Normal
MD_00135,PLANT_05,FAB_030,2027-M04,18183,Critical
MD_00136,PLANT_05,FAB_030,2026-M02,20367,High
MD_00137,PLANT_03,FAB_011,2027-M02,9975,High
MD_00138,PLANT_04,FAB_021,2027-M09,9811,High
MD_00139,PLANT_02,FAB_024,2027-M06,9850,Normal
MD_00140,PLANT_01,FAB_019,2026-M07,3233,High
MD_00141,PLANT_02,FAB_008,2027-M06,14289,Critical
MD_00142,PLANT_01,FAB_014,2026-M02,7062,Normal
MD_00143,PLANT_02,FAB_015,2026-M09,23830,Normal
MD_00144,PLANT_01,FAB_016,2027-M06,23814,Normal
MD_00145,PLANT_04,FAB_015,2026-M03,3881,High
MD_00146,PLANT_01,FAB_027,2027-M10,4601,Critical
MD_00147,PLANT_05,FAB_025,2026-M08,7536,High
MD_00148,PLANT_03,FAB_003,2026-M05,4665,Normal
MD_00149,PLANT_05,FAB_007,2026-M02,18637,Normal
MD_00150,PLANT_02,FAB_020,2026-M07,9034,High
MD_00151,PLANT_04,FAB_005,2026-M06,15398,High
MD_00152,PLANT_02,FAB_009,2026-M01,3110,Critical
MD_00153,PLANT_01,FAB_027,2027-M04,11144,Normal
MD_00154,PLANT_03,FAB_020,2026-M04,11225,Critical
MD_00155,PLANT_03,FAB_016,2026-M08,19994,Normal
MD_00156,PLANT_02,FAB_029,2026-M07,15101,High
MD_00157,PLANT_01,FAB_015,2027-M02,7313,Critical
MD_00158,PLANT_05,FAB_001,2027-M10,21477,Critical
MD_00159,PLANT_05,FAB_012,2027-M02,2623,High
MD_00160,PLANT_02,FAB_028,2026-M10,22780,High
MD_00161,PLANT_01,FAB_018,2027-M09,11669,High
MD_00162,PLANT_04,FAB_025,2027-M11,5565,Normal
MD_00163,PLANT_01,FAB_005,2027-M03,13158,Critical
MD_00164,PLANT_04,FAB_018,2027-M08,19567,High
MD_00165,PLANT_05,FAB_016,2027-M10,18287,Critical
MD_00166,PLANT_01,FAB_004,2027-M02,11211,Critical
MD_00167,PLANT_01,FAB_005,2026-M10,19753,Normal
MD_00168,PLANT_05,FAB_030,2027-M07,16285,High
MD_00169,PLANT_03,FAB_007,2027-M09,14930,Critical
MD_00170,PLANT_04,FAB_030,2027-M01,9055,Normal
MD_00171,PLANT_04,FAB_006,2027-M11,19767,High
MD_00172,PLANT_02,FAB_015,2026-M12,16906,Critical
MD_00173,PLANT_02,FAB_004,2027-M06,7829,Critical
MD_00174,PLANT_05,FAB_004,2026-M07,4432,Normal
MD_00175,PLANT_02,FAB_018,2027-M01,3955,High
MD_00176,PLANT_05,FAB_006,2027-M04,11284,High
MD_00177,PLANT_02,FAB_006,2026-M06,6434,High
MD_00178,PLANT_03,FAB_010,2027-M01,23305,Normal
MD_00179,PLANT_05,FAB_013,2027-M10,8405,Critical
MD_00180,PLANT_05,FAB_023,2026-M05,14426,High
MD_00181,PLANT_05,FAB_004,2027-M08,17805,High
MD_00182,PLANT_05,FAB_013,2026-M07,8430,Normal
MD_00183,PLANT_02,FAB_026,2026-M10,5017,High
MD_00184,PLANT_05,FAB_018,2026-M09,10852,Critical
MD_00185,PLANT_04,FAB_015,2027-M11,21260,High
MD_00186,PLANT_05,FAB_022,2026-M10,16821,Normal
MD_00187,PLANT_04,FAB_016,2026-M12,14689,Critical
MD_00188,PLANT_03,FAB_025,2027-M05,13880,Critical
MD_00189,PLANT_04,FAB_010,2027-M09,20379,Normal
MD_00190,PLANT_01,FAB_020,2027-M05,18500,Critical
MD_00191,PLANT_01,FAB_018,2026-M03,12689,High
MD_00192,PLANT_01,FAB_022,2027-M01,11616,Normal
MD_00193,PLANT_02,FAB_007,2027-M10,13621,Critical
MD_00194,PLANT_04,FAB_022,2026-M06,16012,High
MD_00195,PLANT_01,FAB_018,2026-M12,20657,High
MD_00196,PLANT_03,FAB_003,2026-M10,21678,High
MD_00197,PLANT_04,FAB_005,2027-M09,24466,Normal
MD_00198,PLANT_05,FAB_004,2027-M01,3134,Critical
MD_00199,PLANT_03,FAB_020,2027-M02,3499,High
MD_00200,PLANT_02,FAB_013,2027-M03,4606,High
MD_00201,PLANT_05,FAB_015,2027-M03,20082,Critical
MD_00202,PLANT_01,FAB_020,2027-M04,14780,High
MD_00203,PLANT_02,FAB_004,2026-M10,19980,Normal
MD_00204,PLANT_02,FAB_009,2027-M04,21362,High
MD_00205,PLANT_04,FAB_002,2026-M11,23983,Normal
MD_00206,PLANT_02,FAB_027,2026-M02,14986,High
MD_00207,PLANT_01,FAB_011,2027-M03,6571,Normal
MD_00208,PLANT_02,FAB_009,2027-M09,24135,Normal
MD_00209,PLANT_05,FAB_025,2026-M01,13489,Normal
MD_00210,PLANT_04,FAB_005,2027-M02,8652,Critical
MD_00211,PLANT_04,FAB_008,2027-M06,12668,Critical
MD_00212,PLANT_04,FAB_020,2026-M02,13877,Critical
MD_00213,PLANT_02,FAB_013,2026-M05,13325,High
MD_00214,PLANT_04,FAB_012,2026-M10,19099,Normal
MD_00215,PLANT_05,FAB_027,2026-M02,5572,Critical
MD_00216,PLANT_01,FAB_016,2026-M02,17510,Critical
MD_00217,PLANT_02,FAB_022,2026-M04,5504,High
MD_00218,PLANT_04,FAB_009,2026-M08,23715,Critical
MD_00219,PLANT_05,FAB_019,2027-M02,3067,High
MD_00220,PLANT_04,FAB_012,2026-M05,10653,High
MD_00221,PLANT_03,FAB_001,2027-M04,23315,Normal
MD_00222,PLANT_02,FAB_020,2027-M03,23550,Normal
MD_00223,PLANT_03,FAB_018,2027-M12,19891,High
MD_00224,PLANT_01,FAB_008,2026-M05,23339,Normal
MD_00225,PLANT_05,FAB_016,2026-M12,10197,Normal
MD_00226,PLANT_05,FAB_029,2027-M07,2870,Normal
MD_00227,PLANT_03,FAB_013,2027-M03,11924,Normal
MD_00228,PLANT_05,FAB_005,2027-M09,20439,High
MD_00229,PLANT_02,FAB_002,2026-M11,3221,High
MD_00230,PLANT_03,FAB_018,2026-M07,20544,Normal
MD_00231,PLANT_04,FAB_029,2026-M07,3461,Normal
MD_00232,PLANT_05,FAB_013,2027-M12,12609,Critical
MD_00233,PLANT_04,FAB_018,2027-M03,20917,High
MD_00234,PLANT_01,FAB_009,2026-M04,12353,High
MD_00235,PLANT_03,FAB_005,2027-M08,20873,High
MD_00236,PLANT_02,FAB_005,2026-M03,13717,Critical
MD_00237,PLANT_05,FAB_014,2027-M02,22987,Critical
MD_00238,PLANT_02,FAB_019,2026-M06,17844,Normal
MD_00239,PLANT_01,FAB_021,2027-M04,10165,Critical
MD_00240,PLANT_05,FAB_027,2026-M08,16688,Normal
MD_00241,PLANT_04,FAB_007,2026-M10,20333,High
MD_00242,PLANT_04,FAB_016,2026-M11,19550,High
MD_00243,PLANT_05,FAB_020,2026-M01,22931,Normal
MD_00244,PLANT_05,FAB_016,2026-M09,21366,Critical
MD_00245,PLANT_02,FAB_015,2026-M12,16656,Critical
MD_00246,PLANT_02,FAB_016,2026-M02,18573,High
MD_00247,PLANT_03,FAB_007,2027-M12,4482,High
MD_00248,PLANT_04,FAB_026,2026-M12,3850,High
MD_00249,PLANT_02,FAB_010,2026-M09,19674,High
MD_00250,PLANT_04,FAB_014,2027-M12,5626,Critical
MD_00251,PLANT_01,FAB_015,2027-M03,4920,High
MD_00252,PLANT_02,FAB_008,2026-M02,8010,High
MD_00253,PLANT_05,FAB_005,2027-M07,18455,Normal
MD_00254,PLANT_02,FAB_023,2026-M06,3447,Normal
MD_00255,PLANT_04,FAB_005,2027-M12,13708,High
MD_00256,PLANT_03,FAB_006,2026-M06,15378,Normal
MD_00257,PLANT_03,FAB_011,2026-M10,19405,Normal
MD_00258,PLANT_01,FAB_011,2026-M06,6576,Critical
MD_00259,PLANT_02,FAB_002,2026-M04,5140,High
MD_00260,PLANT_05,FAB_013,2027-M06,13857,Normal
MD_00261,PLANT_03,FAB_012,2026-M02,19933,High
MD_00262,PLANT_03,FAB_020,2027-M09,4549,Normal
MD_00263,PLANT_03,FAB_024,2027-M06,16111,High
MD_00264,PLANT_05,FAB_029,2026-M02,24540,Normal
MD_00265,PLANT_01,FAB_011,2027-M01,9750,Normal
MD_00266,PLANT_03,FAB_007,2027-M03,17129,Normal
MD_00267,PLANT_01,FAB_010,2026-M07,18801,Critical
MD_00268,PLANT_02,FAB_024,2026-M01,11924,High
MD_00269,PLANT_04,FAB_007,2026-M11,19554,High
MD_00270,PLANT_02,FAB_003,2026-M03,3709,Normal
MD_00271,PLANT_04,FAB_028,2027-M08,21208,Normal
MD_00272,PLANT_01,FAB_015,2027-M04,3261,High
MD_00273,PLANT_04,FAB_016,2027-M12,6839,Critical
MD_00274,PLANT_04,FAB_012,2026-M07,9186,Normal
MD_00275,PLANT_03,FAB_014,2026-M12,16785,Normal
MD_00276,PLANT_02,FAB_019,2026-M10,14782,Normal
MD_00277,PLANT_01,FAB_005,2027-M12,18800,Critical
MD_00278,PLANT_03,FAB_011,2026-M06,21342,High
MD_00279,PLANT_05,FAB_028,2027-M09,9568,Normal
MD_00280,PLANT_05,FAB_020,2026-M09,18339,Critical
MD_00281,PLANT_02,FAB_014,2027-M07,17693,Normal
MD_00282,PLANT_04,FAB_027,2027-M11,7953,High
MD_00283,PLANT_05,FAB_001,2027-M06,17901,Normal
MD_00284,PLANT_02,FAB_021,2027-M11,8146,Critical
MD_00285,PLANT_01,FAB_023,2027-M01,21893,High
MD_00286,PLANT_03,FAB_002,2027-M03,20381,Normal
MD_00287,PLANT_05,FAB_017,2027-M02,13310,High
MD_00288,PLANT_05,FAB_020,2027-M08,5759,Critical
MD_00289,PLANT_02,FAB_027,2026-M11,11812,High
MD_00290,PLANT_04,FAB_021,2026-M12,6835,Normal
MD_00291,PLANT_05,FAB_019,2027-M03,13201,Normal
MD_00292,PLANT_02,FAB_020,2027-M10,15244,Critical
MD_00293,PLANT_05,FAB_014,2026-M02,4185,Normal
MD_00294,PLANT_02,FAB_029,2026-M11,15044,Critical
MD_00295,PLANT_05,FAB_017,2026-M06,22346,Critical
MD_00296,PLANT_04,FAB_023,2027-M02,20724,Critical
MD_00297,PLANT_04,FAB_025,2026-M03,11281,High
MD_00298,PLANT_05,FAB_029,2027-M07,19527,Critical
MD_00299,PLANT_04,FAB_028,2027-M09,8441,Normal
MD_00300,PLANT_04,FAB_015,2026-M11,10882,Normal
MD_00301,PLANT_03,FAB_012,2026-M12,3308,Critical
MD_00302,PLANT_02,FAB_025,2026-M09,20012,High
MD_00303,PLANT_01,FAB_007,2027-M01,6160,Critical
MD_00304,PLANT_05,FAB_020,2026-M11,12600,High
MD_00305,PLANT_03,FAB_029,2026-M09,17812,Critical
MD_00306,PLANT_02,FAB_018,2027-M12,21607,High
MD_00307,PLANT_01,FAB_019,2026-M06,15226,Critical
MD_00308,PLANT_05,FAB_030,2027-M05,6087,Normal
MD_00309,PLANT_01,FAB_004,2027-M11,19685,High
MD_00310,PLANT_05,FAB_028,2027-M06,12920,Normal
MD_00311,PLANT_02,FAB_020,2027-M09,24658,Normal
MD_00312,PLANT_05,FAB_012,2027-M03,24526,Critical
MD_00313,PLANT_04,FAB_027,2027-M11,13363,Normal
MD_00314,PLANT_05,FAB_012,2027-M10,23171,Normal
MD_00315,PLANT_03,FAB_029,2027-M01,8970,Normal
MD_00316,PLANT_05,FAB_001,2026-M02,3161,Normal
MD_00317,PLANT_02,FAB_023,2027-M06,5596,Normal
MD_00318,PLANT_04,FAB_009,2026-M04,7696,High
MD_00319,PLANT_01,FAB_001,2027-M08,4933,Normal
MD_00320,PLANT_02,FAB_003,2026-M05,19249,Normal
MD_00321,PLANT_04,FAB_022,2027-M09,6658,Critical
MD_00322,PLANT_05,FAB_022,2026-M10,23379,Critical
MD_00323,PLANT_03,FAB_025,2027-M03,10350,High
MD_00324,PLANT_02,FAB_006,2027-M01,22347,High
MD_00325,PLANT_03,FAB_002,2027-M04,14637,Normal
MD_00326,PLANT_05,FAB_013,2026-M08,22630,Normal
MD_00327,PLANT_05,FAB_013,2026-M08,10365,High
MD_00328,PLANT_03,FAB_011,2026-M10,17450,Normal
MD_00329,PLANT_04,FAB_029,2026-M02,22707,High
MD_00330,PLANT_05,FAB_002,2026-M12,12184,Normal
MD_00331,PLANT_04,FAB_004,2026-M06,21381,Critical
MD_00332,PLANT_05,FAB_020,2027-M04,20565,Normal
MD_00333,PLANT_01,FAB_003,2027-M04,15971,Normal
MD_00334,PLANT_01,FAB_029,2026-M11,18442,Critical
MD_00335,PLANT_04,FAB_008,2026-M03,11046,High
MD_00336,PLANT_01,FAB_022,2026-M08,10144,Normal
MD_00337,PLANT_03,FAB_005,2026-M07,13939,Normal
MD_00338,PLANT_03,FAB_007,2026-M06,6848,Normal
MD_00339,PLANT_05,FAB_021,2027-M10,4995,Normal
MD_00340,PLANT_04,FAB_030,2027-M12,12220,Critical
MD_00341,PLANT_05,FAB_008,2027-M08,4572,Critical
MD_00342,PLANT_01,FAB_001,2027-M12,5171,Normal
MD_00343,PLANT_02,FAB_017,2026-M09,3772,Normal
MD_00344,PLANT_04,FAB_005,2026-M08,10528,Critical
MD_00345,PLANT_03,FAB_013,2027-M12,18341,High
MD_00346,PLANT_05,FAB_021,2026-M12,7366,High
MD_00347,PLANT_05,FAB_027,2027-M07,3411,Critical
MD_00348,PLANT_02,FAB_029,2027-M01,18760,Normal
MD_00349,PLANT_03,FAB_009,2026-M05,9779,Critical
MD_00350,PLANT_02,FAB_019,2026-M03,21389,High
MD_00351,PLANT_05,FAB_030,2027-M05,19959,Normal
MD_00352,PLANT_03,FAB_019,2027-M11,4328,Critical
MD_00353,PLANT_05,FAB_021,2026-M03,17850,Normal
MD_00354,PLANT_01,FAB_004,2026-M12,21827,Normal
MD_00355,PLANT_05,FAB_024,2027-M03,16672,Normal
MD_00356,PLANT_04,FAB_010,2027-M12,10883,Normal
MD_00357,PLANT_03,FAB_016,2027-M09,18609,Normal
MD_00358,PLANT_01,FAB_027,2027-M03,24120,Critical
MD_00359,PLANT_02,FAB_018,2027-M07,5777,High
MD_00360,PLANT_03,FAB_012,2026-M01,13568,High
MD_00361,PLANT_03,FAB_021,2027-M10,23915,Critical
MD_00362,PLANT_02,FAB_001,2026-M05,11166,High
MD_00363,PLANT_04,FAB_010,2026-M05,19136,Critical
MD_00364,PLANT_03,FAB_019,2026-M12,6725,Critical
MD_00365,PLANT_03,FAB_006,2027-M10,20907,Normal
MD_00366,PLANT_03,FAB_005,2027-M11,3696,Critical
MD_00367,PLANT_05,FAB_001,2026-M10,7020,Critical
MD_00368,PLANT_03,FAB_018,2027-M11,11560,Normal
MD_00369,PLANT_02,FAB_021,2027-M08,20693,Normal
MD_00370,PLANT_02,FAB_024,2027-M04,20177,Normal
MD_00371,PLANT_04,FAB_016,2026-M05,7101,High
MD_00372,PLANT_03,FAB_004,2026-M09,15068,Normal
MD_00373,PLANT_02,FAB_006,2027-M03,19006,Critical
MD_00374,PLANT_03,FAB_011,2027-M08,9179,Normal
MD_00375,PLANT_03,FAB_001,2027-M02,22036,Critical
MD_00376,PLANT_05,FAB_018,2027-M04,14266,Critical
MD_00377,PLANT_03,FAB_005,2026-M12,18001,Normal
MD_00378,PLANT_03,FAB_026,2027-M08,7092,High
MD_00379,PLANT_05,FAB_017,2027-M04,15685,High
MD_00380,PLANT_01,FAB_025,2026-M02,14935,Critical
MD_00381,PLANT_04,FAB_009,2027-M02,22114,Normal
MD_00382,PLANT_01,FAB_027,2027-M02,11647,High
MD_00383,PLANT_02,FAB_024,2026-M08,16835,Normal
MD_00384,PLANT_01,FAB_025,2027-M09,11524,Normal
MD_00385,PLANT_03,FAB_028,2026-M12,4158,Critical
MD_00386,PLANT_01,FAB_025,2026-M12,5617,High
MD_00387,PLANT_04,FAB_011,2027-M04,18879,High
MD_00388,PLANT_01,FAB_021,2026-M05,9785,High
MD_00389,PLANT_05,FAB_027,2027-M03,14408,High
MD_00390,PLANT_02,FAB_013,2027-M08,3639,Critical
MD_00391,PLANT_01,FAB_003,2027-M08,16132,Normal
MD_00392,PLANT_02,FAB_008,2027-M01,7195,High
MD_00393,PLANT_02,FAB_015,2027-M05,16231,Normal
MD_00394,PLANT_01,FAB_029,2027-M03,3992,Normal
MD_00395,PLANT_02,FAB_025,2027-M10,6063,Critical
MD_00396,PLANT_04,FAB_024,2027-M06,20139,Critical
MD_00397,PLANT_04,FAB_017,2026-M02,10026,Normal
MD_00398,PLANT_02,FAB_008,2026-M04,15895,High
MD_00399,PLANT_05,FAB_030,2026-M11,19498,High
MD_00400,PLANT_03,FAB_029,2027-M07,4549,High
MD_00401,PLANT_01,FAB_011,2027-M06,2494,Normal
MD_00402,PLANT_01,FAB_016,2026-M04,11528,High
MD_00403,PLANT_01,FAB_004,2026-M02,22297,Critical
MD_00404,PLANT_03,FAB_017,2027-M04,7500,High
MD_00405,PLANT_03,FAB_003,2026-M03,22592,Normal
MD_00406,PLANT_02,FAB_019,2027-M04,9614,Normal
MD_00407,PLANT_02,FAB_027,2026-M03,4042,High
MD_00408,PLANT_01,FAB_026,2027-M07,14630,Critical
MD_00409,PLANT_01,FAB_025,2026-M10,16068,Critical
MD_00410,PLANT_01,FAB_001,2027-M03,14556,High
MD_00411,PLANT_02,FAB_026,2027-M12,6844,High
MD_00412,PLANT_02,FAB_004,2026-M10,8087,High
MD_00413,PLANT_02,FAB_029,2027-M06,6678,Critical
MD_00414,PLANT_02,FAB_009,2027-M11,11053,Normal
MD_00415,PLANT_05,FAB_030,2026-M11,5446,High
MD_00416,PLANT_02,FAB_018,2026-M10,5129,Normal
MD_00417,PLANT_02,FAB_010,2026-M01,21697,High
MD_00418,PLANT_03,FAB_006,2027-M12,14943,Normal
MD_00419,PLANT_04,FAB_014,2026-M12,24651,High
MD_00420,PLANT_02,FAB_004,2026-M04,9305,Critical
MD_00421,PLANT_01,FAB_020,2027-M02,9829,High
MD_00422,PLANT_04,FAB_010,2026-M02,23850,Critical
MD_00423,PLANT_01,FAB_020,2026-M09,7653,Normal
MD_00424,PLANT_05,FAB_012,2026-M05,7698,Normal
MD_00425,PLANT_03,FAB_026,2026-M07,9655,Critical
MD_00426,PLANT_01,FAB_021,2026-M01,14712,Normal
MD_00427,PLANT_02,FAB_002,2026-M11,2981,High
MD_00428,PLANT_04,FAB_018,2026-M05,17389,High
MD_00429,PLANT_02,FAB_010,2027-M12,13319,High
MD_00430,PLANT_02,FAB_024,2027-M09,11285,High
MD_00431,PLANT_03,FAB_005,2027-M12,16179,High
MD_00432,PLANT_03,FAB_020,2027-M08,20100,Critical
MD_00433,PLANT_02,FAB_030,2026-M11,4958,Critical
MD_00434,PLANT_05,FAB_004,2027-M03,16491,Normal
MD_00435,PLANT_04,FAB_027,2027-M02,15288,Normal
MD_00436,PLANT_04,FAB_006,2026-M12,21553,Normal
MD_00437,PLANT_04,FAB_016,2026-M06,11376,High
MD_00438,PLANT_04,FAB_027,2026-M10,10664,Normal
MD_00439,PLANT_03,FAB_007,2027-M08,14306,High
MD_00440,PLANT_01,FAB_017,2027-M02,3447,High
MD_00441,PLANT_05,FAB_020,2027-M07,10322,Normal
MD_00442,PLANT_01,FAB_018,2026-M12,4883,High
MD_00443,PLANT_05,FAB_014,2027-M06,17064,Normal
MD_00444,PLANT_04,FAB_018,2027-M12,21870,High
MD_00445,PLANT_03,FAB_013,2026-M03,18917,Critical
MD_00446,PLANT_01,FAB_024,2026-M08,11359,Critical
MD_00447,PLANT_02,FAB_023,2026-M03,14524,High
MD_00448,PLANT_03,FAB_011,2027-M11,2993,Critical
MD_00449,PLANT_02,FAB_029,2027-M10,5506,Normal
MD_00450,PLANT_05,FAB_007,2027-M05,19853,Critical
MD_00451,PLANT_02,FAB_020,2026-M12,14395,Normal
MD_00452,PLANT_04,FAB_020,2027-M04,9466,Critical
MD_00453,PLANT_04,FAB_025,2027-M04,19368,Critical
MD_00454,PLANT_05,FAB_018,2026-M01,5164,Critical
MD_00455,PLANT_04,FAB_030,2026-M06,7648,Normal
MD_00456,PLANT_01,FAB_009,2026-M05,5373,Normal
MD_00457,PLANT_02,FAB_030,2026-M11,9920,High
MD_00458,PLANT_01,FAB_009,2026-M09,10874,Critical
MD_00459,PLANT_03,FAB_001,2027-M03,6250,Normal
MD_00460,PLANT_01,FAB_028,2027-M12,6043,Normal
MD_00461,PLANT_03,FAB_019,2027-M01,15020,High
MD_00462,PLANT_05,FAB_025,2027-M11,13566,High
MD_00463,PLANT_01,FAB_004,2026-M07,22004,Normal
MD_00464,PLANT_03,FAB_008,2026-M02,4309,Critical
MD_00465,PLANT_02,FAB_026,2027-M01,9103,Normal
MD_00466,PLANT_05,FAB_011,2027-M07,17963,High
MD_00467,PLANT_04,FAB_016,2027-M05,21694,High
MD_00468,PLANT_04,FAB_023,2027-M01,5334,Normal
MD_00469,PLANT_04,FAB_027,2027-M02,13806,Normal
MD_00470,PLANT_03,FAB_023,2027-M08,7242,High
MD_00471,PLANT_01,FAB_001,2026-M02,20858,High
MD_00472,PLANT_05,FAB_002,2026-M01,10915,Normal
MD_00473,PLANT_05,FAB_003,2027-M09,9894,High
MD_00474,PLANT_04,FAB_028,2026-M05,3152,High
MD_00475,PLANT_04,FAB_027,2027-M02,4854,Normal
MD_00476,PLANT_02,FAB_025,2026-M02,4644,Normal
MD_00477,PLANT_04,FAB_009,2026-M12,5713,Critical
MD_00478,PLANT_05,FAB_021,2027-M05,21181,Normal
MD_00479,PLANT_03,FAB_015,2027-M03,9255,Normal
MD_00480,PLANT_01,FAB_004,2026-M03,3017,High
MD_00481,PLANT_01,FAB_001,2026-M08,2197,Critical
MD_00482,PLANT_05,FAB_011,2027-M07,17515,Normal
MD_00483,PLANT_04,FAB_002,2027-M01,5768,Normal
MD_00484,PLANT_03,FAB_011,2026-M12,13553,Normal
MD_00485,PLANT_05,FAB_012,2026-M03,9280,Critical
MD_00486,PLANT_02,FAB_006,2027-M09,6365,High
MD_00487,PLANT_04,FAB_028,2026-M11,3401,Critical
MD_00488,PLANT_05,FAB_001,2026-M04,17677,Critical
MD_00489,PLANT_01,FAB_027,2027-M09,24582,High
MD_00490,PLANT_04,FAB_019,2027-M12,11671,Critical
MD_00491,PLANT_01,FAB_009,2026-M11,16493,Critical
MD_00492,PLANT_05,FAB_009,2027-M04,5885,High
MD_00493,PLANT_02,FAB_012,2026-M03,7745,Normal
MD_00494,PLANT_01,FAB_009,2027-M11,13281,Critical
MD_00495,PLANT_01,FAB_011,2027-M05,7778,Critical
MD_00496,PLANT_05,FAB_010,2026-M08,14843,High
MD_00497,PLANT_04,FAB_017,2027-M12,14122,Critical
MD_00498,PLANT_05,FAB_025,2027-M01,22296,High
MD_00499,PLANT_03,FAB_009,2026-M08,2962,Normal
MD_00500,PLANT_04,FAB_017,2027-M08,5180,Normal
MD_00501,PLANT_04,FAB_024,2026-M10,12893,High
MD_00502,PLANT_01,FAB_021,2027-M05,12883,Normal
MD_00503,PLANT_02,FAB_001,2026-M12,10584,Normal
MD_00504,PLANT_03,FAB_017,2026-M07,12230,High
MD_00505,PLANT_04,FAB_014,2027-M06,6320,High
MD_00506,PLANT_03,FAB_003,2026-M08,7536,Normal
MD_00507,PLANT_03,FAB_022,2027-M02,3152,High
MD_00508,PLANT_04,FAB_018,2026-M03,20374,Critical
MD_00509,PLANT_03,FAB_007,2027-M08,24636,Normal
MD_00510,PLANT_05,FAB_028,2026-M12,23209,High
MD_00511,PLANT_05,FAB_028,2026-M09,16495,High
MD_00512,PLANT_03,FAB_001,2026-M11,11753,High
MD_00513,PLANT_04,FAB_016,2026-M09,10742,Critical
MD_00514,PLANT_03,FAB_007,2026-M03,10062,Critical
MD_00515,PLANT_04,FAB_016,2027-M05,6132,Normal
MD_00516,PLANT_04,FAB_006,2027-M10,18210,Critical
MD_00517,PLANT_05,FAB_009,2027-M12,6839,Critical
MD_00518,PLANT_02,FAB_027,2027-M04,23693,High
MD_00519,PLANT_01,FAB_011,2027-M09,4961,High
MD_00520,PLANT_01,FAB_026,2027-M03,13866,High
MD_00521,PLANT_02,FAB_006,2026-M05,20157,Normal
MD_00522,PLANT_04,FAB_004,2026-M07,19063,Normal
MD_00523,PLANT_03,FAB_006,2026-M01,24253,Normal
MD_00524,PLANT_02,FAB_018,2027-M04,23527,Normal
MD_00525,PLANT_03,FAB_024,2026-M01,8628,High
MD_00526,PLANT_02,FAB_016,2027-M09,12985,High
MD_00527,PLANT_02,FAB_019,2026-M12,6953,Normal
MD_00528,PLANT_03,FAB_005,2027-M08,9267,Normal
MD_00529,PLANT_04,FAB_015,2026-M09,12830,Normal
MD_00530,PLANT_01,FAB_017,2026-M05,15861,Critical
MD_00531,PLANT_01,FAB_016,2026-M12,21469,Critical
MD_00532,PLANT_01,FAB_015,2027-M09,9145,Normal
MD_00533,PLANT_01,FAB_014,2026-M01,4596,Critical
MD_00534,PLANT_02,FAB_010,2027-M12,2468,Normal
MD_00535,PLANT_04,FAB_002,2026-M07,15754,Normal
MD_00536,PLANT_05,FAB_005,2027-M04,18954,Normal
MD_00537,PLANT_03,FAB_026,2027-M11,16553,Critical
MD_00538,PLANT_03,FAB_023,2027-M05,11076,Critical
MD_00539,PLANT_05,FAB_016,2026-M12,13628,Critical
MD_00540,PLANT_02,FAB_017,2026-M03,3468,Critical
MD_00541,PLANT_05,FAB_007,2026-M04,22149,Critical
MD_00542,PLANT_02,FAB_017,2027-M07,15165,Normal
MD_00543,PLANT_03,FAB_012,2026-M06,9552,Normal
MD_00544,PLANT_02,FAB_008,2026-M11,18939,Critical
MD_00545,PLANT_04,FAB_006,2027-M01,18615,High
MD_00546,PLANT_01,FAB_008,2027-M06,12740,Critical
MD_00547,PLANT_01,FAB_029,2026-M09,10823,Critical
MD_00548,PLANT_04,FAB_021,2026-M02,5475,Normal
MD_00549,PLANT_01,FAB_013,2027-M10,8733,Normal
MD_00550,PLANT_05,FAB_002,2026-M01,3571,High
MD_00551,PLANT_02,FAB_004,2027-M08,21218,Critical
MD_00552,PLANT_05,FAB_021,2027-M07,9143,Critical
MD_00553,PLANT_04,FAB_023,2027-M12,3301,High
MD_00554,PLANT_02,FAB_007,2026-M04,7995,High
MD_00555,PLANT_04,FAB_023,2027-M12,14846,Normal
MD_00556,PLANT_03,FAB_029,2026-M05,3410,High
MD_00557,PLANT_02,FAB_004,2026-M09,3177,Normal
MD_00558,PLANT_03,FAB_019,2027-M07,23747,Critical
MD_00559,PLANT_05,FAB_019,2026-M08,23352,High
MD_00560,PLANT_02,FAB_004,2027-M04,5727,Critical
MD_00561,PLANT_01,FAB_011,2026-M05,6959,Normal
MD_00562,PLANT_01,FAB_006,2027-M06,23343,High
MD_00563,PLANT_01,FAB_026,2026-M12,22770,Normal
MD_00564,PLANT_04,FAB_016,2027-M01,13691,Critical
MD_00565,PLANT_03,FAB_026,2027-M07,7943,High
MD_00566,PLANT_02,FAB_025,2026-M05,10726,Normal
MD_00567,PLANT_03,FAB_028,2026-M09,24769,High
MD_00568,PLANT_03,FAB_019,2026-M11,17463,High
MD_00569,PLANT_02,FAB_010,2027-M07,7817,Critical
MD_00570,PLANT_05,FAB_020,2027-M02,23579,Normal
MD_00571,PLANT_05,FAB_030,2027-M03,12745,Normal
MD_00572,PLANT_05,FAB_018,2027-M10,7894,Critical
MD_00573,PLANT_01,FAB_015,2026-M02,7331,High
MD_00574,PLANT_02,FAB_009,2026-M11,19794,High
MD_00575,PLANT_02,FAB_005,2026-M10,23936,Normal
MD_00576,PLANT_01,FAB_014,2027-M03,6288,Normal
MD_00577,PLANT_05,FAB_008,2027-M12,20174,Critical
MD_00578,PLANT_05,FAB_010,2027-M11,23533,High
MD_00579,PLANT_01,FAB_022,2026-M01,19063,High
MD_00580,PLANT_02,FAB_029,2026-M06,15324,Critical
MD_00581,PLANT_03,FAB_020,2026-M03,21641,High
MD_00582,PLANT_01,FAB_026,2027-M12,15620,High
MD_00583,PLANT_05,FAB_027,2026-M09,6448,High
MD_00584,PLANT_01,FAB_028,2026-M12,12964,High
MD_00585,PLANT_02,FAB_019,2027-M03,13047,High
MD_00586,PLANT_05,FAB_008,2026-M07,20175,High
MD_00587,PLANT_01,FAB_019,2027-M11,16266,Normal
MD_00588,PLANT_01,FAB_030,2027-M08,18739,High
MD_00589,PLANT_01,FAB_011,2026-M12,22642,Critical
MD_00590,PLANT_02,FAB_018,2027-M05,11440,High
MD_00591,PLANT_05,FAB_021,2027-M03,13437,Critical
MD_00592,PLANT_02,FAB_017,2026-M10,17211,Normal
MD_00593,PLANT_04,FAB_011,2027-M07,7614,High
MD_00594,PLANT_04,FAB_014,2026-M03,6017,Critical
MD_00595,PLANT_02,FAB_004,2027-M12,17682,High
MD_00596,PLANT_01,FAB_027,2026-M11,22510,Critical
MD_00597,PLANT_05,FAB_024,2027-M02,13989,Critical
MD_00598,PLANT_01,FAB_029,2026-M09,18542,High
MD_00599,PLANT_01,FAB_030,2027-M06,16640,Normal
MD_00600,PLANT_05,FAB_021,2026-M10,3396,Normal
MD_00601,PLANT_01,FAB_014,2027-M03,14844,High
MD_00602,PLANT_03,FAB_022,2026-M09,3090,High
MD_00603,PLANT_04,FAB_002,2026-M06,3910,Critical
MD_00604,PLANT_01,FAB_017,2027-M03,8761,Normal
MD_00605,PLANT_05,FAB_027,2026-M11,15029,High
MD_00606,PLANT_05,FAB_021,2026-M02,22977,Critical
MD_00607,PLANT_05,FAB_002,2026-M12,22576,Normal
MD_00608,PLANT_05,FAB_001,2026-M12,24030,Normal
MD_00609,PLANT_03,FAB_014,2026-M11,2931,Normal
MD_00610,PLANT_02,FAB_010,2027-M11,2781,Normal
MD_00611,PLANT_01,FAB_016,2026-M01,9406,Normal
MD_00612,PLANT_05,FAB_017,2027-M10,13077,Critical
MD_00613,PLANT_03,FAB_024,2027-M09,8072,Normal
MD_00614,PLANT_03,FAB_025,2027-M05,21648,Critical
MD_00615,PLANT_02,FAB_025,2027-M04,23021,High
MD_00616,PLANT_02,FAB_017,2027-M07,12763,Critical
MD_00617,PLANT_04,FAB_002,2027-M05,22042,High
MD_00618,PLANT_02,FAB_023,2027-M10,15018,High
MD_00619,PLANT_03,FAB_030,2027-M04,16448,High
MD_00620,PLANT_04,FAB_024,2026-M02,4681,Critical
MD_00621,PLANT_01,FAB_021,2026-M02,20333,High
MD_00622,PLANT_02,FAB_020,2027-M11,21101,Normal
MD_00623,PLANT_01,FAB_014,2027-M09,22922,Normal
MD_00624,PLANT_03,FAB_017,2027-M04,13551,Normal
MD_00625,PLANT_03,FAB_013,2026-M01,3788,Normal
MD_00626,PLANT_03,FAB_007,2026-M01,2412,Critical
MD_00627,PLANT_03,FAB_027,2027-M11,22810,Critical
MD_00628,PLANT_03,FAB_002,2026-M08,23199,Critical
MD_00629,PLANT_03,FAB_010,2027-M08,20919,Critical
MD_00630,PLANT_01,FAB_024,2027-M07,13948,Critical
MD_00631,PLANT_03,FAB_001,2026-M04,16785,High
MD_00632,PLANT_03,FAB_020,2026-M12,2653,Normal
MD_00633,PLANT_03,FAB_009,2026-M09,22019,Critical
MD_00634,PLANT_02,FAB_011,2026-M08,3735,High
MD_00635,PLANT_05,FAB_024,2027-M11,5064,Normal
MD_00636,PLANT_03,FAB_012,2026-M04,7895,Critical
MD_00637,PLANT_04,FAB_026,2027-M10,11036,Normal
MD_00638,PLANT_01,FAB_018,2027-M08,8623,Critical
MD_00639,PLANT_04,FAB_012,2026-M11,22429,Critical
MD_00640,PLANT_04,FAB_030,2027-M06,3992,High
MD_00641,PLANT_04,FAB_014,2026-M09,8442,Normal
MD_00642,PLANT_04,FAB_015,2026-M07,18923,High
MD_00643,PLANT_03,FAB_002,2026-M05,17616,Critical
MD_00644,PLANT_04,FAB_021,2026-M07,14757,Normal
MD_00645,PLANT_01,FAB_018,2026-M10,18707,Normal
MD_00646,PLANT_04,FAB_015,2026-M09,12905,High
MD_00647,PLANT_05,FAB_010,2027-M06,21273,Normal
MD_00648,PLANT_01,FAB_014,2027-M01,5434,High
MD_00649,PLANT_02,FAB_021,2026-M09,24970,High
MD_00650,PLANT_03,FAB_006,2026-M06,4415,Critical
MD_00651,PLANT_05,FAB_003,2026-M10,8445,Normal
MD_00652,PLANT_03,FAB_028,2026-M01,24087,Critical
MD_00653,PLANT_04,FAB_002,2027-M04,5533,Critical
MD_00654,PLANT_01,FAB_005,2027-M09,3293,Normal
MD_00655,PLANT_02,FAB_010,2027-M08,7848,High
MD_00656,PLANT_01,FAB_020,2027-M11,15195,Normal
MD_00657,PLANT_05,FAB_008,2026-M01,9562,Critical
MD_00658,PLANT_04,FAB_006,2027-M06,21055,Critical
MD_00659,PLANT_01,FAB_028,2027-M06,22134,Critical
MD_00660,PLANT_05,FAB_020,2026-M08,7223,Critical
MD_00661,PLANT_03,FAB_028,2026-M02,3800,High
MD_00662,PLANT_05,FAB_028,2026-M05,15582,Critical
MD_00663,PLANT_05,FAB_007,2026-M03,24267,Normal
MD_00664,PLANT_02,FAB_026,2026-M09,5427,Critical
MD_00665,PLANT_01,FAB_002,2027-M09,3695,Critical
MD_00666,PLANT_02,FAB_005,2026-M12,21255,Critical
MD_00667,PLANT_01,FAB_014,2026-M08,8921,Critical
MD_00668,PLANT_03,FAB_011,2026-M07,11781,Normal
MD_00669,PLANT_01,FAB_001,2026-M12,14097,Critical
MD_00670,PLANT_05,FAB_028,2026-M04,4320,Critical
MD_00671,PLANT_05,FAB_008,2026-M04,3426,Normal
MD_00672,PLANT_01,FAB_024,2027-M10,13693,Normal
MD_00673,PLANT_04,FAB_001,2026-M07,10271,High
MD_00674,PLANT_01,FAB_018,2027-M09,10969,High
MD_00675,PLANT_01,FAB_023,2026-M10,8890,Critical
MD_00676,PLANT_01,FAB_016,2026-M12,13766,High
MD_00677,PLANT_01,FAB_011,2027-M09,22969,High
MD_00678,PLANT_03,FAB_018,2027-M01,11974,High
MD_00679,PLANT_03,FAB_005,2027-M01,11350,High
MD_00680,PLANT_03,FAB_001,2027-M04,7393,Critical
MD_00681,PLANT_02,FAB_003,2027-M10,10180,High
MD_00682,PLANT_01,FAB_020,2026-M04,23472,High
MD_00683,PLANT_02,FAB_018,2027-M05,11762,High
MD_00684,PLANT_05,FAB_008,2026-M12,18019,High
MD_00685,PLANT_02,FAB_023,2026-M03,11806,Critical
MD_00686,PLANT_01,FAB_017,2026-M04,3660,Normal
MD_00687,PLANT_04,FAB_005,2026-M08,22983,Normal
MD_00688,PLANT_02,FAB_005,2027-M08,15380,Normal
MD_00689,PLANT_05,FAB_024,2026-M08,2667,Normal
MD_00690,PLANT_02,FAB_002,2027-M03,22087,Normal
MD_00691,PLANT_04,FAB_028,2026-M10,16603,Normal
MD_00692,PLANT_05,FAB_024,2026-M11,19330,Normal
MD_00693,PLANT_01,FAB_024,2027-M06,24379,Normal
MD_00694,PLANT_04,FAB_009,2026-M10,4318,Critical
MD_00695,PLANT_01,FAB_015,2026-M02,17292,Normal
MD_00696,PLANT_02,FAB_029,2026-M01,19758,Critical
MD_00697,PLANT_03,FAB_013,2027-M01,16315,Normal
MD_00698,PLANT_05,FAB_017,2026-M03,21245,Critical
MD_00699,PLANT_04,FAB_017,2027-M05,8193,High
MD_00700,PLANT_05,FAB_021,2026-M09,8277,High
MD_00701,PLANT_01,FAB_016,2027-M02,13252,Normal
MD_00702,PLANT_02,FAB_014,2026-M01,7439,Critical
MD_00703,PLANT_01,FAB_020,2026-M07,2698,High
MD_00704,PLANT_01,FAB_005,2027-M03,4117,Critical
MD_00705,PLANT_05,FAB_003,2026-M02,21181,Critical
MD_00706,PLANT_03,FAB_026,2026-M09,15342,High
MD_00707,PLANT_02,FAB_010,2027-M09,19315,Critical
MD_00708,PLANT_02,FAB_014,2026-M12,6408,Normal
MD_00709,PLANT_03,FAB_007,2026-M02,12043,Normal
MD_00710,PLANT_04,FAB_028,2026-M08,6172,High
MD_00711,PLANT_02,FAB_019,2026-M12,14601,Critical
MD_00712,PLANT_01,FAB_001,2026-M07,14083,Normal
MD_00713,PLANT_03,FAB_024,2027-M10,5361,High
MD_00714,PLANT_03,FAB_010,2027-M03,22340,Critical
MD_00715,PLANT_05,FAB_011,2027-M05,4324,Critical
MD_00716,PLANT_05,FAB_011,2027-M11,2201,Normal
MD_00717,PLANT_02,FAB_001,2027-M05,8751,Critical
MD_00718,PLANT_05,FAB_006,2026-M04,4237,High
MD_00719,PLANT_02,FAB_009,2027-M04,2508,Normal
MD_00720,PLANT_04,FAB_025,2026-M12,10231,Normal
MD_00721,PLANT_05,FAB_008,2027-M10,22815,Critical
MD_00722,PLANT_05,FAB_009,2026-M05,22076,Critical
MD_00723,PLANT_02,FAB_021,2027-M02,8980,Normal
MD_00724,PLANT_04,FAB_022,2027-M02,23243,Critical
MD_00725,PLANT_01,FAB_019,2027-M04,9125,Normal
MD_00726,PLANT_01,FAB_010,2027-M09,4302,Normal
MD_00727,PLANT_01,FAB_030,2026-M02,22332,High
MD_00728,PLANT_05,FAB_017,2027-M07,22210,Normal
MD_00729,PLANT_03,FAB_014,2027-M04,21760,Critical
MD_00730,PLANT_05,FAB_011,2027-M05,15468,High
MD_00731,PLANT_05,FAB_002,2027-M04,22287,High
MD_00732,PLANT_01,FAB_018,2026-M10,3714,High
MD_00733,PLANT_02,FAB_021,2026-M04,5021,High
MD_00734,PLANT_02,FAB_007,2026-M09,23687,Normal
MD_00735,PLANT_01,FAB_014,2027-M01,10129,Normal
MD_00736,PLANT_01,FAB_008,2027-M08,8839,Normal
MD_00737,PLANT_04,FAB_007,2027-M01,4489,High
MD_00738,PLANT_05,FAB_018,2026-M10,10584,Critical
MD_00739,PLANT_05,FAB_019,2027-M08,18483,Normal
MD_00740,PLANT_03,FAB_018,2027-M04,12098,Critical
MD_00741,PLANT_03,FAB_017,2026-M11,8590,Normal
MD_00742,PLANT_02,FAB_009,2026-M03,18303,Critical
MD_00743,PLANT_03,FAB_020,2026-M04,24343,High
MD_00744,PLANT_03,FAB_029,2027-M06,22980,Critical
MD_00745,PLANT_05,FAB_027,2027-M03,22932,Normal
MD_00746,PLANT_03,FAB_014,2027-M11,11964,Critical
MD_00747,PLANT_01,FAB_027,2026-M02,5772,Critical
MD_00748,PLANT_03,FAB_029,2027-M07,4574,Normal
MD_00749,PLANT_02,FAB_016,2026-M02,20618,Critical
MD_00750,PLANT_03,FAB_015,2026-M06,14969,Normal
MD_00751,PLANT_01,FAB_028,2027-M01,9739,Normal
MD_00752,PLANT_03,FAB_015,2027-M03,15800,Normal
MD_00753,PLANT_03,FAB_015,2026-M10,9282,High
MD_00754,PLANT_03,FAB_021,2026-M04,9359,High
MD_00755,PLANT_03,FAB_026,2027-M08,9854,Critical
MD_00756,PLANT_01,FAB_004,2027-M01,22372,Critical
MD_00757,PLANT_03,FAB_024,2026-M12,6597,Critical
MD_00758,PLANT_04,FAB_015,2027-M09,7335,High
MD_00759,PLANT_02,FAB_010,2027-M09,18068,Normal
MD_00760,PLANT_01,FAB_010,2027-M08,7619,High
MD_00761,PLANT_05,FAB_004,2026-M02,7334,Critical
MD_00762,PLANT_04,FAB_020,2027-M04,12196,Critical
MD_00763,PLANT_02,FAB_017,2027-M08,2754,High
MD_00764,PLANT_04,FAB_019,2026-M02,10906,High
MD_00765,PLANT_02,FAB_027,2027-M09,16213,High
MD_00766,PLANT_02,FAB_002,2026-M09,10943,Critical
MD_00767,PLANT_05,FAB_015,2027-M08,16082,Critical
MD_00768,PLANT_05,FAB_016,2027-M03,23173,Normal
MD_00769,PLANT_03,FAB_015,2027-M01,3490,High
MD_00770,PLANT_04,FAB_026,2027-M10,2201,Normal
MD_00771,PLANT_01,FAB_006,2027-M10,20015,Normal
MD_00772,PLANT_01,FAB_005,2026-M10,8424,Normal
MD_00773,PLANT_05,FAB_027,2026-M03,3194,Normal
MD_00774,PLANT_05,FAB_017,2026-M06,23033,High
MD_00775,PLANT_02,FAB_007,2026-M10,9201,High
MD_00776,PLANT_03,FAB_030,2027-M08,11382,High
MD_00777,PLANT_01,FAB_006,2027-M06,6039,Critical
MD_00778,PLANT_04,FAB_006,2027-M10,9668,High
MD_00779,PLANT_03,FAB_027,2027-M07,12933,High
MD_00780,PLANT_04,FAB_023,2027-M08,20785,High
MD_00781,PLANT_01,FAB_009,2027-M11,23957,Critical
MD_00782,PLANT_04,FAB_017,2027-M12,14170,High
MD_00783,PLANT_03,FAB_026,2027-M07,11854,High
MD_00784,PLANT_02,FAB_017,2027-M06,22954,Normal
MD_00785,PLANT_03,FAB_025,2026-M02,19865,Normal
MD_00786,PLANT_02,FAB_021,2027-M12,15017,High
MD_00787,PLANT_05,FAB_002,2027-M10,20585,Normal
MD_00788,PLANT_02,FAB_028,2027-M03,8279,High
MD_00789,PLANT_03,FAB_018,2027-M03,21070,High
MD_00790,PLANT_04,FAB_005,2027-M08,18883,Critical
MD_00791,PLANT_05,FAB_015,2026-M05,13097,High
MD_00792,PLANT_05,FAB_028,2026-M07,23937,Critical
MD_00793,PLANT_04,FAB_010,2027-M02,19678,Critical
MD_00794,PLANT_04,FAB_008,2027-M07,18469,High
MD_00795,PLANT_01,FAB_012,2026-M11,8880,High
MD_00796,PLANT_02,FAB_017,2026-M12,19248,Normal
MD_00797,PLANT_05,FAB_008,2027-M10,4419,Normal
MD_00798,PLANT_03,FAB_026,2026-M01,10043,Critical
MD_00799,PLANT_04,FAB_002,2027-M04,23824,Normal
MD_00800,PLANT_04,FAB_015,2026-M03,13208,Normal
MD_00801,PLANT_04,FAB_003,2026-M08,23247,Critical
MD_00802,PLANT_01,FAB_025,2027-M01,10850,Critical
MD_00803,PLANT_01,FAB_002,2026-M06,18777,Critical
MD_00804,PLANT_01,FAB_016,2026-M07,8254,Critical
MD_00805,PLANT_02,FAB_029,2027-M11,3712,High
MD_00806,PLANT_01,FAB_010,2027-M04,21891,High
MD_00807,PLANT_01,FAB_014,2026-M04,7048,Normal
MD_00808,PLANT_04,FAB_012,2026-M06,19682,Critical
MD_00809,PLANT_02,FAB_025,2027-M08,8362,Normal
MD_00810,PLANT_03,FAB_016,2026-M11,16690,High
MD_00811,PLANT_03,FAB_012,2027-M06,7282,High
MD_00812,PLANT_04,FAB_029,2026-M09,7619,Normal
MD_00813,PLANT_04,FAB_026,2027-M03,7969,Normal
MD_00814,PLANT_03,FAB_030,2026-M08,20677,Normal
MD_00815,PLANT_03,FAB_011,2026-M07,2523,Normal
MD_00816,PLANT_05,FAB_021,2026-M12,5334,Critical
MD_00817,PLANT_03,FAB_013,2027-M06,17488,Critical
MD_00818,PLANT_04,FAB_023,2026-M04,9884,Critical
MD_00819,PLANT_03,FAB_030,2026-M01,9979,Critical
MD_00820,PLANT_05,FAB_012,2026-M09,8934,Normal
MD_00821,PLANT_04,FAB_013,2026-M12,18937,Critical
MD_00822,PLANT_01,FAB_020,2027-M11,10065,Normal
MD_00823,PLANT_01,FAB_020,2027-M01,16172,High
MD_00824,PLANT_02,FAB_004,2027-M02,7576,High
MD_00825,PLANT_04,FAB_018,2026-M11,16645,Critical
MD_00826,PLANT_05,FAB_009,2026-M07,11785,High
MD_00827,PLANT_03,FAB_018,2026-M12,2240,Critical
MD_00828,PLANT_01,FAB_017,2027-M09,16058,Normal
MD_00829,PLANT_01,FAB_011,2027-M10,17293,Normal
MD_00830,PLANT_04,FAB_021,2027-M11,12704,Normal
MD_00831,PLANT_05,FAB_029,2027-M10,10402,High
MD_00832,PLANT_01,FAB_011,2027-M07,14963,High
MD_00833,PLANT_03,FAB_008,2027-M07,5933,Critical
MD_00834,PLANT_01,FAB_012,2026-M03,2080,High
MD_00835,PLANT_03,FAB_014,2027-M09,18926,Critical
MD_00836,PLANT_04,FAB_030,2027-M09,16396,Normal
MD_00837,PLANT_05,FAB_029,2027-M09,6527,Normal
MD_00838,PLANT_04,FAB_011,2026-M12,23943,Critical
MD_00839,PLANT_05,FAB_026,2027-M10,21952,Normal
MD_00840,PLANT_02,FAB_027,2026-M04,6368,Critical
MD_00841,PLANT_05,FAB_028,2026-M08,5955,Critical
MD_00842,PLANT_03,FAB_006,2026-M08,2292,Critical
MD_00843,PLANT_01,FAB_011,2026-M03,15914,High
MD_00844,PLANT_03,FAB_005,2026-M07,11704,Normal
MD_00845,PLANT_01,FAB_019,2026-M09,14357,High
MD_00846,PLANT_04,FAB_010,2027-M08,22153,Critical
MD_00847,PLANT_05,FAB_003,2027-M02,11540,Critical
MD_00848,PLANT_05,FAB_010,2027-M01,8109,High
MD_00849,PLANT_02,FAB_023,2026-M04,11637,Normal
MD_00850,PLANT_03,FAB_014,2026-M01,9868,High
MD_00851,PLANT_01,FAB_003,2026-M09,16079,Normal
MD_00852,PLANT_03,FAB_028,2027-M07,12892,High
MD_00853,PLANT_01,FAB_005,2027-M05,2874,Critical
MD_00854,PLANT_05,FAB_009,2027-M08,8444,Normal
MD_00855,PLANT_03,FAB_022,2026-M11,8957,High
MD_00856,PLANT_01,FAB_021,2026-M01,21437,High
MD_00857,PLANT_04,FAB_015,2026-M10,19232,Normal
MD_00858,PLANT_03,FAB_004,2026-M03,11927,High
MD_00859,PLANT_04,FAB_012,2026-M07,9268,Critical
MD_00860,PLANT_03,FAB_022,2026-M03,13708,Critical
MD_00861,PLANT_04,FAB_009,2027-M02,2543,High
MD_00862,PLANT_04,FAB_029,2027-M05,2846,Critical
MD_00863,PLANT_02,FAB_003,2026-M06,10408,High
MD_00864,PLANT_03,FAB_007,2027-M12,2110,High
MD_00865,PLANT_02,FAB_024,2026-M06,21218,Critical
MD_00866,PLANT_03,FAB_011,2026-M05,4252,High
MD_00867,PLANT_04,FAB_006,2027-M11,9638,Normal
MD_00868,PLANT_03,FAB_018,2027-M06,21026,High
MD_00869,PLANT_03,FAB_012,2026-M12,20657,High
MD_00870,PLANT_05,FAB_009,2026-M04,8188,Critical
MD_00871,PLANT_05,FAB_023,2026-M05,19255,Critical
MD_00872,PLANT_05,FAB_015,2026-M11,14617,Critical
MD_00873,PLANT_05,FAB_020,2026-M01,20174,Critical
MD_00874,PLANT_03,FAB_025,2027-M11,14857,Critical
MD_00875,PLANT_02,FAB_002,2026-M05,19445,Critical
MD_00876,PLANT_02,FAB_011,2026-M05,18639,High
MD_00877,PLANT_04,FAB_027,2027-M10,17753,High
MD_00878,PLANT_04,FAB_014,2027-M04,9100,Critical
MD_00879,PLANT_01,FAB_012,2027-M09,19802,Critical
MD_00880,PLANT_03,FAB_004,2027-M03,5266,High
MD_00881,PLANT_04,FAB_020,2027-M01,20258,High
MD_00882,PLANT_01,FAB_020,2027-M12,21525,Normal
MD_00883,PLANT_04,FAB_013,2027-M11,13823,Normal
MD_00884,PLANT_03,FAB_029,2026-M05,2838,Normal
MD_00885,PLANT_03,FAB_002,2027-M05,9229,High
MD_00886,PLANT_05,FAB_014,2026-M01,16230,High
MD_00887,PLANT_05,FAB_009,2026-M10,21261,High
MD_00888,PLANT_03,FAB_003,2026-M04,9801,High
MD_00889,PLANT_05,FAB_021,2027-M09,21337,Normal
MD_00890,PLANT_04,FAB_022,2026-M01,2712,Critical
MD_00891,PLANT_04,FAB_020,2027-M06,6924,Normal
MD_00892,PLANT_05,FAB_005,2027-M08,3915,Normal
MD_00893,PLANT_03,FAB_011,2026-M01,16406,High
MD_00894,PLANT_02,FAB_010,2027-M06,15230,High
MD_00895,PLANT_03,FAB_019,2027-M10,21380,Critical
MD_00896,PLANT_01,FAB_028,2026-M12,21227,Critical
MD_00897,PLANT_03,FAB_004,2027-M09,16983,High
MD_00898,PLANT_03,FAB_008,2026-M10,3694,Normal
MD_00899,PLANT_01,FAB_020,2027-M04,4039,Normal
MD_00900,PLANT_01,FAB_014,2026-M08,10770,Critical
MD_00901,PLANT_02,FAB_006,2026-M08,12019,Critical
MD_00902,PLANT_04,FAB_007,2026-M09,4827,High
MD_00903,PLANT_02,FAB_004,2026-M07,20280,Critical
MD_00904,PLANT_04,FAB_016,2027-M09,12227,Normal
MD_00905,PLANT_04,FAB_028,2026-M04,10315,High
MD_00906,PLANT_05,FAB_012,2027-M12,22259,Normal
MD_00907,PLANT_04,FAB_003,2026-M08,20372,High
MD_00908,PLANT_03,FAB_026,2027-M01,19076,High
MD_00909,PLANT_03,FAB_018,2027-M01,4905,High
MD_00910,PLANT_02,FAB_030,2026-M09,18486,High
MD_00911,PLANT_02,FAB_026,2027-M06,18704,Critical
MD_00912,PLANT_02,FAB_024,2026-M08,24737,Normal
MD_00913,PLANT_03,FAB_010,2027-M07,19891,Normal
MD_00914,PLANT_05,FAB_023,2027-M08,12439,Critical
MD_00915,PLANT_01,FAB_028,2026-M05,8995,Critical
MD_00916,PLANT_05,FAB_022,2027-M09,24139,High
MD_00917,PLANT_04,FAB_008,2027-M07,17137,Critical
MD_00918,PLANT_04,FAB_001,2026-M01,19253,High
MD_00919,PLANT_01,FAB_021,2027-M04,19178,Normal
MD_00920,PLANT_03,FAB_019,2027-M07,3178,Normal
MD_00921,PLANT_02,FAB_006,2027-M12,24356,High
MD_00922,PLANT_02,FAB_004,2026-M06,23904,High
MD_00923,PLANT_01,FAB_025,2027-M10,17343,High
MD_00924,PLANT_04,FAB_020,2027-M05,8792,Critical
MD_00925,PLANT_04,FAB_028,2027-M04,23764,Normal
MD_00926,PLANT_02,FAB_019,2026-M01,20127,Critical
MD_00927,PLANT_03,FAB_028,2027-M10,3836,Critical
MD_00928,PLANT_03,FAB_009,2026-M05,11048,Normal
MD_00929,PLANT_01,FAB_028,2026-M05,18547,Normal
MD_00930,PLANT_04,FAB_007,2026-M03,14055,High
MD_00931,PLANT_02,FAB_003,2026-M05,13711,Critical
MD_00932,PLANT_05,FAB_015,2026-M02,15286,High
MD_00933,PLANT_04,FAB_026,2026-M02,7922,Critical
MD_00934,PLANT_03,FAB_009,2027-M12,14005,Normal
MD_00935,PLANT_01,FAB_019,2027-M05,6061,High
MD_00936,PLANT_05,FAB_004,2027-M06,14199,High
MD_00937,PLANT_05,FAB_002,2027-M09,13986,Critical
MD_00938,PLANT_01,FAB_002,2027-M11,22264,Critical
MD_00939,PLANT_03,FAB_003,2027-M02,18454,High
MD_00940,PLANT_01,FAB_011,2026-M05,20743,Normal
MD_00941,PLANT_03,FAB_009,2026-M04,2732,High
MD_00942,PLANT_02,FAB_015,2026-M05,3745,Critical
MD_00943,PLANT_05,FAB_005,2026-M06,13660,High
MD_00944,PLANT_03,FAB_013,2026-M11,23002,High
MD_00945,PLANT_03,FAB_017,2026-M02,16114,Normal
MD_00946,PLANT_03,FAB_027,2026-M10,14937,Critical
MD_00947,PLANT_01,FAB_006,2026-M08,11531,Normal
MD_00948,PLANT_04,FAB_001,2026-M06,15470,Critical
MD_00949,PLANT_04,FAB_024,2026-M05,23514,High
MD_00950,PLANT_01,FAB_004,2027-M05,19507,Normal
MD_00951,PLANT_02,FAB_017,2026-M04,11532,High
MD_00952,PLANT_05,FAB_001,2027-M08,18186,Normal
MD_00953,PLANT_04,FAB_021,2027-M05,6735,High
MD_00954,PLANT_05,FAB_023,2026-M03,11697,Critical
MD_00955,PLANT_03,FAB_010,2026-M04,4386,Normal
MD_00956,PLANT_04,FAB_025,2027-M11,10580,Critical
MD_00957,PLANT_04,FAB_009,2027-M09,21401,High
MD_00958,PLANT_05,FAB_019,2027-M10,17366,Critical
MD_00959,PLANT_01,FAB_020,2027-M02,11941,Critical
MD_00960,PLANT_04,FAB_011,2026-M09,14235,Critical
MD_00961,PLANT_01,FAB_002,2026-M01,23323,Critical
MD_00962,PLANT_05,FAB_001,2027-M04,9937,High
MD_00963,PLANT_01,FAB_029,2026-M03,12824,Critical
MD_00964,PLANT_02,FAB_009,2027-M05,11307,Normal
MD_00965,PLANT_05,FAB_026,2027-M10,23637,Critical
MD_00966,PLANT_01,FAB_010,2027-M06,21081,High
MD_00967,PLANT_05,FAB_008,2027-M07,2841,Critical
MD_00968,PLANT_01,FAB_019,2026-M01,17160,Normal
MD_00969,PLANT_04,FAB_002,2026-M05,21696,Normal
MD_00970,PLANT_02,FAB_024,2027-M12,18874,Normal
MD_00971,PLANT_01,FAB_008,2026-M08,6371,High
MD_00972,PLANT_05,FAB_001,2027-M08,5745,Normal
MD_00973,PLANT_05,FAB_026,2026-M04,11773,Critical
MD_00974,PLANT_05,FAB_007,2027-M03,18000,Normal
MD_00975,PLANT_03,FAB_028,2027-M02,24889,High
MD_00976,PLANT_01,FAB_020,2026-M10,21820,Critical
MD_00977,PLANT_03,FAB_030,2026-M11,15336,Critical
MD_00978,PLANT_02,FAB_003,2027-M12,2030,High
MD_00979,PLANT_05,FAB_002,2027-M06,19753,High
MD_00980,PLANT_01,FAB_007,2027-M06,18211,High
MD_00981,PLANT_02,FAB_022,2026-M12,20691,High
MD_00982,PLANT_04,FAB_005,2026-M07,24254,High
MD_00983,PLANT_03,FAB_013,2027-M03,22077,High
MD_00984,PLANT_02,FAB_025,2027-M06,8676,High
MD_00985,PLANT_04,FAB_020,2026-M05,20589,High
MD_00986,PLANT_04,FAB_010,2026-M02,12735,High
MD_00987,PLANT_05,FAB_007,2027-M03,14634,Normal
MD_00988,PLANT_02,FAB_018,2027-M06,14247,High
MD_00989,PLANT_02,FAB_019,2027-M11,18749,Normal
MD_00990,PLANT_01,FAB_005,2026-M09,14915,Normal
MD_00991,PLANT_03,FAB_003,2026-M05,6189,High
MD_00992,PLANT_05,FAB_001,2026-M09,23828,Critical
MD_00993,PLANT_03,FAB_027,2027-M07,13779,Critical
MD_00994,PLANT_01,FAB_004,2026-M01,13861,High
MD_00995,PLANT_05,FAB_013,2027-M04,6378,Critical
MD_00996,PLANT_05,FAB_016,2027-M06,10472,Normal
MD_00997,PLANT_05,FAB_030,2026-M12,14740,High
MD_00998,PLANT_05,FAB_017,2027-M01,9050,Normal
MD_00999,PLANT_01,FAB_013,2026-M06,8988,Critical
MD_01000,PLANT_02,FAB_014,2026-M12,23112,High
MD_01001,PLANT_02,FAB_025,2026-M09,10398,High
MD_01002,PLANT_02,FAB_017,2026-M02,16480,High
MD_01003,PLANT_03,FAB_009,2026-M06,4737,High
MD_01004,PLANT_05,FAB_011,2026-M02,12068,Critical
MD_01005,PLANT_04,FAB_020,2026-M09,17267,Critical
MD_01006,PLANT_04,FAB_010,2026-M10,23290,Normal
MD_01007,PLANT_03,FAB_027,2026-M02,24856,High
MD_01008,PLANT_05,FAB_022,2026-M11,19050,High
MD_01009,PLANT_02,FAB_005,2027-M02,14657,Normal
MD_01010,PLANT_03,FAB_025,2026-M06,20220,High
MD_01011,PLANT_01,FAB_014,2027-M08,24571,High
MD_01012,PLANT_03,FAB_029,2026-M09,7426,Critical
MD_01013,PLANT_03,FAB_020,2027-M06,17839,Critical
MD_01014,PLANT_04,FAB_008,2026-M11,17876,Critical
MD_01015,PLANT_03,FAB_013,2026-M03,5328,Normal
MD_01016,PLANT_05,FAB_009,2026-M11,4895,Critical
MD_01017,PLANT_02,FAB_029,2026-M01,6363,Critical
MD_01018,PLANT_05,FAB_025,2027-M07,2923,Normal
MD_01019,PLANT_01,FAB_007,2027-M12,24853,Critical
MD_01020,PLANT_04,FAB_005,2026-M01,21964,High
MD_01021,PLANT_04,FAB_028,2026-M06,13385,Normal
MD_01022,PLANT_03,FAB_016,2026-M12,22794,Normal
MD_01023,PLANT_01,FAB_009,2027-M07,17692,High
MD_01024,PLANT_02,FAB_030,2026-M03,3550,High
MD_01025,PLANT_04,FAB_009,2027-M01,17318,High
MD_01026,PLANT_02,FAB_015,2027-M01,3147,High
MD_01027,PLANT_04,FAB_025,2026-M01,16198,Critical
MD_01028,PLANT_05,FAB_010,2026-M05,4031,Critical
MD_01029,PLANT_02,FAB_005,2027-M12,8012,Critical
MD_01030,PLANT_03,FAB_026,2027-M06,19228,High
MD_01031,PLANT_02,FAB_021,2026-M08,20217,High
MD_01032,PLANT_01,FAB_013,2027-M11,11386,Critical
MD_01033,PLANT_04,FAB_019,2027-M06,23255,High
MD_01034,PLANT_04,FAB_021,2026-M09,2932,Normal
MD_01035,PLANT_05,FAB_002,2027-M04,15393,Critical
MD_01036,PLANT_01,FAB_008,2026-M01,24708,Critical
MD_01037,PLANT_01,FAB_029,2026-M01,9648,High
MD_01038,PLANT_04,FAB_022,2026-M03,10622,Critical
MD_01039,PLANT_03,FAB_024,2027-M08,7476,Normal
MD_01040,PLANT_04,FAB_004,2026-M04,23348,High
MD_01041,PLANT_04,FAB_016,2026-M09,16683,High
MD_01042,PLANT_02,FAB_003,2026-M08,22953,Normal
MD_01043,PLANT_03,FAB_023,2026-M04,5384,High
MD_01044,PLANT_01,FAB_005,2027-M03,6401,Critical
MD_01045,PLANT_02,FAB_011,2027-M12,13476,Critical
MD_01046,PLANT_04,FAB_008,2026-M05,24523,Critical
MD_01047,PLANT_04,FAB_018,2027-M04,4116,High
MD_01048,PLANT_04,FAB_011,2026-M02,8028,High
MD_01049,PLANT_05,FAB_007,2027-M08,21297,Normal
MD_01050,PLANT_02,FAB_002,2027-M01,23969,Normal
MD_01051,PLANT_03,FAB_011,2027-M08,18932,Critical
MD_01052,PLANT_02,FAB_030,2027-M05,8904,High
MD_01053,PLANT_04,FAB_028,2026-M12,7930,Critical
MD_01054,PLANT_02,FAB_030,2026-M07,13408,High
MD_01055,PLANT_03,FAB_029,2026-M12,4665,Critical
MD_01056,PLANT_03,FAB_030,2026-M04,20524,Normal
MD_01057,PLANT_04,FAB_021,2026-M11,24726,High
MD_01058,PLANT_01,FAB_027,2026-M01,15814,High
MD_01059,PLANT_03,FAB_017,2026-M12,18967,Critical
MD_01060,PLANT_02,FAB_009,2027-M01,6863,High
MD_01061,PLANT_05,FAB_002,2026-M10,5699,Critical
MD_01062,PLANT_01,FAB_003,2026-M04,15157,Critical
MD_01063,PLANT_05,FAB_001,2026-M06,18471,Normal
MD_01064,PLANT_02,FAB_011,2027-M07,13585,High
MD_01065,PLANT_02,FAB_012,2026-M02,10925,Critical
MD_01066,PLANT_02,FAB_010,2026-M10,6407,High
MD_01067,PLANT_02,FAB_001,2026-M09,18190,Normal
MD_01068,PLANT_03,FAB_028,2027-M06,20504,Normal
MD_01069,PLANT_05,FAB_002,2026-M09,21113,High
MD_01070,PLANT_04,FAB_019,2026-M12,8586,High
MD_01071,PLANT_02,FAB_028,2026-M08,3766,High
MD_01072,PLANT_04,FAB_014,2027-M01,3326,High
MD_01073,PLANT_03,FAB_025,2026-M05,9569,High
MD_01074,PLANT_05,FAB_005,2026-M07,19442,Normal
MD_01075,PLANT_02,FAB_002,2026-M12,2383,Normal
MD_01076,PLANT_03,FAB_027,2027-M06,4013,Normal
MD_01077,PLANT_05,FAB_025,2027-M08,10591,High
MD_01078,PLANT_05,FAB_007,2026-M01,12967,Normal
MD_01079,PLANT_04,FAB_027,2027-M06,22315,High
MD_01080,PLANT_01,FAB_019,2027-M05,15842,High
MD_01081,PLANT_05,FAB_004,2027-M08,19520,High
MD_01082,PLANT_03,FAB_023,2027-M05,15993,High
MD_01083,PLANT_04,FAB_014,2026-M11,20627,Normal
MD_01084,PLANT_03,FAB_006,2026-M08,19118,High
MD_01085,PLANT_04,FAB_023,2026-M04,7339,Normal
MD_01086,PLANT_02,FAB_006,2027-M10,17901,Normal
MD_01087,PLANT_01,FAB_004,2027-M07,6531,Critical
MD_01088,PLANT_02,FAB_025,2026-M11,16582,Normal
MD_01089,PLANT_04,FAB_022,2027-M11,8905,Critical
MD_01090,PLANT_02,FAB_029,2026-M06,14159,Critical
MD_01091,PLANT_01,FAB_003,2027-M08,7673,Normal
MD_01092,PLANT_04,FAB_022,2026-M04,20832,High
MD_01093,PLANT_04,FAB_027,2027-M09,2435,Normal
MD_01094,PLANT_01,FAB_001,2026-M11,8611,Critical
MD_01095,PLANT_04,FAB_004,2027-M05,3137,Critical
MD_01096,PLANT_05,FAB_005,2026-M01,12295,Normal
MD_01097,PLANT_02,FAB_015,2027-M10,18163,High
MD_01098,PLANT_02,FAB_003,2026-M05,19304,High
MD_01099,PLANT_04,FAB_024,2027-M08,10285,Normal
MD_01100,PLANT_02,FAB_003,2026-M12,22484,Normal
MD_01101,PLANT_01,FAB_013,2027-M02,10431,Critical
MD_01102,PLANT_03,FAB_024,2026-M10,13084,Critical
MD_01103,PLANT_01,FAB_021,2027-M03,24071,High
MD_01104,PLANT_02,FAB_028,2026-M03,17634,Critical
MD_01105,PLANT_04,FAB_017,2027-M12,9435,Normal
MD_01106,PLANT_01,FAB_012,2027-M04,13651,Normal
MD_01107,PLANT_03,FAB_016,2026-M12,24416,Critical
MD_01108,PLANT_02,FAB_013,2026-M10,21834,Critical
MD_01109,PLANT_02,FAB_018,2027-M11,21830,High
MD_01110,PLANT_04,FAB_029,2027-M06,4553,Normal
MD_01111,PLANT_04,FAB_021,2026-M08,2268,Normal
MD_01112,PLANT_04,FAB_026,2027-M10,7380,Normal
MD_01113,PLANT_05,FAB_028,2026-M06,14929,Critical
MD_01114,PLANT_03,FAB_008,2027-M12,12998,Normal
MD_01115,PLANT_05,FAB_006,2026-M04,18955,Normal
MD_01116,PLANT_01,FAB_018,2027-M06,15381,High
MD_01117,PLANT_02,FAB_020,2026-M09,23830,Normal
MD_01118,PLANT_02,FAB_003,2026-M09,17237,High
MD_01119,PLANT_05,FAB_008,2027-M12,12723,High
MD_01120,PLANT_05,FAB_010,2026-M04,2140,Critical
MD_01121,PLANT_04,FAB_024,2026-M12,18915,High
MD_01122,PLANT_04,FAB_022,2027-M12,24626,High
MD_01123,PLANT_05,FAB_017,2027-M04,20784,High
MD_01124,PLANT_01,FAB_018,2027-M03,3936,Critical
MD_01125,PLANT_05,FAB_020,2027-M12,8697,High
MD_01126,PLANT_03,FAB_023,2026-M06,16827,High
MD_01127,PLANT_02,FAB_020,2026-M07,4731,High
MD_01128,PLANT_04,FAB_002,2027-M04,16647,Normal
MD_01129,PLANT_02,FAB_022,2026-M02,23909,Critical
MD_01130,PLANT_04,FAB_014,2027-M07,11627,Normal
MD_01131,PLANT_04,FAB_006,2026-M02,10169,Normal
MD_01132,PLANT_03,FAB_028,2027-M07,6059,High
MD_01133,PLANT_04,FAB_007,2026-M04,12227,Normal
MD_01134,PLANT_01,FAB_012,2027-M08,14991,Normal
MD_01135,PLANT_04,FAB_001,2026-M12,2871,High
MD_01136,PLANT_01,FAB_008,2026-M11,5033,Critical
MD_01137,PLANT_02,FAB_017,2027-M11,15128,Normal
MD_01138,PLANT_03,FAB_022,2026-M01,2618,Critical
MD_01139,PLANT_01,FAB_019,2027-M06,6470,Normal
MD_01140,PLANT_02,FAB_018,2026-M08,6756,Critical
MD_01141,PLANT_01,FAB_001,2027-M01,12320,High
MD_01142,PLANT_04,FAB_010,2026-M06,10965,High
MD_01143,PLANT_05,FAB_003,2027-M08,16845,Normal
MD_01144,PLANT_02,FAB_019,2027-M01,5341,Normal
MD_01145,PLANT_03,FAB_006,2027-M10,6222,Critical
MD_01146,PLANT_02,FAB_014,2026-M04,15098,High
MD_01147,PLANT_02,FAB_008,2027-M01,15467,Normal
MD_01148,PLANT_03,FAB_007,2027-M05,21169,High
MD_01149,PLANT_03,FAB_011,2026-M06,11653,Critical
MD_01150,PLANT_01,FAB_021,2026-M11,11579,Critical
MD_01151,PLANT_01,FAB_008,2026-M06,8678,High
MD_01152,PLANT_01,FAB_012,2026-M08,14053,High
MD_01153,PLANT_05,FAB_011,2026-M08,21905,Critical
MD_01154,PLANT_03,FAB_024,2026-M11,23401,High
MD_01155,PLANT_05,FAB_026,2026-M05,19921,Critical
MD_01156,PLANT_01,FAB_024,2026-M11,24800,Critical
MD_01157,PLANT_01,FAB_025,2026-M11,12188,High
MD_01158,PLANT_02,FAB_013,2026-M12,8245,Normal
MD_01159,PLANT_05,FAB_008,2026-M07,15176,High
MD_01160,PLANT_03,FAB_005,2027-M10,2043,Normal
MD_01161,PLANT_03,FAB_028,2026-M09,15303,Normal
MD_01162,PLANT_02,FAB_017,2026-M01,13774,Critical
MD_01163,PLANT_03,FAB_027,2026-M08,20850,Critical
MD_01164,PLANT_01,FAB_027,2026-M07,6412,Normal
MD_01165,PLANT_03,FAB_021,2026-M11,15880,Critical
MD_01166,PLANT_01,FAB_002,2026-M04,3933,Normal
MD_01167,PLANT_03,FAB_022,2026-M11,12039,High
MD_01168,PLANT_05,FAB_008,2027-M02,11002,Normal
MD_01169,PLANT_04,FAB_009,2027-M05,6619,Critical
MD_01170,PLANT_04,FAB_005,2026-M07,6790,Critical
MD_01171,PLANT_05,FAB_014,2027-M11,5186,Critical
MD_01172,PLANT_05,FAB_020,2026-M03,18538,Critical
MD_01173,PLANT_04,FAB_007,2026-M12,21652,Normal
MD_01174,PLANT_02,FAB_026,2026-M09,16366,Normal
MD_01175,PLANT_03,FAB_024,2026-M07,5191,Critical
MD_01176,PLANT_02,FAB_009,2026-M02,6274,Critical
MD_01177,PLANT_01,FAB_010,2026-M02,22326,Critical
MD_01178,PLANT_01,FAB_023,2026-M10,21260,Critical
MD_01179,PLANT_02,FAB_003,2026-M09,5021,High
MD_01180,PLANT_01,FAB_001,2027-M11,4592,Critical
MD_01181,PLANT_01,FAB_026,2026-M11,11313,Normal
MD_01182,PLANT_02,FAB_029,2026-M05,10907,Critical
MD_01183,PLANT_01,FAB_014,2026-M09,7690,Normal
MD_01184,PLANT_03,FAB_028,2027-M11,20235,Critical
MD_01185,PLANT_04,FAB_007,2026-M07,23884,Normal
MD_01186,PLANT_01,FAB_022,2026-M02,8112,High
MD_01187,PLANT_05,FAB_007,2027-M07,17137,Normal
MD_01188,PLANT_01,FAB_015,2026-M07,10808,Critical
MD_01189,PLANT_03,FAB_007,2027-M06,23532,Normal
MD_01190,PLANT_01,FAB_004,2026-M08,15915,Normal
MD_01191,PLANT_01,FAB_027,2027-M10,13506,Normal
MD_01192,PLANT_04,FAB_010,2027-M03,13631,High
MD_01193,PLANT_04,FAB_004,2026-M07,22004,High
MD_01194,PLANT_01,FAB_003,2026-M02,17737,High
MD_01195,PLANT_03,FAB_015,2026-M08,11536,Normal
MD_01196,PLANT_02,FAB_014,2026-M04,24174,Critical
MD_01197,PLANT_03,FAB_002,2027-M01,5099,High
MD_01198,PLANT_05,FAB_021,2027-M12,12381,High
MD_01199,PLANT_04,FAB_025,2026-M02,3655,Critical
MD_01200,PLANT_01,FAB_030,2026-M03,18545,High
MD_01201,PLANT_04,FAB_027,2026-M11,2230,Normal
MD_01202,PLANT_02,FAB_026,2026-M01,16794,High
MD_01203,PLANT_02,FAB_013,2027-M12,4975,High
MD_01204,PLANT_04,FAB_027,2027-M06,10783,Critical
MD_01205,PLANT_02,FAB_022,2026-M08,5633,Critical
MD_01206,PLANT_03,FAB_030,2027-M03,15249,Critical
MD_01207,PLANT_03,FAB_025,2027-M01,9430,Critical
MD_01208,PLANT_05,FAB_008,2026-M10,19902,High
MD_01209,PLANT_02,FAB_022,2026-M01,4355,Critical
MD_01210,PLANT_05,FAB_010,2026-M10,12903,Critical
MD_01211,PLANT_01,FAB_023,2026-M06,13987,Normal
MD_01212,PLANT_05,FAB_009,2026-M08,5684,Normal
MD_01213,PLANT_05,FAB_012,2026-M09,9544,Normal
MD_01214,PLANT_02,FAB_027,2027-M12,3246,Normal
MD_01215,PLANT_03,FAB_006,2027-M07,12178,High
MD_01216,PLANT_02,FAB_021,2026-M07,20859,Normal
MD_01217,PLANT_01,FAB_025,2027-M01,16606,Normal
MD_01218,PLANT_05,FAB_022,2026-M06,12631,Normal
MD_01219,PLANT_03,FAB_026,2026-M09,7971,Normal
MD_01220,PLANT_02,FAB_022,2026-M03,23299,Normal
MD_01221,PLANT_02,FAB_006,2027-M03,17833,Normal
MD_01222,PLANT_03,FAB_005,2026-M04,16395,High
MD_01223,PLANT_05,FAB_015,2027-M07,17633,Normal
MD_01224,PLANT_05,FAB_020,2027-M10,20210,Critical
MD_01225,PLANT_03,FAB_012,2026-M06,6578,Normal
MD_01226,PLANT_03,FAB_019,2027-M11,17741,Critical
MD_01227,PLANT_05,FAB_022,2027-M06,11089,Critical
MD_01228,PLANT_03,FAB_011,2026-M10,7304,Critical
MD_01229,PLANT_04,FAB_024,2026-M08,2125,High
MD_01230,PLANT_05,FAB_004,2027-M02,9629,Critical
MD_01231,PLANT_01,FAB_017,2026-M03,22890,Critical
MD_01232,PLANT_02,FAB_006,2027-M05,5857,High
MD_01233,PLANT_05,FAB_011,2027-M03,7826,High
MD_01234,PLANT_04,FAB_026,2027-M02,23812,Critical
MD_01235,PLANT_04,FAB_025,2027-M07,19998,High
MD_01236,PLANT_04,FAB_002,2026-M11,21802,Normal
MD_01237,PLANT_02,FAB_021,2027-M03,20557,High
MD_01238,PLANT_02,FAB_017,2027-M06,6731,High
MD_01239,PLANT_04,FAB_007,2026-M12,20211,Critical
MD_01240,PLANT_03,FAB_023,2027-M08,9161,Normal
MD_01241,PLANT_01,FAB_002,2027-M08,20230,High
MD_01242,PLANT_03,FAB_013,2026-M11,17749,High
MD_01243,PLANT_05,FAB_001,2026-M04,18291,Critical
MD_01244,PLANT_02,FAB_027,2027-M08,22967,Normal
MD_01245,PLANT_04,FAB_017,2027-M06,22189,Critical
MD_01246,PLANT_03,FAB_003,2026-M12,13327,Critical
MD_01247,PLANT_01,FAB_019,2027-M01,12881,High
MD_01248,PLANT_05,FAB_003,2027-M02,23167,Critical
MD_01249,PLANT_01,FAB_025,2027-M03,6942,Normal
MD_01250,PLANT_01,FAB_009,2027-M11,2836,High
MD_01251,PLANT_01,FAB_011,2026-M08,13460,High
MD_01252,PLANT_05,FAB_004,2026-M07,17394,Normal
MD_01253,PLANT_02,FAB_014,2027-M05,21058,Critical
MD_01254,PLANT_02,FAB_002,2026-M01,13134,Critical
MD_01255,PLANT_02,FAB_002,2027-M08,9932,High
MD_01256,PLANT_04,FAB_010,2026-M10,4140,Critical
MD_01257,PLANT_01,FAB_010,2027-M02,21392,Critical
MD_01258,PLANT_03,FAB_022,2027-M09,3489,High
MD_01259,PLANT_01,FAB_023,2026-M10,4311,High
MD_01260,PLANT_05,FAB_002,2027-M11,10373,High
MD_01261,PLANT_03,FAB_015,2026-M05,4537,Normal
MD_01262,PLANT_05,FAB_015,2026-M05,18502,Critical
MD_01263,PLANT_05,FAB_009,2026-M07,12866,Critical
MD_01264,PLANT_04,FAB_020,2027-M10,3546,Normal
MD_01265,PLANT_03,FAB_013,2026-M12,5586,Normal
MD_01266,PLANT_04,FAB_028,2027-M08,21730,Critical
MD_01267,PLANT_04,FAB_001,2027-M04,18204,Critical
MD_01268,PLANT_05,FAB_027,2027-M11,11804,Normal
MD_01269,PLANT_02,FAB_004,2027-M10,2992,High
MD_01270,PLANT_05,FAB_022,2026-M11,9980,Normal
MD_01271,PLANT_03,FAB_023,2026-M01,18614,Critical
MD_01272,PLANT_03,FAB_017,2026-M01,10621,Critical
MD_01273,PLANT_02,FAB_013,2027-M03,6622,High
MD_01274,PLANT_05,FAB_014,2027-M01,20368,Normal
MD_01275,PLANT_03,FAB_025,2027-M07,11027,High
MD_01276,PLANT_03,FAB_013,2027-M08,8028,High
MD_01277,PLANT_05,FAB_015,2027-M02,20560,Normal
MD_01278,PLANT_03,FAB_014,2027-M09,12670,Critical
MD_01279,PLANT_03,FAB_002,2026-M07,12870,Normal
MD_01280,PLANT_04,FAB_005,2026-M03,7590,Normal
MD_01281,PLANT_03,FAB_001,2027-M04,20033,High
MD_01282,PLANT_03,FAB_008,2027-M04,5663,Normal
MD_01283,PLANT_01,FAB_028,2026-M08,5068,High
MD_01284,PLANT_02,FAB_020,2026-M03,6958,Normal
MD_01285,PLANT_03,FAB_002,2027-M12,19960,Normal
MD_01286,PLANT_04,FAB_007,2027-M03,14873,Normal
MD_01287,PLANT_01,FAB_011,2027-M05,15620,Critical
MD_01288,PLANT_01,FAB_010,2026-M12,4690,Normal
MD_01289,PLANT_02,FAB_020,2026-M07,5894,Normal
MD_01290,PLANT_02,FAB_027,2027-M03,5437,Critical
MD_01291,PLANT_02,FAB_010,2027-M06,23637,Normal
MD_01292,PLANT_01,FAB_017,2027-M01,9905,High
MD_01293,PLANT_01,FAB_029,2026-M04,7026,High
MD_01294,PLANT_04,FAB_024,2027-M09,17949,Normal
MD_01295,PLANT_04,FAB_020,2026-M09,4051,High
MD_01296,PLANT_02,FAB_029,2027-M05,7887,High
MD_01297,PLANT_05,FAB_018,2026-M08,4866,High
MD_01298,PLANT_03,FAB_022,2027-M02,19449,Normal
MD_01299,PLANT_01,FAB_009,2026-M01,4669,Critical
MD_01300,PLANT_01,FAB_022,2027-M04,22077,High
MD_01301,PLANT_05,FAB_017,2026-M01,24183,Normal
MD_01302,PLANT_04,FAB_012,2027-M08,14267,Normal
MD_01303,PLANT_03,FAB_025,2027-M04,20647,High
MD_01304,PLANT_04,FAB_013,2026-M11,4346,Normal
MD_01305,PLANT_05,FAB_014,2026-M02,5137,Normal
MD_01306,PLANT_01,FAB_008,2026-M05,4949,Normal
MD_01307,PLANT_04,FAB_021,2026-M01,9376,Normal
MD_01308,PLANT_03,FAB_015,2026-M05,16897,Critical
MD_01309,PLANT_01,FAB_026,2026-M05,22947,Normal
MD_01310,PLANT_03,FAB_013,2026-M08,21349,High
MD_01311,PLANT_05,FAB_009,2026-M03,20342,High
MD_01312,PLANT_05,FAB_017,2027-M02,22385,Normal
MD_01313,PLANT_03,FAB_001,2026-M05,19481,Critical
MD_01314,PLANT_03,FAB_001,2026-M04,10572,High
MD_01315,PLANT_05,FAB_020,2027-M03,16352,Normal
MD_01316,PLANT_03,FAB_007,2027-M10,15642,Critical
MD_01317,PLANT_05,FAB_014,2027-M10,14456,High
MD_01318,PLANT_05,FAB_014,2026-M03,16535,Critical
MD_01319,PLANT_01,FAB_006,2027-M04,17323,High
MD_01320,PLANT_05,FAB_003,2026-M03,2661,High
MD_01321,PLANT_02,FAB_025,2026-M09,19226,Normal
MD_01322,PLANT_03,FAB_004,2027-M11,15624,High
MD_01323,PLANT_01,FAB_004,2026-M01,9801,Critical
MD_01324,PLANT_04,FAB_015,2026-M11,15720,High
MD_01325,PLANT_05,FAB_025,2027-M02,23887,Critical
MD_01326,PLANT_03,FAB_019,2027-M12,10976,High
MD_01327,PLANT_04,FAB_023,2026-M07,20208,Critical
MD_01328,PLANT_03,FAB_006,2027-M12,7685,Normal
MD_01329,PLANT_05,FAB_015,2027-M02,15123,High
MD_01330,PLANT_03,FAB_027,2027-M06,3753,High
MD_01331,PLANT_01,FAB_020,2026-M02,15379,High
MD_01332,PLANT_03,FAB_015,2027-M11,3762,Normal
MD_01333,PLANT_02,FAB_009,2027-M01,7016,Critical
MD_01334,PLANT_03,FAB_022,2027-M11,14508,High
MD_01335,PLANT_05,FAB_029,2026-M01,13791,Normal
MD_01336,PLANT_01,FAB_027,2027-M09,20965,High
MD_01337,PLANT_04,FAB_005,2026-M11,23599,Critical
MD_01338,PLANT_03,FAB_017,2027-M03,17825,Critical
MD_01339,PLANT_04,FAB_004,2026-M06,16200,Critical
MD_01340,PLANT_05,FAB_011,2026-M08,4376,High
MD_01341,PLANT_01,FAB_029,2027-M11,2096,Normal
MD_01342,PLANT_02,FAB_008,2027-M04,16021,High
MD_01343,PLANT_02,FAB_014,2026-M01,14077,Normal
MD_01344,PLANT_04,FAB_003,2026-M08,14735,High
MD_01345,PLANT_03,FAB_011,2027-M08,7828,Normal
MD_01346,PLANT_04,FAB_009,2027-M07,21760,High
MD_01347,PLANT_05,FAB_018,2026-M12,4649,Normal
MD_01348,PLANT_03,FAB_013,2026-M03,7397,Critical
MD_01349,PLANT_03,FAB_012,2027-M08,12371,Critical
MD_01350,PLANT_04,FAB_020,2026-M06,10073,Normal
MD_01351,PLANT_05,FAB_026,2026-M08,5693,Critical
MD_01352,PLANT_03,FAB_026,2026-M06,14254,High
MD_01353,PLANT_01,FAB_007,2026-M12,5182,Critical
MD_01354,PLANT_05,FAB_007,2027-M04,8678,Normal
MD_01355,PLANT_05,FAB_004,2027-M05,10426,Critical
MD_01356,PLANT_05,FAB_014,2026-M01,16139,Normal
MD_01357,PLANT_03,FAB_021,2026-M01,11024,Critical
MD_01358,PLANT_03,FAB_010,2027-M05,17707,High
MD_01359,PLANT_02,FAB_019,2026-M02,2993,Critical
MD_01360,PLANT_02,FAB_024,2026-M02,18556,Critical
MD_01361,PLANT_05,FAB_004,2026-M09,3881,Critical
MD_01362,PLANT_05,FAB_014,2026-M09,15206,High
MD_01363,PLANT_03,FAB_006,2026-M10,20442,High
MD_01364,PLANT_01,FAB_018,2026-M06,17611,High
MD_01365,PLANT_03,FAB_023,2026-M07,3385,High
MD_01366,PLANT_01,FAB_010,2027-M09,4700,High
MD_01367,PLANT_03,FAB_016,2027-M09,5472,High
MD_01368,PLANT_04,FAB_009,2027-M07,21429,Critical
MD_01369,PLANT_04,FAB_024,2026-M09,17068,Normal
MD_01370,PLANT_02,FAB_028,2027-M02,14842,Normal
MD_01371,PLANT_01,FAB_015,2027-M01,4357,High
MD_01372,PLANT_04,FAB_001,2026-M06,16612,Critical
MD_01373,PLANT_03,FAB_021,2026-M02,10346,Critical
MD_01374,PLANT_05,FAB_022,2027-M01,4344,Normal
MD_01375,PLANT_01,FAB_015,2026-M06,10751,High
MD_01376,PLANT_05,FAB_030,2027-M08,5971,High
MD_01377,PLANT_04,FAB_012,2026-M08,10985,High
MD_01378,PLANT_01,FAB_027,2027-M08,23002,Normal
MD_01379,PLANT_03,FAB_028,2026-M02,2082,Normal
MD_01380,PLANT_02,FAB_002,2026-M05,20959,Critical
MD_01381,PLANT_05,FAB_021,2026-M12,13734,Critical
MD_01382,PLANT_03,FAB_026,2027-M05,5983,High
MD_01383,PLANT_02,FAB_013,2027-M04,24593,Normal
MD_01384,PLANT_01,FAB_022,2026-M05,20751,Normal
MD_01385,PLANT_03,FAB_002,2026-M09,16912,Normal
MD_01386,PLANT_01,FAB_003,2027-M04,10274,High
MD_01387,PLANT_04,FAB_026,2026-M02,6748,Critical
MD_01388,PLANT_04,FAB_026,2027-M04,4186,High
MD_01389,PLANT_01,FAB_013,2026-M05,2801,Critical
MD_01390,PLANT_05,FAB_013,2027-M09,8643,Normal
MD_01391,PLANT_04,FAB_022,2027-M06,14477,High
MD_01392,PLANT_05,FAB_020,2027-M03,5167,High
MD_01393,PLANT_02,FAB_020,2027-M02,15507,Critical
MD_01394,PLANT_01,FAB_024,2026-M01,20907,Critical
MD_01395,PLANT_04,FAB_015,2027-M06,2008,Critical
MD_01396,PLANT_01,FAB_001,2026-M03,9948,Normal
MD_01397,PLANT_01,FAB_007,2026-M10,22116,Normal
MD_01398,PLANT_02,FAB_012,2027-M04,13017,Normal
MD_01399,PLANT_01,FAB_023,2027-M06,23224,Critical
MD_01400,PLANT_01,FAB_019,2027-M09,8916,Critical
MD_01401,PLANT_01,FAB_004,2027-M10,13318,High
MD_01402,PLANT_01,FAB_011,2027-M01,7561,High
MD_01403,PLANT_05,FAB_022,2026-M11,21357,High
MD_01404,PLANT_01,FAB_019,2027-M04,12735,Normal
MD_01405,PLANT_05,FAB_030,2027-M06,20563,High
MD_01406,PLANT_03,FAB_030,2027-M03,15705,Critical
MD_01407,PLANT_01,FAB_019,2026-M09,5034,High
MD_01408,PLANT_05,FAB_013,2026-M08,5430,Critical
MD_01409,PLANT_03,FAB_027,2027-M07,3614,Normal
MD_01410,PLANT_03,FAB_016,2027-M11,21086,Normal
MD_01411,PLANT_04,FAB_006,2027-M10,7177,High
MD_01412,PLANT_05,FAB_025,2026-M03,9807,Critical
MD_01413,PLANT_02,FAB_019,2027-M10,10514,Normal
MD_01414,PLANT_05,FAB_016,2026-M05,18105,High
MD_01415,PLANT_03,FAB_003,2027-M11,5885,Critical
MD_01416,PLANT_03,FAB_002,2026-M06,3379,Normal
MD_01417,PLANT_04,FAB_021,2027-M11,8165,Normal
MD_01418,PLANT_01,FAB_013,2027-M10,13944,Normal
MD_01419,PLANT_04,FAB_016,2027-M04,15242,High
MD_01420,PLANT_04,FAB_008,2027-M07,5785,High
MD_01421,PLANT_01,FAB_001,2026-M10,24238,Normal
MD_01422,PLANT_03,FAB_023,2026-M03,3101,Critical
MD_01423,PLANT_04,FAB_005,2027-M05,15061,Critical
MD_01424,PLANT_03,FAB_016,2027-M09,21801,Normal
MD_01425,PLANT_02,FAB_003,2027-M04,14604,Normal
MD_01426,PLANT_01,FAB_009,2027-M03,22777,Critical
MD_01427,PLANT_05,FAB_005,2026-M10,10431,Critical
MD_01428,PLANT_01,FAB_027,2026-M11,16213,High
MD_01429,PLANT_02,FAB_013,2026-M10,8494,Critical
MD_01430,PLANT_04,FAB_020,2026-M09,13596,Critical
MD_01431,PLANT_01,FAB_012,2026-M04,23919,Normal
MD_01432,PLANT_04,FAB_003,2026-M08,5332,High
MD_01433,PLANT_05,FAB_025,2027-M08,16413,Critical
MD_01434,PLANT_01,FAB_030,2027-M12,20732,High
MD_01435,PLANT_03,FAB_030,2026-M04,10666,High
MD_01436,PLANT_02,FAB_008,2026-M01,5783,Critical
MD_01437,PLANT_02,FAB_016,2026-M04,20168,Critical
MD_01438,PLANT_02,FAB_005,2027-M03,15014,High
MD_01439,PLANT_03,FAB_030,2026-M05,15486,Critical
MD_01440,PLANT_03,FAB_008,2026-M01,16581,High
MD_01441,PLANT_03,FAB_002,2026-M04,24653,High
MD_01442,PLANT_02,FAB_013,2027-M02,23809,High
MD_01443,PLANT_03,FAB_024,2027-M02,20666,Normal
MD_01444,PLANT_02,FAB_009,2027-M09,16047,High
MD_01445,PLANT_04,FAB_025,2027-M12,11144,Critical
MD_01446,PLANT_03,FAB_002,2026-M05,20827,Critical
MD_01447,PLANT_04,FAB_003,2027-M12,18590,Critical
MD_01448,PLANT_02,FAB_008,2026-M04,21697,High
MD_01449,PLANT_04,FAB_028,2027-M09,6118,Normal
MD_01450,PLANT_03,FAB_006,2027-M12,10417,Critical
MD_01451,PLANT_05,FAB_023,2026-M02,17656,Critical
MD_01452,PLANT_01,FAB_020,2027-M10,23972,High
MD_01453,PLANT_02,FAB_003,2026-M10,6695,Critical
MD_01454,PLANT_01,FAB_017,2026-M11,4456,High
MD_01455,PLANT_05,FAB_013,2026-M05,5658,Normal
MD_01456,PLANT_03,FAB_008,2027-M07,3730,Critical
MD_01457,PLANT_05,FAB_004,2026-M12,21869,Critical
MD_01458,PLANT_04,FAB_021,2026-M07,6956,High
MD_01459,PLANT_05,FAB_022,2027-M11,22999,Normal
MD_01460,PLANT_01,FAB_020,2026-M03,12522,Critical
MD_01461,PLANT_03,FAB_030,2026-M06,20761,High
MD_01462,PLANT_05,FAB_020,2026-M10,13707,High
MD_01463,PLANT_02,FAB_019,2027-M08,18789,High
MD_01464,PLANT_02,FAB_024,2027-M01,2545,High
MD_01465,PLANT_01,FAB_017,2027-M04,2686,Critical
MD_01466,PLANT_04,FAB_028,2026-M11,6435,Critical
MD_01467,PLANT_03,FAB_003,2027-M11,8444,Normal
MD_01468,PLANT_05,FAB_001,2027-M07,17208,Normal
MD_01469,PLANT_02,FAB_015,2027-M12,22947,Normal
MD_01470,PLANT_05,FAB_018,2026-M09,21791,High
MD_01471,PLANT_05,FAB_007,2027-M10,10430,Normal
MD_01472,PLANT_03,FAB_030,2027-M06,11720,Critical
MD_01473,PLANT_04,FAB_022,2027-M11,7749,Critical
MD_01474,PLANT_04,FAB_015,2027-M07,4992,Normal
MD_01475,PLANT_03,FAB_012,2026-M02,20938,High
MD_01476,PLANT_05,FAB_008,2026-M05,14668,Normal
MD_01477,PLANT_04,FAB_016,2027-M01,10684,High
MD_01478,PLANT_04,FAB_018,2027-M04,22326,High
MD_01479,PLANT_04,FAB_018,2026-M12,16473,High
MD_01480,PLANT_04,FAB_027,2027-M11,18732,Critical
MD_01481,PLANT_04,FAB_024,2027-M12,10035,High
MD_01482,PLANT_01,FAB_012,2027-M06,6712,Critical
MD_01483,PLANT_05,FAB_030,2026-M02,21994,Critical
MD_01484,PLANT_04,FAB_002,2027-M12,11885,Critical
MD_01485,PLANT_04,FAB_026,2027-M05,8826,Normal
MD_01486,PLANT_02,FAB_015,2026-M07,24310,High
MD_01487,PLANT_05,FAB_025,2026-M10,18226,Normal
MD_01488,PLANT_03,FAB_022,2026-M12,13048,Normal
MD_01489,PLANT_03,FAB_022,2026-M02,5592,Normal
MD_01490,PLANT_05,FAB_019,2027-M06,24481,High
MD_01491,PLANT_04,FAB_021,2027-M12,10489,High
MD_01492,PLANT_05,FAB_020,2027-M10,23723,Normal
MD_01493,PLANT_04,FAB_023,2026-M07,17379,Normal
MD_01494,PLANT_04,FAB_024,2027-M10,10903,Normal
MD_01495,PLANT_03,FAB_017,2027-M03,13349,Critical
MD_01496,PLANT_01,FAB_001,2027-M12,7860,Critical
MD_01497,PLANT_05,FAB_002,2027-M08,15491,High
MD_01498,PLANT_03,FAB_019,2026-M02,11378,Normal
MD_01499,PLANT_01,FAB_022,2027-M01,18800,High
MD_01500,PLANT_01,FAB_029,2027-M02,8456,High
MD_01501,PLANT_04,FAB_016,2026-M05,2223,Critical
MD_01502,PLANT_05,FAB_015,2027-M08,5435,Critical
MD_01503,PLANT_05,FAB_018,2026-M08,15409,Normal
MD_01504,PLANT_04,FAB_010,2026-M12,23980,High
MD_01505,PLANT_05,FAB_022,2026-M08,21839,Critical
MD_01506,PLANT_02,FAB_003,2027-M01,4781,Normal
MD_01507,PLANT_05,FAB_019,2026-M11,19027,Critical
MD_01508,PLANT_05,FAB_025,2026-M06,11078,Normal
MD_01509,PLANT_04,FAB_021,2027-M06,4195,Critical
MD_01510,PLANT_01,FAB_018,2026-M08,3807,Normal
MD_01511,PLANT_01,FAB_016,2026-M12,9900,High
MD_01512,PLANT_01,FAB_030,2026-M10,7479,Normal
MD_01513,PLANT_04,FAB_013,2027-M08,3504,Critical
MD_01514,PLANT_02,FAB_014,2026-M06,14814,High
MD_01515,PLANT_03,FAB_008,2026-M08,6238,High
MD_01516,PLANT_05,FAB_026,2027-M05,13259,High
MD_01517,PLANT_04,FAB_009,2027-M10,21230,Normal
MD_01518,PLANT_04,FAB_025,2026-M05,17912,High
MD_01519,PLANT_04,FAB_007,2026-M01,24196,Normal
MD_01520,PLANT_02,FAB_030,2027-M02,3476,Normal
MD_01521,PLANT_01,FAB_014,2026-M12,3221,Critical
MD_01522,PLANT_04,FAB_029,2026-M12,13311,Normal
MD_01523,PLANT_04,FAB_008,2027-M07,21810,Critical
MD_01524,PLANT_02,FAB_021,2026-M02,12280,Normal
MD_01525,PLANT_04,FAB_021,2027-M03,4806,Critical
MD_01526,PLANT_05,FAB_018,2027-M03,10244,Critical
MD_01527,PLANT_03,FAB_009,2027-M11,7798,Normal
MD_01528,PLANT_01,FAB_030,2027-M05,5976,Normal
MD_01529,PLANT_03,FAB_002,2027-M09,24332,High
MD_01530,PLANT_02,FAB_004,2027-M08,5275,Critical
MD_01531,PLANT_05,FAB_024,2027-M03,13473,High
MD_01532,PLANT_05,FAB_008,2026-M06,15170,High
MD_01533,PLANT_01,FAB_009,2026-M12,16246,Critical
MD_01534,PLANT_05,FAB_015,2027-M02,8950,High
MD_01535,PLANT_05,FAB_029,2027-M01,12941,High
MD_01536,PLANT_04,FAB_026,2027-M11,6319,Normal
MD_01537,PLANT_02,FAB_029,2026-M02,8301,Normal
MD_01538,PLANT_05,FAB_011,2027-M08,9329,Critical
MD_01539,PLANT_05,FAB_016,2026-M02,13774,High
MD_01540,PLANT_04,FAB_014,2027-M05,3889,Normal
MD_01541,PLANT_01,FAB_007,2026-M09,16532,Critical
MD_01542,PLANT_02,FAB_026,2026-M08,10001,Normal
MD_01543,PLANT_02,FAB_006,2027-M03,19981,Normal
MD_01544,PLANT_05,FAB_029,2026-M03,2340,Critical
MD_01545,PLANT_05,FAB_017,2027-M03,4008,Normal
MD_01546,PLANT_03,FAB_009,2026-M10,19068,Critical
MD_01547,PLANT_01,FAB_029,2027-M12,17211,High
MD_01548,PLANT_02,FAB_025,2027-M05,24997,Normal
MD_01549,PLANT_03,FAB_012,2026-M07,14835,High
MD_01550,PLANT_02,FAB_011,2027-M07,15267,Critical
MD_01551,PLANT_03,FAB_023,2027-M01,23813,Critical
MD_01552,PLANT_02,FAB_018,2027-M07,2477,High
MD_01553,PLANT_01,FAB_011,2026-M06,15056,Critical
MD_01554,PLANT_04,FAB_014,2027-M04,14487,High
MD_01555,PLANT_04,FAB_009,2026-M01,15082,Normal
MD_01556,PLANT_01,FAB_029,2027-M07,8895,Normal
MD_01557,PLANT_02,FAB_015,2026-M10,3437,Critical
MD_01558,PLANT_01,FAB_021,2027-M12,16222,Critical
MD_01559,PLANT_02,FAB_020,2026-M05,10787,Critical
MD_01560,PLANT_03,FAB_029,2027-M06,24897,High
MD_01561,PLANT_01,FAB_008,2026-M04,9517,Critical
MD_01562,PLANT_02,FAB_017,2026-M07,17521,Critical
MD_01563,PLANT_04,FAB_009,2026-M06,20070,High
MD_01564,PLANT_02,FAB_026,2027-M05,12625,Normal
MD_01565,PLANT_04,FAB_021,2027-M04,13897,High
MD_01566,PLANT_03,FAB_013,2026-M11,19623,Critical
MD_01567,PLANT_03,FAB_014,2027-M07,24665,Normal
MD_01568,PLANT_05,FAB_003,2027-M01,12787,High
MD_01569,PLANT_04,FAB_008,2027-M01,18801,Critical
MD_01570,PLANT_01,FAB_012,2026-M06,10396,High
MD_01571,PLANT_04,FAB_025,2027-M08,13098,Normal
MD_01572,PLANT_04,FAB_002,2027-M01,23035,High
MD_01573,PLANT_05,FAB_012,2026-M05,23323,High
MD_01574,PLANT_04,FAB_003,2027-M01,13458,High
MD_01575,PLANT_02,FAB_005,2027-M12,7942,Critical
MD_01576,PLANT_04,FAB_014,2026-M09,7728,High
MD_01577,PLANT_03,FAB_003,2027-M07,24299,High
MD_01578,PLANT_04,FAB_005,2026-M04,6274,High
MD_01579,PLANT_04,FAB_029,2026-M08,12277,Normal
MD_01580,PLANT_03,FAB_026,2027-M04,2077,High
MD_01581,PLANT_05,FAB_025,2026-M04,17575,Critical
MD_01582,PLANT_04,FAB_014,2027-M02,22501,Normal
MD_01583,PLANT_03,FAB_006,2027-M06,9366,Normal
MD_01584,PLANT_02,FAB_007,2027-M12,24264,Critical
MD_01585,PLANT_05,FAB_008,2026-M12,16311,Normal
MD_01586,PLANT_04,FAB_024,2027-M11,8920,High
MD_01587,PLANT_01,FAB_003,2027-M07,4711,Critical
MD_01588,PLANT_02,FAB_028,2026-M01,15151,Normal
MD_01589,PLANT_03,FAB_012,2026-M10,2973,Critical
MD_01590,PLANT_04,FAB_025,2027-M09,18669,Normal
MD_01591,PLANT_02,FAB_021,2027-M11,4022,Normal
MD_01592,PLANT_01,FAB_007,2026-M10,19817,Normal
MD_01593,PLANT_04,FAB_012,2027-M12,12883,Normal
MD_01594,PLANT_02,FAB_018,2027-M09,16433,Critical
MD_01595,PLANT_02,FAB_028,2026-M09,18660,Critical
MD_01596,PLANT_01,FAB_021,2027-M07,13086,High
MD_01597,PLANT_01,FAB_010,2027-M11,15089,Normal
MD_01598,PLANT_05,FAB_016,2026-M01,21928,Normal
MD_01599,PLANT_02,FAB_011,2027-M10,13417,Critical
MD_01600,PLANT_02,FAB_021,2027-M07,16857,Normal
MD_01601,PLANT_05,FAB_013,2026-M11,2948,Normal
MD_01602,PLANT_04,FAB_016,2026-M05,17926,Normal
MD_01603,PLANT_02,FAB_017,2027-M11,8699,Normal
MD_01604,PLANT_05,FAB_023,2027-M04,23250,High
MD_01605,PLANT_05,FAB_025,2026-M04,5623,Normal
MD_01606,PLANT_01,FAB_017,2027-M06,10077,Normal
MD_01607,PLANT_04,FAB_012,2027-M11,20149,Critical
MD_01608,PLANT_03,FAB_030,2026-M05,16739,Critical
MD_01609,PLANT_02,FAB_018,2026-M03,15814,High
MD_01610,PLANT_03,FAB_008,2027-M04,15081,High
MD_01611,PLANT_01,FAB_009,2026-M04,20283,Critical
MD_01612,PLANT_01,FAB_003,2026-M08,18038,High
MD_01613,PLANT_02,FAB_012,2027-M06,18367,Normal
MD_01614,PLANT_01,FAB_014,2027-M04,5110,High
MD_01615,PLANT_02,FAB_006,2027-M12,16679,High
MD_01616,PLANT_03,FAB_004,2026-M02,21191,High
MD_01617,PLANT_05,FAB_015,2026-M11,15421,Critical
MD_01618,PLANT_03,FAB_023,2026-M10,6793,Normal
MD_01619,PLANT_04,FAB_013,2027-M03,5550,Normal
MD_01620,PLANT_03,FAB_020,2026-M09,10759,Normal
MD_01621,PLANT_03,FAB_017,2026-M11,10660,Normal
MD_01622,PLANT_01,FAB_023,2027-M12,20523,Critical
MD_01623,PLANT_04,FAB_029,2026-M01,20731,High
MD_01624,PLANT_05,FAB_009,2027-M11,24209,Critical
MD_01625,PLANT_02,FAB_017,2027-M07,8400,Critical
MD_01626,PLANT_02,FAB_023,2026-M10,7137,Critical
MD_01627,PLANT_05,FAB_003,2026-M03,6444,Critical
MD_01628,PLANT_02,FAB_021,2027-M02,7184,Critical
MD_01629,PLANT_02,FAB_018,2026-M05,18590,Critical
MD_01630,PLANT_04,FAB_015,2027-M04,19703,Critical
MD_01631,PLANT_04,FAB_007,2026-M04,9388,High
MD_01632,PLANT_01,FAB_008,2026-M12,17631,High
MD_01633,PLANT_02,FAB_008,2027-M07,24922,High
MD_01634,PLANT_01,FAB_027,2027-M09,8226,Critical
MD_01635,PLANT_04,FAB_017,2027-M05,15288,Normal
MD_01636,PLANT_01,FAB_009,2026-M01,17154,High
MD_01637,PLANT_01,FAB_020,2027-M05,18404,Critical
MD_01638,PLANT_05,FAB_029,2027-M01,15249,Normal
MD_01639,PLANT_01,FAB_028,2027-M12,19311,Normal
MD_01640,PLANT_04,FAB_016,2026-M10,15440,Critical
MD_01641,PLANT_02,FAB_008,2027-M10,24313,Normal
MD_01642,PLANT_02,FAB_010,2027-M07,10874,High
MD_01643,PLANT_04,FAB_025,2026-M02,6336,Critical
MD_01644,PLANT_04,FAB_013,2027-M06,2316,Critical
MD_01645,PLANT_04,FAB_016,2026-M02,10620,Critical
MD_01646,PLANT_01,FAB_007,2027-M06,8801,High
MD_01647,PLANT_02,FAB_025,2027-M12,2445,High
MD_01648,PLANT_05,FAB_029,2026-M01,10114,High
MD_01649,PLANT_03,FAB_013,2026-M09,4521,High
MD_01650,PLANT_04,FAB_030,2026-M06,3680,Critical
MD_01651,PLANT_01,FAB_014,2027-M07,5903,Normal
MD_01652,PLANT_02,FAB_004,2027-M06,22105,Critical
MD_01653,PLANT_01,FAB_007,2027-M10,6720,High
MD_01654,PLANT_02,FAB_003,2026-M01,4763,Normal
MD_01655,PLANT_05,FAB_018,2026-M02,20365,Critical
MD_01656,PLANT_04,FAB_006,2027-M08,23016,Critical
MD_01657,PLANT_04,FAB_021,2027-M02,7619,Critical
MD_01658,PLANT_02,FAB_007,2026-M04,20719,Normal
MD_01659,PLANT_02,FAB_006,2027-M01,15772,High
MD_01660,PLANT_03,FAB_012,2026-M12,9267,Critical
MD_01661,PLANT_02,FAB_016,2027-M09,8805,Critical
MD_01662,PLANT_03,FAB_016,2027-M08,22240,Critical
MD_01663,PLANT_04,FAB_022,2027-M12,9761,High
MD_01664,PLANT_04,FAB_018,2027-M11,22403,Normal
MD_01665,PLANT_05,FAB_004,2027-M06,13193,Normal
MD_01666,PLANT_01,FAB_029,2027-M11,10362,High
MD_01667,PLANT_05,FAB_026,2026-M11,21878,Critical
MD_01668,PLANT_02,FAB_018,2027-M02,21286,Normal
MD_01669,PLANT_05,FAB_007,2027-M10,3172,Normal
MD_01670,PLANT_05,FAB_012,2027-M12,10554,High
MD_01671,PLANT_02,FAB_017,2027-M07,14269,Critical
MD_01672,PLANT_03,FAB_026,2026-M05,5862,Normal
MD_01673,PLANT_03,FAB_024,2026-M11,18844,High
MD_01674,PLANT_04,FAB_004,2027-M07,17877,Critical
MD_01675,PLANT_01,FAB_027,2026-M10,20309,Critical
MD_01676,PLANT_01,FAB_026,2027-M05,21305,Critical
MD_01677,PLANT_01,FAB_005,2027-M07,3281,Normal
MD_01678,PLANT_05,FAB_025,2026-M03,19465,Normal
MD_01679,PLANT_03,FAB_002,2027-M03,23207,Normal
MD_01680,PLANT_05,FAB_009,2027-M06,19497,Normal
MD_01681,PLANT_01,FAB_017,2026-M03,2138,Normal
MD_01682,PLANT_04,FAB_022,2026-M01,13802,Critical
MD_01683,PLANT_04,FAB_008,2027-M04,17730,Normal
MD_01684,PLANT_02,FAB_019,2027-M09,18463,High
MD_01685,PLANT_01,FAB_009,2026-M02,21436,Critical
MD_01686,PLANT_04,FAB_003,2027-M07,19242,High
MD_01687,PLANT_02,FAB_025,2027-M12,24999,Normal
MD_01688,PLANT_02,FAB_028,2026-M01,8499,Normal
MD_01689,PLANT_03,FAB_010,2026-M10,3255,Critical
MD_01690,PLANT_01,FAB_008,2027-M04,7430,Critical
MD_01691,PLANT_04,FAB_023,2027-M04,16324,Critical
MD_01692,PLANT_02,FAB_004,2026-M04,24392,High
MD_01693,PLANT_01,FAB_027,2026-M08,15348,High
MD_01694,PLANT_03,FAB_004,2027-M11,9748,Normal
MD_01695,PLANT_04,FAB_016,2027-M08,4651,Normal
MD_01696,PLANT_02,FAB_018,2026-M09,9457,Critical
MD_01697,PLANT_03,FAB_024,2027-M01,9398,Critical
MD_01698,PLANT_01,FAB_017,2027-M12,11364,High
MD_01699,PLANT_04,FAB_004,2026-M06,12154,Normal
MD_01700,PLANT_04,FAB_022,2026-M05,21616,Critical
MD_01701,PLANT_02,FAB_015,2027-M05,21223,High
MD_01702,PLANT_03,FAB_002,2026-M09,17921,Critical
MD_01703,PLANT_04,FAB_030,2027-M04,21216,Normal
MD_01704,PLANT_02,FAB_029,2026-M02,18551,Normal
MD_01705,PLANT_05,FAB_023,2026-M10,5417,Critical
MD_01706,PLANT_05,FAB_030,2027-M07,11084,High
MD_01707,PLANT_05,FAB_011,2027-M06,23820,High
MD_01708,PLANT_04,FAB_004,2026-M07,15227,Critical
MD_01709,PLANT_05,FAB_014,2026-M09,22901,Normal
MD_01710,PLANT_04,FAB_018,2026-M04,6824,Critical
MD_01711,PLANT_01,FAB_024,2026-M03,17833,Normal
MD_01712,PLANT_01,FAB_029,2026-M01,12421,Normal
MD_01713,PLANT_01,FAB_011,2027-M02,7980,High
MD_01714,PLANT_05,FAB_024,2026-M07,4318,Normal
MD_01715,PLANT_02,FAB_026,2026-M09,6799,Critical
MD_01716,PLANT_05,FAB_006,2027-M01,10344,High
MD_01717,PLANT_04,FAB_021,2027-M08,15579,High
MD_01718,PLANT_01,FAB_008,2026-M01,4115,Critical
MD_01719,PLANT_03,FAB_001,2027-M03,22883,High
MD_01720,PLANT_02,FAB_001,2027-M08,14231,High
MD_01721,PLANT_05,FAB_024,2027-M04,16706,Critical
MD_01722,PLANT_01,FAB_009,2026-M07,22598,Critical
MD_01723,PLANT_04,FAB_019,2027-M12,5139,High
MD_01724,PLANT_01,FAB_011,2027-M08,23993,Normal
MD_01725,PLANT_02,FAB_002,2026-M10,14419,High
MD_01726,PLANT_03,FAB_010,2027-M01,6222,High
MD_01727,PLANT_03,FAB_003,2026-M07,24119,Critical
MD_01728,PLANT_04,FAB_029,2026-M10,15702,High
MD_01729,PLANT_05,FAB_019,2026-M08,11957,Critical
MD_01730,PLANT_04,FAB_025,2026-M10,21526,Normal
MD_01731,PLANT_03,FAB_023,2027-M03,12297,Normal
MD_01732,PLANT_01,FAB_015,2026-M06,12152,Critical
MD_01733,PLANT_04,FAB_007,2026-M04,23698,Normal
MD_01734,PLANT_02,FAB_009,2026-M07,9262,Critical
MD_01735,PLANT_05,FAB_003,2026-M07,7004,Normal
MD_01736,PLANT_01,FAB_014,2026-M01,17602,High
MD_01737,PLANT_02,FAB_013,2026-M11,2983,High
MD_01738,PLANT_03,FAB_028,2027-M12,2925,Normal
MD_01739,PLANT_04,FAB_018,2026-M10,2000,Critical
MD_01740,PLANT_04,FAB_026,2027-M07,16745,Normal
MD_01741,PLANT_02,FAB_012,2027-M10,17155,Normal
MD_01742,PLANT_02,FAB_021,2026-M03,6131,Normal
MD_01743,PLANT_01,FAB_015,2026-M06,14384,High
MD_01744,PLANT_02,FAB_016,2026-M06,12580,Normal
MD_01745,PLANT_04,FAB_002,2027-M10,21495,High
MD_01746,PLANT_03,FAB_015,2027-M04,4758,High
MD_01747,PLANT_03,FAB_007,2026-M12,11077,Normal
MD_01748,PLANT_03,FAB_014,2027-M08,21833,Critical
MD_01749,PLANT_03,FAB_023,2027-M05,2506,High
MD_01750,PLANT_04,FAB_003,2027-M05,4845,Critical
MD_01751,PLANT_04,FAB_017,2026-M03,17855,High
MD_01752,PLANT_01,FAB_020,2027-M04,14870,Normal
MD_01753,PLANT_02,FAB_020,2027-M12,6875,Normal
MD_01754,PLANT_04,FAB_007,2026-M05,8729,High
MD_01755,PLANT_01,FAB_029,2026-M10,7104,Critical
MD_01756,PLANT_02,FAB_024,2027-M11,12519,High
MD_01757,PLANT_03,FAB_023,2026-M08,8012,High
MD_01758,PLANT_01,FAB_017,2027-M11,15055,Normal
MD_01759,PLANT_02,FAB_017,2026-M07,5254,High
MD_01760,PLANT_05,FAB_025,2026-M05,24191,High
MD_01761,PLANT_05,FAB_017,2027-M12,7752,High
MD_01762,PLANT_01,FAB_026,2027-M05,15395,Critical
MD_01763,PLANT_03,FAB_030,2026-M02,7329,Normal
MD_01764,PLANT_02,FAB_014,2026-M02,18439,Normal
MD_01765,PLANT_04,FAB_002,2027-M06,9297,Critical
MD_01766,PLANT_01,FAB_024,2027-M11,17576,High
MD_01767,PLANT_02,FAB_026,2027-M04,10489,High
MD_01768,PLANT_05,FAB_028,2027-M07,21483,Critical
MD_01769,PLANT_05,FAB_004,2027-M01,20324,Critical
MD_01770,PLANT_05,FAB_008,2027-M09,11999,Critical
MD_01771,PLANT_03,FAB_006,2027-M02,7961,Critical
MD_01772,PLANT_03,FAB_024,2026-M01,11586,Normal
MD_01773,PLANT_01,FAB_018,2026-M11,13876,High
MD_01774,PLANT_03,FAB_016,2027-M02,5312,Normal
MD_01775,PLANT_05,FAB_029,2026-M06,19058,Critical
MD_01776,PLANT_02,FAB_009,2027-M02,20651,Normal
MD_01777,PLANT_05,FAB_001,2027-M01,21819,High
MD_01778,PLANT_03,FAB_009,2026-M12,23508,High
MD_01779,PLANT_02,FAB_027,2026-M07,12486,Normal
MD_01780,PLANT_03,FAB_030,2026-M06,15791,Normal
MD_01781,PLANT_03,FAB_019,2027-M06,8109,High
MD_01782,PLANT_05,FAB_030,2026-M04,24626,Normal
MD_01783,PLANT_03,FAB_021,2027-M02,6387,High
MD_01784,PLANT_01,FAB_014,2027-M01,19954,Normal
MD_01785,PLANT_02,FAB_021,2027-M01,3694,Normal
MD_01786,PLANT_04,FAB_011,2026-M04,14523,Normal
MD_01787,PLANT_03,FAB_021,2026-M07,17700,Normal
MD_01788,PLANT_02,FAB_007,2026-M10,7957,Critical
MD_01789,PLANT_01,FAB_001,2026-M01,24654,High
MD_01790,PLANT_04,FAB_014,2027-M01,22157,Critical
MD_01791,PLANT_03,FAB_011,2027-M08,7135,High
MD_01792,PLANT_05,FAB_001,2027-M06,17220,Normal
MD_01793,PLANT_01,FAB_030,2027-M12,20699,Normal
MD_01794,PLANT_05,FAB_021,2026-M11,7393,Normal
MD_01795,PLANT_02,FAB_013,2026-M07,5786,High
MD_01796,PLANT_03,FAB_009,2027-M09,15524,Normal
MD_01797,PLANT_03,FAB_006,2026-M06,13354,High
MD_01798,PLANT_03,FAB_004,2027-M07,23386,High
MD_01799,PLANT_04,FAB_011,2027-M04,18171,High
MD_01800,PLANT_01,FAB_014,2026-M09,18393,Normal
MD_01801,PLANT_03,FAB_006,2027-M09,5804,Normal
MD_01802,PLANT_01,FAB_021,2026-M01,16027,Normal
MD_01803,PLANT_01,FAB_023,2027-M06,7643,Normal
MD_01804,PLANT_03,FAB_017,2027-M02,8685,High
MD_01805,PLANT_02,FAB_024,2027-M06,16566,Critical
MD_01806,PLANT_05,FAB_007,2026-M03,23092,High
MD_01807,PLANT_05,FAB_026,2027-M08,3980,High
MD_01808,PLANT_03,FAB_019,2026-M11,7960,High
MD_01809,PLANT_04,FAB_013,2026-M09,14022,High
MD_01810,PLANT_01,FAB_022,2026-M05,24760,High
MD_01811,PLANT_05,FAB_004,2026-M10,18701,Critical
MD_01812,PLANT_01,FAB_009,2026-M02,14187,High
MD_01813,PLANT_01,FAB_005,2027-M04,9285,Normal
MD_01814,PLANT_03,FAB_012,2026-M02,24701,High
MD_01815,PLANT_04,FAB_023,2026-M07,13817,Normal
MD_01816,PLANT_05,FAB_010,2027-M04,15611,Normal
MD_01817,PLANT_02,FAB_013,2026-M05,7025,Critical
MD_01818,PLANT_05,FAB_005,2027-M10,22243,High
MD_01819,PLANT_01,FAB_015,2026-M04,9555,High
MD_01820,PLANT_04,FAB_020,2027-M10,14535,High
MD_01821,PLANT_05,FAB_024,2027-M08,11727,Normal
MD_01822,PLANT_03,FAB_013,2027-M08,13718,Critical
MD_01823,PLANT_01,FAB_026,2026-M08,21171,High
MD_01824,PLANT_04,FAB_030,2026-M11,21477,High
MD_01825,PLANT_02,FAB_009,2027-M08,14671,High
MD_01826,PLANT_04,FAB_026,2027-M06,17485,Critical
MD_01827,PLANT_02,FAB_015,2026-M03,23811,High
MD_01828,PLANT_02,FAB_023,2027-M04,8456,Normal
MD_01829,PLANT_01,FAB_021,2027-M12,3686,High
MD_01830,PLANT_02,FAB_028,2027-M04,16421,Normal
MD_01831,PLANT_04,FAB_003,2026-M03,22663,Normal
MD_01832,PLANT_03,FAB_021,2027-M01,21424,High
MD_01833,PLANT_04,FAB_023,2027-M12,4204,Normal
MD_01834,PLANT_04,FAB_016,2026-M08,15807,High
MD_01835,PLANT_01,FAB_016,2027-M12,8810,Normal
MD_01836,PLANT_01,FAB_022,2026-M09,2910,High
MD_01837,PLANT_03,FAB_020,2026-M01,2208,High
MD_01838,PLANT_05,FAB_008,2027-M10,7325,High
MD_01839,PLANT_02,FAB_002,2026-M06,23725,Normal
MD_01840,PLANT_02,FAB_008,2026-M01,21084,Normal
MD_01841,PLANT_05,FAB_014,2026-M04,7187,Normal
MD_01842,PLANT_05,FAB_018,2026-M11,20390,Normal
MD_01843,PLANT_01,FAB_013,2026-M11,14904,Critical
MD_01844,PLANT_02,FAB_008,2027-M11,13993,Normal
MD_01845,PLANT_04,FAB_017,2026-M12,8521,Normal
MD_01846,PLANT_02,FAB_022,2026-M09,4513,Critical
MD_01847,PLANT_05,FAB_014,2026-M11,18118,Normal
MD_01848,PLANT_02,FAB_014,2026-M10,2111,Normal
MD_01849,PLANT_01,FAB_024,2027-M01,18113,High
MD_01850,PLANT_01,FAB_020,2027-M12,21629,Critical
MD_01851,PLANT_01,FAB_030,2027-M07,24892,High
MD_01852,PLANT_03,FAB_027,2026-M11,12404,Critical
MD_01853,PLANT_03,FAB_023,2027-M10,22457,Normal
MD_01854,PLANT_03,FAB_016,2027-M01,22807,High
MD_01855,PLANT_02,FAB_019,2026-M02,13775,Critical
MD_01856,PLANT_04,FAB_012,2026-M05,21022,High
MD_01857,PLANT_02,FAB_013,2026-M07,14145,Critical
MD_01858,PLANT_01,FAB_009,2026-M07,10973,Normal
MD_01859,PLANT_01,FAB_015,2026-M12,16589,High
MD_01860,PLANT_04,FAB_013,2026-M03,10059,Normal
MD_01861,PLANT_02,FAB_001,2027-M02,23352,Normal
MD_01862,PLANT_01,FAB_019,2026-M11,14622,High
MD_01863,PLANT_04,FAB_007,2026-M03,19462,Critical
MD_01864,PLANT_03,FAB_005,2026-M05,10724,High
MD_01865,PLANT_05,FAB_020,2026-M07,4035,High
MD_01866,PLANT_05,FAB_022,2026-M05,22177,Normal
MD_01867,PLANT_03,FAB_029,2027-M12,14276,High
MD_01868,PLANT_02,FAB_017,2026-M03,7136,Critical
MD_01869,PLANT_03,FAB_023,2027-M06,8070,Critical
MD_01870,PLANT_03,FAB_007,2027-M06,3232,Normal
MD_01871,PLANT_02,FAB_028,2026-M10,5140,Critical
MD_01872,PLANT_02,FAB_013,2027-M12,3087,Normal
MD_01873,PLANT_03,FAB_029,2026-M10,7929,High
MD_01874,PLANT_05,FAB_012,2027-M10,22470,High
MD_01875,PLANT_05,FAB_026,2026-M02,4322,Normal
MD_01876,PLANT_02,FAB_013,2026-M09,11777,High
MD_01877,PLANT_02,FAB_026,2027-M07,20002,High
MD_01878,PLANT_04,FAB_001,2027-M08,17405,Critical
MD_01879,PLANT_03,FAB_017,2027-M11,15459,Critical
MD_01880,PLANT_03,FAB_007,2026-M04,7711,Critical
MD_01881,PLANT_05,FAB_021,2026-M12,14248,Normal
MD_01882,PLANT_04,FAB_020,2027-M08,8521,High
MD_01883,PLANT_04,FAB_006,2026-M12,11906,Critical
MD_01884,PLANT_01,FAB_004,2027-M09,24555,Normal
MD_01885,PLANT_02,FAB_024,2026-M03,16961,Critical
MD_01886,PLANT_03,FAB_021,2027-M05,18051,Normal
MD_01887,PLANT_03,FAB_003,2027-M05,24129,High
MD_01888,PLANT_04,FAB_018,2027-M01,10060,Normal
MD_01889,PLANT_04,FAB_017,2026-M03,19164,Normal
MD_01890,PLANT_04,FAB_011,2027-M07,16936,Normal
MD_01891,PLANT_02,FAB_021,2027-M05,4982,High
MD_01892,PLANT_02,FAB_011,2027-M10,21509,High
MD_01893,PLANT_02,FAB_023,2027-M11,8695,High
MD_01894,PLANT_01,FAB_003,2026-M11,13993,Normal
MD_01895,PLANT_03,FAB_003,2026-M12,17803,High
MD_01896,PLANT_05,FAB_006,2027-M09,12768,Critical
MD_01897,PLANT_03,FAB_007,2026-M01,20795,Normal
MD_01898,PLANT_02,FAB_014,2027-M01,13953,Critical
MD_01899,PLANT_05,FAB_005,2027-M12,22730,Critical
MD_01900,PLANT_02,FAB_029,2027-M10,18496,Normal
MD_01901,PLANT_03,FAB_010,2027-M08,8249,Normal
MD_01902,PLANT_05,FAB_020,2026-M12,13116,High
MD_01903,PLANT_05,FAB_004,2027-M05,24087,Normal
MD_01904,PLANT_03,FAB_007,2027-M12,8710,High
MD_01905,PLANT_05,FAB_025,2026-M11,23234,Normal
MD_01906,PLANT_02,FAB_005,2026-M06,20746,High
MD_01907,PLANT_05,FAB_007,2026-M11,23256,High
MD_01908,PLANT_03,FAB_014,2026-M02,2433,High
MD_01909,PLANT_04,FAB_028,2026-M04,11576,Normal
MD_01910,PLANT_01,FAB_026,2026-M09,20306,Critical
MD_01911,PLANT_04,FAB_017,2027-M07,15092,High
MD_01912,PLANT_04,FAB_003,2027-M10,10636,High
MD_01913,PLANT_05,FAB_009,2027-M12,23807,High
MD_01914,PLANT_02,FAB_017,2027-M07,14988,Normal
MD_01915,PLANT_01,FAB_018,2026-M04,6212,Critical
MD_01916,PLANT_01,FAB_019,2027-M02,16754,Critical
MD_01917,PLANT_02,FAB_021,2027-M08,17822,Normal
MD_01918,PLANT_02,FAB_026,2027-M09,14448,Normal
MD_01919,PLANT_04,FAB_029,2027-M10,16371,Normal
MD_01920,PLANT_04,FAB_007,2026-M01,23159,Normal
MD_01921,PLANT_03,FAB_001,2027-M05,13928,Normal
MD_01922,PLANT_04,FAB_002,2027-M05,13232,Normal
MD_01923,PLANT_04,FAB_013,2027-M03,13140,Critical
MD_01924,PLANT_01,FAB_022,2027-M10,15088,Normal
MD_01925,PLANT_01,FAB_005,2027-M04,22906,High
MD_01926,PLANT_05,FAB_029,2027-M06,18640,High
MD_01927,PLANT_02,FAB_008,2027-M09,21358,High
MD_01928,PLANT_01,FAB_020,2026-M07,24447,Critical
MD_01929,PLANT_01,FAB_025,2026-M02,17744,Critical
MD_01930,PLANT_02,FAB_025,2027-M05,9960,High
MD_01931,PLANT_04,FAB_020,2027-M02,24945,Critical
MD_01932,PLANT_01,FAB_028,2026-M05,2290,Critical
MD_01933,PLANT_04,FAB_019,2026-M12,20649,High
MD_01934,PLANT_01,FAB_020,2026-M07,7205,Normal
MD_01935,PLANT_03,FAB_004,2027-M06,4755,Critical
MD_01936,PLANT_05,FAB_010,2026-M08,21789,High
MD_01937,PLANT_05,FAB_002,2026-M04,18180,Critical
MD_01938,PLANT_03,FAB_027,2026-M01,10003,Critical
MD_01939,PLANT_04,FAB_006,2027-M12,8095,Normal
MD_01940,PLANT_03,FAB_006,2027-M10,23453,Normal
MD_01941,PLANT_03,FAB_010,2026-M07,19788,Normal
MD_01942,PLANT_01,FAB_027,2027-M03,6231,Critical
MD_01943,PLANT_05,FAB_005,2026-M07,15806,High
MD_01944,PLANT_04,FAB_025,2027-M08,19241,Critical
MD_01945,PLANT_01,FAB_010,2027-M02,20346,High
MD_01946,PLANT_04,FAB_024,2026-M09,21690,Normal
MD_01947,PLANT_02,FAB_014,2026-M02,10244,Normal
MD_01948,PLANT_01,FAB_016,2026-M05,13844,Critical
MD_01949,PLANT_03,FAB_024,2026-M02,5096,High
MD_01950,PLANT_05,FAB_027,2027-M02,5259,Normal
MD_01951,PLANT_04,FAB_004,2026-M08,21517,Normal
MD_01952,PLANT_03,FAB_007,2027-M02,6237,High
MD_01953,PLANT_01,FAB_015,2027-M04,4699,Critical
MD_01954,PLANT_02,FAB_011,2026-M07,19020,Critical
MD_01955,PLANT_05,FAB_020,2026-M02,20601,High
MD_01956,PLANT_05,FAB_012,2027-M07,11544,Critical
MD_01957,PLANT_04,FAB_020,2027-M01,6948,Critical
MD_01958,PLANT_02,FAB_028,2026-M10,2260,High
MD_01959,PLANT_05,FAB_022,2026-M02,16519,Normal
MD_01960,PLANT_04,FAB_030,2026-M12,14869,Normal
MD_01961,PLANT_01,FAB_017,2027-M09,16826,Critical
MD_01962,PLANT_03,FAB_002,2027-M11,17691,Critical
MD_01963,PLANT_03,FAB_020,2027-M07,24353,Normal
MD_01964,PLANT_01,FAB_028,2026-M12,13759,Normal
MD_01965,PLANT_05,FAB_001,2026-M04,13625,Critical
MD_01966,PLANT_05,FAB_028,2027-M03,8280,High
MD_01967,PLANT_03,FAB_029,2026-M08,12703,Critical
MD_01968,PLANT_01,FAB_021,2027-M04,3531,Critical
MD_01969,PLANT_01,FAB_021,2027-M08,7177,Critical
MD_01970,PLANT_03,FAB_001,2027-M09,13598,Normal
MD_01971,PLANT_05,FAB_014,2027-M01,4580,Normal
MD_01972,PLANT_05,FAB_004,2027-M12,24597,High
MD_01973,PLANT_03,FAB_002,2026-M10,22685,Critical
MD_01974,PLANT_05,FAB_007,2027-M07,24212,Critical
MD_01975,PLANT_05,FAB_002,2026-M12,2214,High
MD_01976,PLANT_03,FAB_006,2026-M03,19179,High
MD_01977,PLANT_01,FAB_005,2026-M02,10164,Critical
MD_01978,PLANT_04,FAB_027,2026-M05,15941,High
MD_01979,PLANT_02,FAB_007,2027-M01,12891,High
MD_01980,PLANT_03,FAB_008,2027-M02,20561,High
MD_01981,PLANT_02,FAB_001,2027-M03,14127,High
MD_01982,PLANT_02,FAB_028,2026-M11,13365,Normal
MD_01983,PLANT_02,FAB_010,2027-M12,24741,Critical
MD_01984,PLANT_02,FAB_023,2027-M12,6349,High
MD_01985,PLANT_01,FAB_011,2027-M10,14826,Critical
MD_01986,PLANT_05,FAB_002,2027-M10,16848,Normal
MD_01987,PLANT_05,FAB_011,2027-M02,2245,Normal
MD_01988,PLANT_04,FAB_008,2027-M06,19420,Critical
MD_01989,PLANT_03,FAB_001,2027-M09,23224,Normal
MD_01990,PLANT_05,FAB_029,2026-M01,23995,High
MD_01991,PLANT_01,FAB_001,2026-M12,5831,Critical
MD_01992,PLANT_01,FAB_019,2026-M07,4775,Critical
MD_01993,PLANT_03,FAB_011,2026-M01,12205,Normal
MD_01994,PLANT_01,FAB_021,2026-M12,18546,Critical
MD_01995,PLANT_02,FAB_005,2027-M05,6818,High
MD_01996,PLANT_05,FAB_012,2027-M03,16675,Normal
MD_01997,PLANT_02,FAB_019,2027-M06,22864,Normal
MD_01998,PLANT_04,FAB_023,2026-M04,21956,Critical
MD_01999,PLANT_03,FAB_014,2026-M01,13265,Normal
MD_02000,PLANT_05,FAB_027,2026-M12,23111,Critical
